{
  "scenario": "S1_cost_only",
  "scenario_file": "config_qubo_S1.yaml",
  "seed": 1004,
  "ordering": "v = [x_1..x_N, y_1..y_M, z_1..z_K, t_0..t_{L-1}]",
  "N": 50,
  "M": 4,
  "K": 5,
  "L_reg_slack": 3,
  "n_total": 62,
  "x_range": [
    0,
    49
  ],
  "y_range": [
    50,
    53
  ],
  "z_range": [
    54,
    58
  ],
  "t_range": [
    59,
    61
  ],
  "C_scale": 75711.55177867021,
  "scale_factor": 10.0,
  "onehot_multiplier": 0.5,
  "reg_multiplier": 1.1,
  "A_base": 757115.5177867021,
  "A_onehot": 378557.75889335107,
  "B_reg": 832827.0695653724,
  "lambda_risk": 0.0,
  "R_size": 7,
  "Rmin": 5,
  "R_indices_zero_based": [
    3,
    10,
    13,
    25,
    27,
    38,
    40
  ],
  "R_feature_ids_1based": [
    4,
    11,
    14,
    26,
    28,
    39,
    41,
    53,
    55,
    62,
    71,
    76,
    81,
    91,
    94,
    101,
    111,
    118,
    126,
    127,
    140,
    145,
    147,
    154,
    162,
    168,
    180,
    184,
    192,
    199,
    204,
    207,
    214,
    225,
    232,
    239,
    245,
    250,
    260,
    266,
    272,
    274,
    283,
    289,
    299
  ],
  "premium_bands": [
    1200.0,
    1400.0,
    1500.0,
    1800.0,
    2000.0
  ],
  "deductible_bands": [
    0.0,
    150.0,
    300.0,
    600.0
  ],
  "affordability_enabled": false,
  "disallow_premium_bands": [],
  "disallow_penalty_multiplier": 100.0,
  "D_affordability": null,
  "use_tight_regulation": false,
  "qubo_file": "qubo_Q_S1_cost_only_N50.npz",
  "regulation_encoding": "surplus T>=0 with (sum_{i in R} x_i) - (sum_l 2^l t_l) = Rmin",
  "diagnostics": {
    "cfg_hash_sha256": "20c1cd94488251354ac37ba304ad132b6c83d69af9ead9719f72d55beb167b2a",
    "C_scale": 75711.55177867021,
    "scale_factor": 10.0,
    "A_base": 757115.5177867021,
    "A_onehot": 378557.75889335107,
    "B_reg": 832827.0695653724,
    "onehot_multiplier": 0.5,
    "reg_multiplier": 1.1,
    "objective_magnitude_bound": 77711.55177867021,
    "A_over_obj_bound": 4.871319002501958,
    "B_over_obj_bound": 10.71690180550431,
    "premium_max_abs": 2000.0,
    "sigma_abs_sum": 2003454781.6778202,
    "R_size": 7,
    "Rmin": 5,
    "affordability_enabled": false,
    "disallow_penalty_multiplier": 100.0,
    "D_is_scaled_to_A_base_not_A": true,
    "Q_condition_number": 406081.2234713975,
    "Q_eigenvalue_min": -8327920.20913264,
    "Q_eigenvalue_max": 50353608.94048891,
    "Q_eigenvalue_range": [
      -8327920.20913264,
      50353608.94048891
    ],
    "Q_eigenvalue_percentiles": {
      "p0": -8327920.20913264,
      "p25": 169.57350562256812,
      "p50": 894.3576913165933,
      "p75": 2260.4350539176294,
      "p100": 50353608.94048891
    },
    "Q_eigenvalue_count_negative": 14,
    "Q_eigenvalue_count_positive": 48,
    "Q_eigenvalue_count_near_zero": 0,
    "note": "Condition number measures numerical stability; bounded growth with N suggests stable QUBO structure."
  }
}