{
  "scenario": "S3_tight_regulation",
  "scenario_file": "config_qubo_S3.yaml",
  "seed": 1004,
  "ordering": "v = [x_1..x_N, y_1..y_M, z_1..z_K, t_0..t_{L-1}]",
  "N": 40,
  "M": 4,
  "K": 5,
  "L_reg_slack": 3,
  "n_total": 52,
  "x_range": [
    0,
    39
  ],
  "y_range": [
    40,
    43
  ],
  "z_range": [
    44,
    48
  ],
  "t_range": [
    49,
    51
  ],
  "C_scale": 62070.98109635686,
  "scale_factor": 10.0,
  "onehot_multiplier": 0.5,
  "reg_multiplier": 1.0,
  "A_base": 620709.8109635686,
  "A_onehot": 310354.9054817843,
  "B_reg": 620709.8109635686,
  "lambda_risk": 0.0,
  "R_size": 6,
  "Rmin": 6,
  "R_indices_zero_based": [
    3,
    10,
    13,
    25,
    27,
    38
  ],
  "R_feature_ids_1based": [
    4,
    11,
    14,
    26,
    28,
    39,
    41,
    53,
    55,
    62,
    71,
    76,
    81,
    91,
    94,
    101,
    111,
    118,
    126,
    127,
    140,
    145,
    147,
    154,
    162,
    168,
    180,
    184,
    192,
    199,
    204,
    207,
    214,
    225,
    232,
    239,
    245,
    250,
    260,
    266,
    272,
    274,
    283,
    289,
    299
  ],
  "premium_bands": [
    1200.0,
    1400.0,
    1500.0,
    1800.0,
    2000.0
  ],
  "deductible_bands": [
    0.0,
    150.0,
    300.0,
    600.0
  ],
  "affordability_enabled": false,
  "disallow_premium_bands": [],
  "disallow_penalty_multiplier": 100.0,
  "D_affordability": null,
  "use_tight_regulation": true,
  "qubo_file": "qubo_Q_S3_tight_regulation_N40.npz",
  "regulation_encoding": "surplus T>=0 with (sum_{i in R} x_i) - (sum_l 2^l t_l) = Rmin",
  "diagnostics": {
    "cfg_hash_sha256": "b0185a4d870332bdb9064bb52ec64500623f8ea905b0b36758bacb611a60941e",
    "C_scale": 62070.98109635686,
    "scale_factor": 10.0,
    "A_base": 620709.8109635686,
    "A_onehot": 310354.9054817843,
    "B_reg": 620709.8109635686,
    "onehot_multiplier": 0.5,
    "reg_multiplier": 1.0,
    "objective_magnitude_bound": 64070.98109635686,
    "A_over_obj_bound": 4.8439231017086986,
    "B_over_obj_bound": 9.687846203417397,
    "premium_max_abs": 2000.0,
    "sigma_abs_sum": 1417405802.90749,
    "R_size": 6,
    "Rmin": 6,
    "affordability_enabled": false,
    "disallow_penalty_multiplier": 100.0,
    "D_is_scaled_to_A_base_not_A": true,
    "Q_condition_number": 338549.93298747943,
    "Q_eigenvalue_min": -7448063.049353006,
    "Q_eigenvalue_max": 41979805.87974543,
    "Q_eigenvalue_range": [
      -7448063.049353006,
      41979805.87974543
    ],
    "Q_eigenvalue_percentiles": {
      "p0": -7448063.049353006,
      "p25": -155084.45359559037,
      "p50": 894.3576913118288,
      "p75": 2497.877167390052,
      "p100": 41979805.87974543
    },
    "Q_eigenvalue_count_negative": 13,
    "Q_eigenvalue_count_positive": 39,
    "Q_eigenvalue_count_near_zero": 0,
    "note": "Condition number measures numerical stability; bounded growth with N suggests stable QUBO structure."
  }
}