{
  "scenario": "S2_risk_adjusted",
  "scenario_file": "config_qubo_S2.yaml",
  "seed": 1004,
  "ordering": "v = [x_1..x_N, y_1..y_M, z_1..z_K, t_0..t_{L-1}]",
  "N": 50,
  "M": 4,
  "K": 5,
  "L_reg_slack": 3,
  "n_total": 62,
  "x_range": [
    0,
    49
  ],
  "y_range": [
    50,
    53
  ],
  "z_range": [
    54,
    58
  ],
  "t_range": [
    59,
    61
  ],
  "C_scale": 75711.55177867021,
  "scale_factor": 10.0,
  "onehot_multiplier": 0.5,
  "reg_multiplier": 1.0,
  "A_base": 757115.5177867021,
  "A_onehot": 378557.75889335107,
  "B_reg": 757115.5177867021,
  "lambda_risk": 0.11000000000000001,
  "R_size": 7,
  "Rmin": 5,
  "R_indices_zero_based": [
    3,
    10,
    13,
    25,
    27,
    38,
    40
  ],
  "R_feature_ids_1based": [
    4,
    11,
    14,
    26,
    28,
    39,
    41,
    53,
    55,
    62,
    71,
    76,
    81,
    91,
    94,
    101,
    111,
    118,
    126,
    127,
    140,
    145,
    147,
    154,
    162,
    168,
    180,
    184,
    192,
    199,
    204,
    207,
    214,
    225,
    232,
    239,
    245,
    250,
    260,
    266,
    272,
    274,
    283,
    289,
    299
  ],
  "premium_bands": [
    1200.0,
    1400.0,
    1500.0,
    1800.0,
    2000.0
  ],
  "deductible_bands": [
    0.0,
    150.0,
    300.0,
    600.0
  ],
  "affordability_enabled": false,
  "disallow_premium_bands": [],
  "disallow_penalty_multiplier": 100.0,
  "D_affordability": null,
  "use_tight_regulation": false,
  "qubo_file": "qubo_Q_S2_risk_adjusted_N50.npz",
  "regulation_encoding": "surplus T>=0 with (sum_{i in R} x_i) - (sum_l 2^l t_l) = Rmin",
  "diagnostics": {
    "cfg_hash_sha256": "d798d0966bedcf6e5b84fdf8b663be5d275d6c762a9bcb2e4d362f542acfa7d2",
    "C_scale": 75711.55177867021,
    "scale_factor": 10.0,
    "A_base": 757115.5177867021,
    "A_onehot": 378557.75889335107,
    "B_reg": 757115.5177867021,
    "onehot_multiplier": 0.5,
    "reg_multiplier": 1.0,
    "objective_magnitude_bound": 220457737.53633893,
    "A_over_obj_bound": 0.0017171443521275904,
    "B_over_obj_bound": 0.003434288704255181,
    "premium_max_abs": 2000.0,
    "sigma_abs_sum": 2003454781.6778202,
    "R_size": 7,
    "Rmin": 5,
    "affordability_enabled": false,
    "disallow_penalty_multiplier": 100.0,
    "D_is_scaled_to_A_base_not_A": true,
    "Q_condition_number": 1315.2122366675537,
    "Q_eigenvalue_min": -11396927.720793655,
    "Q_eigenvalue_max": 45943571.8047307,
    "Q_eigenvalue_range": [
      -11396927.720793655,
      45943571.8047307
    ],
    "Q_eigenvalue_percentiles": {
      "p0": -11396927.720793655,
      "p25": -757115.5177867017,
      "p50": 265164.35747734003,
      "p75": 1356134.9439540687,
      "p100": 45943571.8047307
    },
    "Q_eigenvalue_count_negative": 19,
    "Q_eigenvalue_count_positive": 43,
    "Q_eigenvalue_count_near_zero": 0,
    "note": "Condition number measures numerical stability; bounded growth with N suggests stable QUBO structure."
  }
}