{
  "scenario": "S2_risk_adjusted",
  "scenario_file": "config_qubo_S2.yaml",
  "seed": 1004,
  "ordering": "v = [x_1..x_N, y_1..y_M, z_1..z_K, t_0..t_{L-1}]",
  "N": 40,
  "M": 4,
  "K": 5,
  "L_reg_slack": 3,
  "n_total": 52,
  "x_range": [
    0,
    39
  ],
  "y_range": [
    40,
    43
  ],
  "z_range": [
    44,
    48
  ],
  "t_range": [
    49,
    51
  ],
  "C_scale": 62070.98109635686,
  "scale_factor": 10.0,
  "onehot_multiplier": 0.5,
  "reg_multiplier": 1.0,
  "A_base": 620709.8109635686,
  "A_onehot": 310354.9054817843,
  "B_reg": 620709.8109635686,
  "lambda_risk": 0.1,
  "R_size": 6,
  "Rmin": 4,
  "R_indices_zero_based": [
    3,
    10,
    13,
    25,
    27,
    38
  ],
  "R_feature_ids_1based": [
    4,
    11,
    14,
    26,
    28,
    39,
    41,
    53,
    55,
    62,
    71,
    76,
    81,
    91,
    94,
    101,
    111,
    118,
    126,
    127,
    140,
    145,
    147,
    154,
    162,
    168,
    180,
    184,
    192,
    199,
    204,
    207,
    214,
    225,
    232,
    239,
    245,
    250,
    260,
    266,
    272,
    274,
    283,
    289,
    299
  ],
  "premium_bands": [
    1200.0,
    1400.0,
    1500.0,
    1800.0,
    2000.0
  ],
  "deductible_bands": [
    0.0,
    150.0,
    300.0,
    600.0
  ],
  "affordability_enabled": false,
  "disallow_premium_bands": [],
  "disallow_penalty_multiplier": 100.0,
  "D_affordability": null,
  "use_tight_regulation": false,
  "qubo_file": "qubo_Q_S2_risk_adjusted_N40.npz",
  "regulation_encoding": "surplus T>=0 with (sum_{i in R} x_i) - (sum_l 2^l t_l) = Rmin",
  "diagnostics": {
    "cfg_hash_sha256": "e32d76c31e6660fbb638a932a7f4d3a8fdb1aac8e41a3e6368dac12bc43633d0",
    "C_scale": 62070.98109635686,
    "scale_factor": 10.0,
    "A_base": 620709.8109635686,
    "A_onehot": 310354.9054817843,
    "B_reg": 620709.8109635686,
    "onehot_multiplier": 0.5,
    "reg_multiplier": 1.0,
    "objective_magnitude_bound": 141804651.27184537,
    "A_over_obj_bound": 0.0021886087846781635,
    "B_over_obj_bound": 0.004377217569356327,
    "premium_max_abs": 2000.0,
    "sigma_abs_sum": 1417405802.90749,
    "R_size": 6,
    "Rmin": 4,
    "affordability_enabled": false,
    "disallow_penalty_multiplier": 100.0,
    "D_is_scaled_to_A_base_not_A": true,
    "Q_condition_number": 27120.64646727853,
    "Q_eigenvalue_min": -8464061.415733442,
    "Q_eigenvalue_max": 32970345.415550962,
    "Q_eigenvalue_range": [
      -8464061.415733442,
      32970345.415550962
    ],
    "Q_eigenvalue_percentiles": {
      "p0": -8464061.415733442,
      "p25": -620709.8109635685,
      "p50": 256746.04401387332,
      "p75": 1172963.5217099797,
      "p100": 32970345.415550962
    },
    "Q_eigenvalue_count_negative": 15,
    "Q_eigenvalue_count_positive": 37,
    "Q_eigenvalue_count_near_zero": 0,
    "note": "Condition number measures numerical stability; bounded growth with N suggests stable QUBO structure."
  }
}