{
  "scenario": "S4_affordability",
  "scenario_file": "config_qubo_S4.yaml",
  "seed": 1004,
  "ordering": "v = [x_1..x_N, y_1..y_M, z_1..z_K, t_0..t_{L-1}]",
  "N": 20,
  "M": 4,
  "K": 5,
  "L_reg_slack": 2,
  "n_total": 31,
  "x_range": [
    0,
    19
  ],
  "y_range": [
    20,
    23
  ],
  "z_range": [
    24,
    28
  ],
  "t_range": [
    29,
    30
  ],
  "C_scale": 28138.826177015835,
  "scale_factor": 10.0,
  "onehot_multiplier": 0.5,
  "reg_multiplier": 1.0,
  "A_base": 281388.26177015837,
  "A_onehot": 140694.13088507918,
  "B_reg": 281388.26177015837,
  "lambda_risk": 0.0,
  "R_size": 3,
  "Rmin": 2,
  "R_indices_zero_based": [
    3,
    10,
    13
  ],
  "R_feature_ids_1based": [
    4,
    11,
    14,
    26,
    28,
    39,
    41,
    53,
    55,
    62,
    71,
    76,
    81,
    91,
    94,
    101,
    111,
    118,
    126,
    127,
    140,
    145,
    147,
    154,
    162,
    168,
    180,
    184,
    192,
    199,
    204,
    207,
    214,
    225,
    232,
    239,
    245,
    250,
    260,
    266,
    272,
    274,
    283,
    289,
    299
  ],
  "premium_bands": [
    1200.0,
    1400.0,
    1500.0,
    1800.0,
    2000.0
  ],
  "deductible_bands": [
    0.0,
    150.0,
    300.0,
    600.0
  ],
  "affordability_enabled": true,
  "disallow_premium_bands": [
    4,
    5
  ],
  "disallow_penalty_multiplier": 100.0,
  "D_affordability": 28138826.177015837,
  "use_tight_regulation": false,
  "qubo_file": "qubo_Q_S4_affordability_N20.npz",
  "regulation_encoding": "surplus T>=0 with (sum_{i in R} x_i) - (sum_l 2^l t_l) = Rmin",
  "diagnostics": {
    "cfg_hash_sha256": "3de20d739e226686b60c5f8f5dd6e548d39b8c034e4665222e82c2d56e4a1249",
    "C_scale": 28138.826177015835,
    "scale_factor": 10.0,
    "A_base": 281388.26177015837,
    "A_onehot": 140694.13088507918,
    "B_reg": 281388.26177015837,
    "onehot_multiplier": 0.5,
    "reg_multiplier": 1.0,
    "objective_magnitude_bound": 30138.826177015835,
    "A_over_obj_bound": 4.668202074584242,
    "B_over_obj_bound": 9.336404149168484,
    "premium_max_abs": 2000.0,
    "sigma_abs_sum": 277024892.6443345,
    "R_size": 3,
    "Rmin": 2,
    "affordability_enabled": true,
    "disallow_penalty_multiplier": 100.0,
    "D_is_scaled_to_A_base_not_A": true,
    "Q_condition_number": 167372.2439222769,
    "Q_eigenvalue_min": -1124990.667881282,
    "Q_eigenvalue_max": 28141167.684367348,
    "Q_eigenvalue_range": [
      -1124990.667881282,
      28141167.684367348
    ],
    "Q_eigenvalue_percentiles": {
      "p0": -1124990.667881282,
      "p25": -140610.06327917,
      "p50": 951.2421772832625,
      "p75": 3138.638415839765,
      "p100": 28141167.684367348
    },
    "Q_eigenvalue_count_negative": 8,
    "Q_eigenvalue_count_positive": 23,
    "Q_eigenvalue_count_near_zero": 0,
    "note": "Condition number measures numerical stability; bounded growth with N suggests stable QUBO structure.",
    "D_affordability": 28138826.177015837,
    "D_over_premium_max_abs": 14069.41308850792,
    "D_over_obj_bound": 933.6404149168484
  }
}