{
  "scenario": "S1_cost_only",
  "scenario_file": "config_qubo_S1.yaml",
  "seed": 1004,
  "ordering": "v = [x_1..x_N, y_1..y_M, z_1..z_K, t_0..t_{L-1}]",
  "N": 30,
  "M": 4,
  "K": 5,
  "L_reg_slack": 2,
  "n_total": 41,
  "x_range": [
    0,
    29
  ],
  "y_range": [
    30,
    33
  ],
  "z_range": [
    34,
    38
  ],
  "t_range": [
    39,
    40
  ],
  "C_scale": 46384.44221364653,
  "scale_factor": 10.0,
  "onehot_multiplier": 0.5,
  "reg_multiplier": 1.0,
  "A_base": 463844.4221364653,
  "A_onehot": 231922.21106823266,
  "B_reg": 463844.4221364653,
  "lambda_risk": 0.0,
  "R_size": 5,
  "Rmin": 3,
  "R_indices_zero_based": [
    3,
    10,
    13,
    25,
    27
  ],
  "R_feature_ids_1based": [
    4,
    11,
    14,
    26,
    28,
    39,
    41,
    53,
    55,
    62,
    71,
    76,
    81,
    91,
    94,
    101,
    111,
    118,
    126,
    127,
    140,
    145,
    147,
    154,
    162,
    168,
    180,
    184,
    192,
    199,
    204,
    207,
    214,
    225,
    232,
    239,
    245,
    250,
    260,
    266,
    272,
    274,
    283,
    289,
    299
  ],
  "premium_bands": [
    1200.0,
    1400.0,
    1500.0,
    1800.0,
    2000.0
  ],
  "deductible_bands": [
    0.0,
    150.0,
    300.0,
    600.0
  ],
  "affordability_enabled": false,
  "disallow_premium_bands": [],
  "disallow_penalty_multiplier": 100.0,
  "D_affordability": null,
  "use_tight_regulation": false,
  "qubo_file": "qubo_Q_S1_cost_only_N30.npz",
  "regulation_encoding": "surplus T>=0 with (sum_{i in R} x_i) - (sum_l 2^l t_l) = Rmin",
  "diagnostics": {
    "cfg_hash_sha256": "cdfac6c6101c99826c10dff146407c19a944cf1234a2db56a96853883bb48f6e",
    "C_scale": 46384.44221364653,
    "scale_factor": 10.0,
    "A_base": 463844.4221364653,
    "A_onehot": 231922.21106823266,
    "B_reg": 463844.4221364653,
    "onehot_multiplier": 0.5,
    "reg_multiplier": 1.0,
    "objective_magnitude_bound": 48384.44221364653,
    "A_over_obj_bound": 4.7933219947882435,
    "B_over_obj_bound": 9.586643989576487,
    "premium_max_abs": 2000.0,
    "sigma_abs_sum": 1049091857.8067663,
    "R_size": 5,
    "Rmin": 3,
    "affordability_enabled": false,
    "disallow_penalty_multiplier": 100.0,
    "D_is_scaled_to_A_base_not_A": true,
    "Q_condition_number": 66163.4883353754,
    "Q_eigenvalue_min": -2782569.1223272546,
    "Q_eigenvalue_max": 8204197.153741394,
    "Q_eigenvalue_range": [
      -2782569.1223272546,
      8204197.153741394
    ],
    "Q_eigenvalue_percentiles": {
      "p0": -2782569.1223272546,
      "p25": -463844.42213646555,
      "p50": 708.0372943446733,
      "p75": 2472.3613151766253,
      "p100": 8204197.153741394
    },
    "Q_eigenvalue_count_negative": 12,
    "Q_eigenvalue_count_positive": 29,
    "Q_eigenvalue_count_near_zero": 0,
    "note": "Condition number measures numerical stability; bounded growth with N suggests stable QUBO structure."
  }
}