{
  "scenario": "S3_tight_regulation",
  "scenario_file": "config_qubo_S3.yaml",
  "seed": 1004,
  "ordering": "v = [x_1..x_N, y_1..y_M, z_1..z_K, t_0..t_{L-1}]",
  "N": 20,
  "M": 4,
  "K": 5,
  "L_reg_slack": 2,
  "n_total": 31,
  "x_range": [
    0,
    19
  ],
  "y_range": [
    20,
    23
  ],
  "z_range": [
    24,
    28
  ],
  "t_range": [
    29,
    30
  ],
  "C_scale": 28138.826177015835,
  "scale_factor": 10.0,
  "onehot_multiplier": 0.5,
  "reg_multiplier": 1.0,
  "A_base": 281388.26177015837,
  "A_onehot": 140694.13088507918,
  "B_reg": 281388.26177015837,
  "lambda_risk": 0.0,
  "R_size": 3,
  "Rmin": 3,
  "R_indices_zero_based": [
    3,
    10,
    13
  ],
  "R_feature_ids_1based": [
    4,
    11,
    14,
    26,
    28,
    39,
    41,
    53,
    55,
    62,
    71,
    76,
    81,
    91,
    94,
    101,
    111,
    118,
    126,
    127,
    140,
    145,
    147,
    154,
    162,
    168,
    180,
    184,
    192,
    199,
    204,
    207,
    214,
    225,
    232,
    239,
    245,
    250,
    260,
    266,
    272,
    274,
    283,
    289,
    299
  ],
  "premium_bands": [
    1200.0,
    1400.0,
    1500.0,
    1800.0,
    2000.0
  ],
  "deductible_bands": [
    0.0,
    150.0,
    300.0,
    600.0
  ],
  "affordability_enabled": false,
  "disallow_premium_bands": [],
  "disallow_penalty_multiplier": 100.0,
  "D_affordability": null,
  "use_tight_regulation": true,
  "qubo_file": "qubo_Q_S3_tight_regulation_N20.npz",
  "regulation_encoding": "surplus T>=0 with (sum_{i in R} x_i) - (sum_l 2^l t_l) = Rmin",
  "diagnostics": {
    "cfg_hash_sha256": "3e95e1edd0f2b08c968cffb3896b927555405b32726535cec9ca05e4910b5ded",
    "C_scale": 28138.826177015835,
    "scale_factor": 10.0,
    "A_base": 281388.26177015837,
    "A_onehot": 140694.13088507918,
    "B_reg": 281388.26177015837,
    "onehot_multiplier": 0.5,
    "reg_multiplier": 1.0,
    "objective_magnitude_bound": 30138.826177015835,
    "A_over_obj_bound": 4.668202074584242,
    "B_over_obj_bound": 9.336404149168484,
    "premium_max_abs": 2000.0,
    "sigma_abs_sum": 277024892.6443345,
    "R_size": 3,
    "Rmin": 3,
    "affordability_enabled": false,
    "disallow_penalty_multiplier": 100.0,
    "D_is_scaled_to_A_base_not_A": true,
    "Q_condition_number": 28661.468649131013,
    "Q_eigenvalue_min": -1687767.142348165,
    "Q_eigenvalue_max": 4819002.102347347,
    "Q_eigenvalue_range": [
      -1687767.142348165,
      4819002.102347347
    ],
    "Q_eigenvalue_percentiles": {
      "p0": -1687767.142348165,
      "p25": -281388.2617701586,
      "p50": 863.9622778597623,
      "p75": 2480.8603890523764,
      "p100": 4819002.102347347
    },
    "Q_eigenvalue_count_negative": 10,
    "Q_eigenvalue_count_positive": 21,
    "Q_eigenvalue_count_near_zero": 0,
    "note": "Condition number measures numerical stability; bounded growth with N suggests stable QUBO structure."
  }
}