{
  "scenario": "S3_tight_regulation",
  "scenario_file": "config_qubo_S3.yaml",
  "seed": 1015,
  "ordering": "v = [x_1..x_N, y_1..y_M, z_1..z_K, t_0..t_{L-1}]",
  "N": 50,
  "M": 4,
  "K": 5,
  "L_reg_slack": 3,
  "n_total": 62,
  "x_range": [
    0,
    49
  ],
  "y_range": [
    50,
    53
  ],
  "z_range": [
    54,
    58
  ],
  "t_range": [
    59,
    61
  ],
  "C_scale": 66249.6799650675,
  "scale_factor": 10.0,
  "onehot_multiplier": 0.5,
  "reg_multiplier": 1.0,
  "A_base": 662496.7996506749,
  "A_onehot": 331248.39982533746,
  "B_reg": 662496.7996506749,
  "lambda_risk": 0.0,
  "R_size": 7,
  "Rmin": 6,
  "R_indices_zero_based": [
    3,
    12,
    14,
    24,
    27,
    33,
    40
  ],
  "R_feature_ids_1based": [
    4,
    13,
    15,
    25,
    28,
    34,
    41,
    51,
    54,
    63,
    71,
    78,
    83,
    90,
    96,
    102,
    113,
    115,
    121,
    128,
    135,
    144,
    149,
    158,
    161,
    167,
    174,
    181,
    191,
    198,
    201,
    211,
    216,
    223,
    227,
    239,
    244,
    253,
    260,
    264,
    271,
    278,
    285,
    290,
    296
  ],
  "premium_bands": [
    1200.0,
    1400.0,
    1500.0,
    1800.0,
    2000.0
  ],
  "deductible_bands": [
    0.0,
    150.0,
    300.0,
    600.0
  ],
  "affordability_enabled": false,
  "disallow_premium_bands": [],
  "disallow_penalty_multiplier": 100.0,
  "D_affordability": null,
  "use_tight_regulation": true,
  "qubo_file": "qubo_Q_S3_tight_regulation_N50.npz",
  "regulation_encoding": "surplus T>=0 with (sum_{i in R} x_i) - (sum_l 2^l t_l) = Rmin",
  "diagnostics": {
    "cfg_hash_sha256": "77fdb453e2d68026e40802658c0361400310a4316643ade901940bdc8a772234",
    "C_scale": 66249.6799650675,
    "scale_factor": 10.0,
    "A_base": 662496.7996506749,
    "A_onehot": 331248.39982533746,
    "B_reg": 662496.7996506749,
    "onehot_multiplier": 0.5,
    "reg_multiplier": 1.0,
    "objective_magnitude_bound": 68249.6799650675,
    "A_over_obj_bound": 4.8534791664207315,
    "B_over_obj_bound": 9.706958332841463,
    "premium_max_abs": 2000.0,
    "sigma_abs_sum": 704589133.7399035,
    "R_size": 7,
    "Rmin": 6,
    "affordability_enabled": false,
    "disallow_penalty_multiplier": 100.0,
    "D_is_scaled_to_A_base_not_A": true,
    "Q_condition_number": 351187.10327012563,
    "Q_eigenvalue_min": -7949081.194077918,
    "Q_eigenvalue_max": 44993180.003312916,
    "Q_eigenvalue_range": [
      -7949081.194077918,
      44993180.003312916
    ],
    "Q_eigenvalue_percentiles": {
      "p0": -7949081.194077918,
      "p25": 145.31491508958644,
      "p50": 631.4014881820895,
      "p75": 1934.9428542101177,
      "p100": 44993180.003312916
    },
    "Q_eigenvalue_count_negative": 14,
    "Q_eigenvalue_count_positive": 48,
    "Q_eigenvalue_count_near_zero": 0,
    "note": "Condition number measures numerical stability; bounded growth with N suggests stable QUBO structure."
  }
}