{
  "scenario": "S4_affordability",
  "scenario_file": "config_qubo_S4.yaml",
  "seed": 1015,
  "ordering": "v = [x_1..x_N, y_1..y_M, z_1..z_K, t_0..t_{L-1}]",
  "N": 20,
  "M": 4,
  "K": 5,
  "L_reg_slack": 2,
  "n_total": 31,
  "x_range": [
    0,
    19
  ],
  "y_range": [
    20,
    23
  ],
  "z_range": [
    24,
    28
  ],
  "t_range": [
    29,
    30
  ],
  "C_scale": 27448.364934869347,
  "scale_factor": 10.0,
  "onehot_multiplier": 0.5,
  "reg_multiplier": 1.0,
  "A_base": 274483.6493486935,
  "A_onehot": 137241.82467434675,
  "B_reg": 274483.6493486935,
  "lambda_risk": 0.0,
  "R_size": 3,
  "Rmin": 2,
  "R_indices_zero_based": [
    3,
    12,
    14
  ],
  "R_feature_ids_1based": [
    4,
    13,
    15,
    25,
    28,
    34,
    41,
    51,
    54,
    63,
    71,
    78,
    83,
    90,
    96,
    102,
    113,
    115,
    121,
    128,
    135,
    144,
    149,
    158,
    161,
    167,
    174,
    181,
    191,
    198,
    201,
    211,
    216,
    223,
    227,
    239,
    244,
    253,
    260,
    264,
    271,
    278,
    285,
    290,
    296
  ],
  "premium_bands": [
    1200.0,
    1400.0,
    1500.0,
    1800.0,
    2000.0
  ],
  "deductible_bands": [
    0.0,
    150.0,
    300.0,
    600.0
  ],
  "affordability_enabled": true,
  "disallow_premium_bands": [
    4,
    5
  ],
  "disallow_penalty_multiplier": 100.0,
  "D_affordability": 27448364.93486935,
  "use_tight_regulation": false,
  "qubo_file": "qubo_Q_S4_affordability_N20.npz",
  "regulation_encoding": "surplus T>=0 with (sum_{i in R} x_i) - (sum_l 2^l t_l) = Rmin",
  "diagnostics": {
    "cfg_hash_sha256": "35c3842e229a58152bf8bdb35cba58ae43b055302fd0e86f7a8aac3fd2349fe9",
    "C_scale": 27448.364934869347,
    "scale_factor": 10.0,
    "A_base": 274483.6493486935,
    "A_onehot": 137241.82467434675,
    "B_reg": 274483.6493486935,
    "onehot_multiplier": 0.5,
    "reg_multiplier": 1.0,
    "objective_magnitude_bound": 29448.364934869347,
    "A_over_obj_bound": 4.660422572794215,
    "B_over_obj_bound": 9.32084514558843,
    "premium_max_abs": 2000.0,
    "sigma_abs_sum": 192299734.06409794,
    "R_size": 3,
    "Rmin": 2,
    "affordability_enabled": true,
    "disallow_penalty_multiplier": 100.0,
    "D_is_scaled_to_A_base_not_A": true,
    "Q_condition_number": 193172.5829789757,
    "Q_eigenvalue_min": -1096796.926023346,
    "Q_eigenvalue_max": 27450602.369232927,
    "Q_eigenvalue_range": [
      -1096796.926023346,
      27450602.369232927
    ],
    "Q_eigenvalue_percentiles": {
      "p0": -1096796.926023346,
      "p25": -137170.77265975412,
      "p50": 719.8269641117859,
      "p75": 2662.8288393742982,
      "p100": 27450602.369232927
    },
    "Q_eigenvalue_count_negative": 8,
    "Q_eigenvalue_count_positive": 23,
    "Q_eigenvalue_count_near_zero": 0,
    "note": "Condition number measures numerical stability; bounded growth with N suggests stable QUBO structure.",
    "D_affordability": 27448364.93486935,
    "D_over_premium_max_abs": 13724.182467434675,
    "D_over_obj_bound": 932.084514558843
  }
}