{
  "scenario": "S3_tight_regulation",
  "scenario_file": "config_qubo_S3.yaml",
  "seed": 1015,
  "ordering": "v = [x_1..x_N, y_1..y_M, z_1..z_K, t_0..t_{L-1}]",
  "N": 20,
  "M": 4,
  "K": 5,
  "L_reg_slack": 2,
  "n_total": 31,
  "x_range": [
    0,
    19
  ],
  "y_range": [
    20,
    23
  ],
  "z_range": [
    24,
    28
  ],
  "t_range": [
    29,
    30
  ],
  "C_scale": 27448.364934869347,
  "scale_factor": 10.0,
  "onehot_multiplier": 0.5,
  "reg_multiplier": 1.0,
  "A_base": 274483.6493486935,
  "A_onehot": 137241.82467434675,
  "B_reg": 274483.6493486935,
  "lambda_risk": 0.0,
  "R_size": 3,
  "Rmin": 3,
  "R_indices_zero_based": [
    3,
    12,
    14
  ],
  "R_feature_ids_1based": [
    4,
    13,
    15,
    25,
    28,
    34,
    41,
    51,
    54,
    63,
    71,
    78,
    83,
    90,
    96,
    102,
    113,
    115,
    121,
    128,
    135,
    144,
    149,
    158,
    161,
    167,
    174,
    181,
    191,
    198,
    201,
    211,
    216,
    223,
    227,
    239,
    244,
    253,
    260,
    264,
    271,
    278,
    285,
    290,
    296
  ],
  "premium_bands": [
    1200.0,
    1400.0,
    1500.0,
    1800.0,
    2000.0
  ],
  "deductible_bands": [
    0.0,
    150.0,
    300.0,
    600.0
  ],
  "affordability_enabled": false,
  "disallow_premium_bands": [],
  "disallow_penalty_multiplier": 100.0,
  "D_affordability": null,
  "use_tight_regulation": true,
  "qubo_file": "qubo_Q_S3_tight_regulation_N20.npz",
  "regulation_encoding": "surplus T>=0 with (sum_{i in R} x_i) - (sum_l 2^l t_l) = Rmin",
  "diagnostics": {
    "cfg_hash_sha256": "1e98de387a2b8d6365384bcd25cbcb345cd299589d2affe9c339ad9c82522c4c",
    "C_scale": 27448.364934869347,
    "scale_factor": 10.0,
    "A_base": 274483.6493486935,
    "A_onehot": 137241.82467434675,
    "B_reg": 274483.6493486935,
    "onehot_multiplier": 0.5,
    "reg_multiplier": 1.0,
    "objective_magnitude_bound": 29448.364934869347,
    "A_over_obj_bound": 4.660422572794215,
    "B_over_obj_bound": 9.32084514558843,
    "premium_max_abs": 2000.0,
    "sigma_abs_sum": 192299734.06409794,
    "R_size": 3,
    "Rmin": 3,
    "affordability_enabled": false,
    "disallow_penalty_multiplier": 100.0,
    "D_is_scaled_to_A_base_not_A": true,
    "Q_condition_number": 33079.74164800459,
    "Q_eigenvalue_min": -1645764.1243272398,
    "Q_eigenvalue_max": 4700764.572541568,
    "Q_eigenvalue_range": [
      -1645764.1243272398,
      4700764.572541568
    ],
    "Q_eigenvalue_percentiles": {
      "p0": -1645764.1243272398,
      "p25": -274483.64934869367,
      "p50": 540.3178705359262,
      "p75": 2482.9722934600995,
      "p100": 4700764.572541568
    },
    "Q_eigenvalue_count_negative": 10,
    "Q_eigenvalue_count_positive": 21,
    "Q_eigenvalue_count_near_zero": 0,
    "note": "Condition number measures numerical stability; bounded growth with N suggests stable QUBO structure."
  }
}