{
  "scenario": "S4_affordability",
  "scenario_file": "config_qubo_S4.yaml",
  "seed": 1015,
  "ordering": "v = [x_1..x_N, y_1..y_M, z_1..z_K, t_0..t_{L-1}]",
  "N": 30,
  "M": 4,
  "K": 5,
  "L_reg_slack": 2,
  "n_total": 41,
  "x_range": [
    0,
    29
  ],
  "y_range": [
    30,
    33
  ],
  "z_range": [
    34,
    38
  ],
  "t_range": [
    39,
    40
  ],
  "C_scale": 37113.63878236213,
  "scale_factor": 10.0,
  "onehot_multiplier": 0.5,
  "reg_multiplier": 1.0,
  "A_base": 371136.38782362133,
  "A_onehot": 185568.19391181067,
  "B_reg": 371136.38782362133,
  "lambda_risk": 0.0,
  "R_size": 5,
  "Rmin": 3,
  "R_indices_zero_based": [
    3,
    12,
    14,
    24,
    27
  ],
  "R_feature_ids_1based": [
    4,
    13,
    15,
    25,
    28,
    34,
    41,
    51,
    54,
    63,
    71,
    78,
    83,
    90,
    96,
    102,
    113,
    115,
    121,
    128,
    135,
    144,
    149,
    158,
    161,
    167,
    174,
    181,
    191,
    198,
    201,
    211,
    216,
    223,
    227,
    239,
    244,
    253,
    260,
    264,
    271,
    278,
    285,
    290,
    296
  ],
  "premium_bands": [
    1200.0,
    1400.0,
    1500.0,
    1800.0,
    2000.0
  ],
  "deductible_bands": [
    0.0,
    150.0,
    300.0,
    600.0
  ],
  "affordability_enabled": true,
  "disallow_premium_bands": [
    4,
    5
  ],
  "disallow_penalty_multiplier": 100.0,
  "D_affordability": 37113638.78236213,
  "use_tight_regulation": false,
  "qubo_file": "qubo_Q_S4_affordability_N30.npz",
  "regulation_encoding": "surplus T>=0 with (sum_{i in R} x_i) - (sum_l 2^l t_l) = Rmin",
  "diagnostics": {
    "cfg_hash_sha256": "47df7fb09341b7a055cd1d8c44ab3e3c9a99ed4210777f4a240dae8ad171c555",
    "C_scale": 37113.63878236213,
    "scale_factor": 10.0,
    "A_base": 371136.38782362133,
    "A_onehot": 185568.19391181067,
    "B_reg": 371136.38782362133,
    "onehot_multiplier": 0.5,
    "reg_multiplier": 1.0,
    "objective_magnitude_bound": 39113.63878236213,
    "A_over_obj_bound": 4.744334704944164,
    "B_over_obj_bound": 9.488669409888328,
    "premium_max_abs": 2000.0,
    "sigma_abs_sum": 356192345.7373885,
    "R_size": 5,
    "Rmin": 3,
    "affordability_enabled": true,
    "disallow_penalty_multiplier": 100.0,
    "D_is_scaled_to_A_base_not_A": true,
    "Q_condition_number": 261198.31560329444,
    "Q_eigenvalue_min": -2225841.8289969754,
    "Q_eigenvalue_max": 37117333.06314255,
    "Q_eigenvalue_range": [
      -2225841.8289969754,
      37117333.06314255
    ],
    "Q_eigenvalue_percentiles": {
      "p0": -2225841.8289969754,
      "p25": 142.1040291833888,
      "p50": 468.7207017541681,
      "p75": 2429.03682093507,
      "p100": 37117333.06314255
    },
    "Q_eigenvalue_count_negative": 10,
    "Q_eigenvalue_count_positive": 31,
    "Q_eigenvalue_count_near_zero": 0,
    "note": "Condition number measures numerical stability; bounded growth with N suggests stable QUBO structure.",
    "D_affordability": 37113638.78236213,
    "D_over_premium_max_abs": 18556.819391181067,
    "D_over_obj_bound": 948.8669409888328
  }
}