{
  "scenario": "S2_risk_adjusted",
  "scenario_file": "config_qubo_S2.yaml",
  "seed": 1015,
  "ordering": "v = [x_1..x_N, y_1..y_M, z_1..z_K, t_0..t_{L-1}]",
  "N": 40,
  "M": 4,
  "K": 5,
  "L_reg_slack": 3,
  "n_total": 52,
  "x_range": [
    0,
    39
  ],
  "y_range": [
    40,
    43
  ],
  "z_range": [
    44,
    48
  ],
  "t_range": [
    49,
    51
  ],
  "C_scale": 50311.07354691699,
  "scale_factor": 10.0,
  "onehot_multiplier": 0.5,
  "reg_multiplier": 1.0,
  "A_base": 503110.7354691699,
  "A_onehot": 251555.36773458496,
  "B_reg": 503110.7354691699,
  "lambda_risk": 0.1,
  "R_size": 6,
  "Rmin": 4,
  "R_indices_zero_based": [
    3,
    12,
    14,
    24,
    27,
    33
  ],
  "R_feature_ids_1based": [
    4,
    13,
    15,
    25,
    28,
    34,
    41,
    51,
    54,
    63,
    71,
    78,
    83,
    90,
    96,
    102,
    113,
    115,
    121,
    128,
    135,
    144,
    149,
    158,
    161,
    167,
    174,
    181,
    191,
    198,
    201,
    211,
    216,
    223,
    227,
    239,
    244,
    253,
    260,
    264,
    271,
    278,
    285,
    290,
    296
  ],
  "premium_bands": [
    1200.0,
    1400.0,
    1500.0,
    1800.0,
    2000.0
  ],
  "deductible_bands": [
    0.0,
    150.0,
    300.0,
    600.0
  ],
  "affordability_enabled": false,
  "disallow_premium_bands": [],
  "disallow_penalty_multiplier": 100.0,
  "D_affordability": null,
  "use_tight_regulation": false,
  "qubo_file": "qubo_Q_S2_risk_adjusted_N40.npz",
  "regulation_encoding": "surplus T>=0 with (sum_{i in R} x_i) - (sum_l 2^l t_l) = Rmin",
  "diagnostics": {
    "cfg_hash_sha256": "781e64a51621117ee40cccbf8b117b5199c98930eb132cd277bbfecfc6ce2223",
    "C_scale": 50311.07354691699,
    "scale_factor": 10.0,
    "A_base": 503110.7354691699,
    "A_onehot": 251555.36773458496,
    "B_reg": 503110.7354691699,
    "onehot_multiplier": 0.5,
    "reg_multiplier": 1.0,
    "objective_magnitude_bound": 49010690.858942755,
    "A_over_obj_bound": 0.0051326631664626865,
    "B_over_obj_bound": 0.010265326332925373,
    "premium_max_abs": 2000.0,
    "sigma_abs_sum": 489583797.85395837,
    "R_size": 6,
    "Rmin": 4,
    "affordability_enabled": false,
    "disallow_penalty_multiplier": 100.0,
    "D_is_scaled_to_A_base_not_A": true,
    "Q_condition_number": 4882.199501525362,
    "Q_eigenvalue_min": -3520715.077811265,
    "Q_eigenvalue_max": 26612091.770627864,
    "Q_eigenvalue_range": [
      -3520715.077811265,
      26612091.770627864
    ],
    "Q_eigenvalue_percentiles": {
      "p0": -3520715.077811265,
      "p25": -219306.6135406295,
      "p50": 202529.0050613401,
      "p75": 903101.8058993048,
      "p100": 26612091.770627864
    },
    "Q_eigenvalue_count_negative": 15,
    "Q_eigenvalue_count_positive": 37,
    "Q_eigenvalue_count_near_zero": 0,
    "note": "Condition number measures numerical stability; bounded growth with N suggests stable QUBO structure."
  }
}