{
  "scenario": "S4_affordability",
  "scenario_file": "config_qubo_S4.yaml",
  "seed": 1015,
  "ordering": "v = [x_1..x_N, y_1..y_M, z_1..z_K, t_0..t_{L-1}]",
  "N": 40,
  "M": 4,
  "K": 5,
  "L_reg_slack": 3,
  "n_total": 52,
  "x_range": [
    0,
    39
  ],
  "y_range": [
    40,
    43
  ],
  "z_range": [
    44,
    48
  ],
  "t_range": [
    49,
    51
  ],
  "C_scale": 50311.07354691699,
  "scale_factor": 10.0,
  "onehot_multiplier": 0.5,
  "reg_multiplier": 1.0,
  "A_base": 503110.7354691699,
  "A_onehot": 251555.36773458496,
  "B_reg": 503110.7354691699,
  "lambda_risk": 0.0,
  "R_size": 6,
  "Rmin": 4,
  "R_indices_zero_based": [
    3,
    12,
    14,
    24,
    27,
    33
  ],
  "R_feature_ids_1based": [
    4,
    13,
    15,
    25,
    28,
    34,
    41,
    51,
    54,
    63,
    71,
    78,
    83,
    90,
    96,
    102,
    113,
    115,
    121,
    128,
    135,
    144,
    149,
    158,
    161,
    167,
    174,
    181,
    191,
    198,
    201,
    211,
    216,
    223,
    227,
    239,
    244,
    253,
    260,
    264,
    271,
    278,
    285,
    290,
    296
  ],
  "premium_bands": [
    1200.0,
    1400.0,
    1500.0,
    1800.0,
    2000.0
  ],
  "deductible_bands": [
    0.0,
    150.0,
    300.0,
    600.0
  ],
  "affordability_enabled": true,
  "disallow_premium_bands": [
    4,
    5
  ],
  "disallow_penalty_multiplier": 100.0,
  "D_affordability": 50311073.54691699,
  "use_tight_regulation": false,
  "qubo_file": "qubo_Q_S4_affordability_N40.npz",
  "regulation_encoding": "surplus T>=0 with (sum_{i in R} x_i) - (sum_l 2^l t_l) = Rmin",
  "diagnostics": {
    "cfg_hash_sha256": "a5c9eb154b7b208aea72ea308d3b03a254eb7911b0cec766bcda3daf2583b117",
    "C_scale": 50311.07354691699,
    "scale_factor": 10.0,
    "A_base": 503110.7354691699,
    "A_onehot": 251555.36773458496,
    "B_reg": 503110.7354691699,
    "onehot_multiplier": 0.5,
    "reg_multiplier": 1.0,
    "objective_magnitude_bound": 52311.07354691699,
    "A_over_obj_bound": 4.808835886515861,
    "B_over_obj_bound": 9.617671773031722,
    "premium_max_abs": 2000.0,
    "sigma_abs_sum": 489583797.85395837,
    "R_size": 6,
    "Rmin": 4,
    "affordability_enabled": true,
    "disallow_penalty_multiplier": 100.0,
    "D_is_scaled_to_A_base_not_A": true,
    "Q_condition_number": 392739.4366081986,
    "Q_eigenvalue_min": -4023980.2665905333,
    "Q_eigenvalue_max": 50316757.08241497,
    "Q_eigenvalue_range": [
      -4023980.2665905333,
      50316757.08241497
    ],
    "Q_eigenvalue_percentiles": {
      "p0": -4023980.2665905333,
      "p25": 151.73668690177504,
      "p50": 560.4740683344387,
      "p75": 2373.599615589217,
      "p100": 50316757.08241497
    },
    "Q_eigenvalue_count_negative": 11,
    "Q_eigenvalue_count_positive": 41,
    "Q_eigenvalue_count_near_zero": 0,
    "note": "Condition number measures numerical stability; bounded growth with N suggests stable QUBO structure.",
    "D_affordability": 50311073.54691699,
    "D_over_premium_max_abs": 25155.536773458494,
    "D_over_obj_bound": 961.7671773031722
  }
}