{
  "scenario": "S1_cost_only",
  "scenario_file": "config_qubo_S1.yaml",
  "seed": 9999,
  "ordering": "v = [x_1..x_N, y_1..y_M, z_1..z_K, t_0..t_{L-1}]",
  "N": 20,
  "M": 4,
  "K": 5,
  "L_reg_slack": 2,
  "n_total": 31,
  "x_range": [
    0,
    19
  ],
  "y_range": [
    20,
    23
  ],
  "z_range": [
    24,
    28
  ],
  "t_range": [
    29,
    30
  ],
  "C_scale": 10674.02420333471,
  "scale_factor": 10.0,
  "onehot_multiplier": 0.5,
  "reg_multiplier": 1.0,
  "A_base": 106740.2420333471,
  "A_onehot": 53370.12101667355,
  "B_reg": 106740.2420333471,
  "lambda_risk": 0.0,
  "R_size": 3,
  "Rmin": 2,
  "R_indices_zero_based": [
    5,
    7,
    14
  ],
  "R_feature_ids_1based": [
    6,
    8,
    15,
    24,
    32,
    35,
    42,
    47,
    60,
    65,
    73,
    76,
    84,
    91,
    97,
    105,
    111,
    120,
    125,
    132,
    136,
    142,
    151,
    154,
    161,
    170,
    174,
    185,
    190,
    200,
    202,
    213,
    218,
    225,
    230,
    238,
    242,
    249,
    254,
    262,
    269,
    279,
    286,
    287,
    300
  ],
  "premium_bands": [
    1200.0,
    1400.0,
    1500.0,
    1800.0,
    2000.0
  ],
  "deductible_bands": [
    0.0,
    150.0,
    300.0,
    600.0
  ],
  "affordability_enabled": false,
  "disallow_premium_bands": [],
  "disallow_penalty_multiplier": 100.0,
  "D_affordability": null,
  "use_tight_regulation": false,
  "qubo_file": "qubo_Q_S1_cost_only_N20.npz",
  "regulation_encoding": "surplus T>=0 with (sum_{i in R} x_i) - (sum_l 2^l t_l) = Rmin",
  "diagnostics": {
    "cfg_hash_sha256": "6bc6d4915959f8fbc137b5623a78494a71d69acba7fbb3e8735950bef42cafa3",
    "C_scale": 10674.02420333471,
    "scale_factor": 10.0,
    "A_base": 106740.2420333471,
    "A_onehot": 53370.12101667355,
    "B_reg": 106740.2420333471,
    "onehot_multiplier": 0.5,
    "reg_multiplier": 1.0,
    "objective_magnitude_bound": 12674.02420333471,
    "A_over_obj_bound": 4.210984621808686,
    "B_over_obj_bound": 8.421969243617372,
    "premium_max_abs": 2000.0,
    "sigma_abs_sum": 90.56631242379854,
    "R_size": 3,
    "Rmin": 2,
    "affordability_enabled": false,
    "disallow_penalty_multiplier": 100.0,
    "D_is_scaled_to_A_base_not_A": true,
    "Q_condition_number": 8136.421119317115,
    "Q_eigenvalue_min": -426849.88354514324,
    "Q_eigenvalue_max": 1443780.9268245283,
    "Q_eigenvalue_range": [
      -426849.88354514324,
      1443780.9268245283
    ],
    "Q_eigenvalue_percentiles": {
      "p0": -426849.88354514324,
      "p25": -106740.24203334711,
      "p50": 354.0300988417496,
      "p75": 921.2842454308325,
      "p100": 1443780.9268245283
    },
    "Q_eigenvalue_count_negative": 10,
    "Q_eigenvalue_count_positive": 21,
    "Q_eigenvalue_count_near_zero": 0,
    "note": "Condition number measures numerical stability; bounded growth with N suggests stable QUBO structure."
  }
}