{
  "scenario": "S3_tight_regulation",
  "scenario_file": "config_qubo_S3.yaml",
  "seed": 1003,
  "ordering": "v = [x_1..x_N, y_1..y_M, z_1..z_K, t_0..t_{L-1}]",
  "N": 40,
  "M": 4,
  "K": 5,
  "L_reg_slack": 3,
  "n_total": 52,
  "x_range": [
    0,
    39
  ],
  "y_range": [
    40,
    43
  ],
  "z_range": [
    44,
    48
  ],
  "t_range": [
    49,
    51
  ],
  "C_scale": 56003.54483718243,
  "scale_factor": 10.0,
  "onehot_multiplier": 0.5,
  "reg_multiplier": 1.0,
  "A_base": 560035.4483718243,
  "A_onehot": 280017.7241859122,
  "B_reg": 560035.4483718243,
  "lambda_risk": 0.0,
  "R_size": 6,
  "Rmin": 6,
  "R_indices_zero_based": [
    5,
    11,
    16,
    25,
    27,
    34
  ],
  "R_feature_ids_1based": [
    6,
    12,
    17,
    26,
    28,
    35,
    43,
    48,
    55,
    64,
    73,
    77,
    85,
    90,
    96,
    105,
    112,
    118,
    126,
    132,
    134,
    145,
    148,
    154,
    162,
    169,
    176,
    182,
    188,
    197,
    201,
    210,
    216,
    224,
    228,
    235,
    242,
    252,
    260,
    262,
    273,
    274,
    283,
    292,
    294
  ],
  "premium_bands": [
    1200.0,
    1400.0,
    1500.0,
    1800.0,
    2000.0
  ],
  "deductible_bands": [
    0.0,
    150.0,
    300.0,
    600.0
  ],
  "affordability_enabled": false,
  "disallow_premium_bands": [],
  "disallow_penalty_multiplier": 100.0,
  "D_affordability": null,
  "use_tight_regulation": true,
  "qubo_file": "qubo_Q_S3_tight_regulation_N40.npz",
  "regulation_encoding": "surplus T>=0 with (sum_{i in R} x_i) - (sum_l 2^l t_l) = Rmin",
  "diagnostics": {
    "cfg_hash_sha256": "854ad6fb1ed7ac4cdb094011f89575fc93e5aa5bb8dc38272c2f4939b15f7b80",
    "C_scale": 56003.54483718243,
    "scale_factor": 10.0,
    "A_base": 560035.4483718243,
    "A_onehot": 280017.7241859122,
    "B_reg": 560035.4483718243,
    "onehot_multiplier": 0.5,
    "reg_multiplier": 1.0,
    "objective_magnitude_bound": 58003.54483718243,
    "A_over_obj_bound": 4.827596743818498,
    "B_over_obj_bound": 9.655193487636996,
    "premium_max_abs": 2000.0,
    "sigma_abs_sum": 1141072858.397759,
    "R_size": 6,
    "Rmin": 6,
    "affordability_enabled": false,
    "disallow_penalty_multiplier": 100.0,
    "D_is_scaled_to_A_base_not_A": true,
    "Q_condition_number": 313862.2225386573,
    "Q_eigenvalue_min": -6720080.652135166,
    "Q_eigenvalue_max": 37876275.11573914,
    "Q_eigenvalue_range": [
      -6720080.652135166,
      37876275.11573914
    ],
    "Q_eigenvalue_percentiles": {
      "p0": -6720080.652135166,
      "p25": -139918.35356948027,
      "p50": 763.9478047251328,
      "p75": 2095.1348305049546,
      "p100": 37876275.11573914
    },
    "Q_eigenvalue_count_negative": 13,
    "Q_eigenvalue_count_positive": 39,
    "Q_eigenvalue_count_near_zero": 0,
    "note": "Condition number measures numerical stability; bounded growth with N suggests stable QUBO structure."
  }
}