{
  "scenario": "S2_risk_adjusted",
  "scenario_file": "config_qubo_S2.yaml",
  "seed": 1003,
  "ordering": "v = [x_1..x_N, y_1..y_M, z_1..z_K, t_0..t_{L-1}]",
  "N": 20,
  "M": 4,
  "K": 5,
  "L_reg_slack": 2,
  "n_total": 31,
  "x_range": [
    0,
    19
  ],
  "y_range": [
    20,
    23
  ],
  "z_range": [
    24,
    28
  ],
  "t_range": [
    29,
    30
  ],
  "C_scale": 33348.91443470605,
  "scale_factor": 10.0,
  "onehot_multiplier": 0.5,
  "reg_multiplier": 1.0,
  "A_base": 333489.1443470605,
  "A_onehot": 166744.57217353024,
  "B_reg": 333489.1443470605,
  "lambda_risk": 0.1,
  "R_size": 3,
  "Rmin": 2,
  "R_indices_zero_based": [
    5,
    11,
    16
  ],
  "R_feature_ids_1based": [
    6,
    12,
    17,
    26,
    28,
    35,
    43,
    48,
    55,
    64,
    73,
    77,
    85,
    90,
    96,
    105,
    112,
    118,
    126,
    132,
    134,
    145,
    148,
    154,
    162,
    169,
    176,
    182,
    188,
    197,
    201,
    210,
    216,
    224,
    228,
    235,
    242,
    252,
    260,
    262,
    273,
    274,
    283,
    292,
    294
  ],
  "premium_bands": [
    1200.0,
    1400.0,
    1500.0,
    1800.0,
    2000.0
  ],
  "deductible_bands": [
    0.0,
    150.0,
    300.0,
    600.0
  ],
  "affordability_enabled": false,
  "disallow_premium_bands": [],
  "disallow_penalty_multiplier": 100.0,
  "D_affordability": null,
  "use_tight_regulation": false,
  "qubo_file": "qubo_Q_S2_risk_adjusted_N20.npz",
  "regulation_encoding": "surplus T>=0 with (sum_{i in R} x_i) - (sum_l 2^l t_l) = Rmin",
  "diagnostics": {
    "cfg_hash_sha256": "142982beb18b893318a6e1d1610b14bc18c57167d07fd59342c0b6f4aa0ed0ce",
    "C_scale": 33348.91443470605,
    "scale_factor": 10.0,
    "A_base": 333489.1443470605,
    "A_onehot": 166744.57217353024,
    "B_reg": 333489.1443470605,
    "onehot_multiplier": 0.5,
    "reg_multiplier": 1.0,
    "objective_magnitude_bound": 64412469.16472647,
    "A_over_obj_bound": 0.0025887002056558766,
    "B_over_obj_bound": 0.005177400411311753,
    "premium_max_abs": 2000.0,
    "sigma_abs_sum": 643771202.5029176,
    "R_size": 3,
    "Rmin": 2,
    "affordability_enabled": false,
    "disallow_penalty_multiplier": 100.0,
    "D_is_scaled_to_A_base_not_A": true,
    "Q_condition_number": 11304.777438668094,
    "Q_eigenvalue_min": -3348054.1485771034,
    "Q_eigenvalue_max": 9602233.415747948,
    "Q_eigenvalue_range": [
      -3348054.1485771034,
      9602233.415747948
    ],
    "Q_eigenvalue_percentiles": {
      "p0": -3348054.1485771034,
      "p25": -333489.1443470605,
      "p50": 386166.3586962022,
      "p75": 1064136.373029226,
      "p100": 9602233.415747948
    },
    "Q_eigenvalue_count_negative": 10,
    "Q_eigenvalue_count_positive": 21,
    "Q_eigenvalue_count_near_zero": 0,
    "note": "Condition number measures numerical stability; bounded growth with N suggests stable QUBO structure."
  }
}