{
  "scenario": "S4_affordability",
  "scenario_file": "config_qubo_S4.yaml",
  "seed": 1003,
  "ordering": "v = [x_1..x_N, y_1..y_M, z_1..z_K, t_0..t_{L-1}]",
  "N": 40,
  "M": 4,
  "K": 5,
  "L_reg_slack": 3,
  "n_total": 52,
  "x_range": [
    0,
    39
  ],
  "y_range": [
    40,
    43
  ],
  "z_range": [
    44,
    48
  ],
  "t_range": [
    49,
    51
  ],
  "C_scale": 56003.54483718243,
  "scale_factor": 10.0,
  "onehot_multiplier": 0.5,
  "reg_multiplier": 1.0,
  "A_base": 560035.4483718243,
  "A_onehot": 280017.7241859122,
  "B_reg": 560035.4483718243,
  "lambda_risk": 0.0,
  "R_size": 6,
  "Rmin": 4,
  "R_indices_zero_based": [
    5,
    11,
    16,
    25,
    27,
    34
  ],
  "R_feature_ids_1based": [
    6,
    12,
    17,
    26,
    28,
    35,
    43,
    48,
    55,
    64,
    73,
    77,
    85,
    90,
    96,
    105,
    112,
    118,
    126,
    132,
    134,
    145,
    148,
    154,
    162,
    169,
    176,
    182,
    188,
    197,
    201,
    210,
    216,
    224,
    228,
    235,
    242,
    252,
    260,
    262,
    273,
    274,
    283,
    292,
    294
  ],
  "premium_bands": [
    1200.0,
    1400.0,
    1500.0,
    1800.0,
    2000.0
  ],
  "deductible_bands": [
    0.0,
    150.0,
    300.0,
    600.0
  ],
  "affordability_enabled": true,
  "disallow_premium_bands": [
    4,
    5
  ],
  "disallow_penalty_multiplier": 100.0,
  "D_affordability": 56003544.83718243,
  "use_tight_regulation": false,
  "qubo_file": "qubo_Q_S4_affordability_N40.npz",
  "regulation_encoding": "surplus T>=0 with (sum_{i in R} x_i) - (sum_l 2^l t_l) = Rmin",
  "diagnostics": {
    "cfg_hash_sha256": "f5133dd54e3ab494d8e3a59c46ca742dc20c50caa69f90a8b9f06f558dc7548e",
    "C_scale": 56003.54483718243,
    "scale_factor": 10.0,
    "A_base": 560035.4483718243,
    "A_onehot": 280017.7241859122,
    "B_reg": 560035.4483718243,
    "onehot_multiplier": 0.5,
    "reg_multiplier": 1.0,
    "objective_magnitude_bound": 58003.54483718243,
    "A_over_obj_bound": 4.827596743818498,
    "B_over_obj_bound": 9.655193487636996,
    "premium_max_abs": 2000.0,
    "sigma_abs_sum": 1141072858.397759,
    "R_size": 6,
    "Rmin": 4,
    "affordability_enabled": true,
    "disallow_penalty_multiplier": 100.0,
    "D_is_scaled_to_A_base_not_A": true,
    "Q_condition_number": 464128.27424019505,
    "Q_eigenvalue_min": -4479938.858647876,
    "Q_eigenvalue_max": 56010086.40220954,
    "Q_eigenvalue_range": [
      -4479938.858647876,
      56010086.40220954
    ],
    "Q_eigenvalue_percentiles": {
      "p0": -4479938.858647876,
      "p25": 244.40673555629164,
      "p50": 850.202621065454,
      "p75": 2287.336008711276,
      "p100": 56010086.40220954
    },
    "Q_eigenvalue_count_negative": 11,
    "Q_eigenvalue_count_positive": 41,
    "Q_eigenvalue_count_near_zero": 0,
    "note": "Condition number measures numerical stability; bounded growth with N suggests stable QUBO structure.",
    "D_affordability": 56003544.83718243,
    "D_over_premium_max_abs": 28001.772418591216,
    "D_over_obj_bound": 965.5193487636997
  }
}