{
  "scenario": "S4_affordability",
  "scenario_file": "config_qubo_S4.yaml",
  "seed": 1003,
  "ordering": "v = [x_1..x_N, y_1..y_M, z_1..z_K, t_0..t_{L-1}]",
  "N": 20,
  "M": 4,
  "K": 5,
  "L_reg_slack": 2,
  "n_total": 31,
  "x_range": [
    0,
    19
  ],
  "y_range": [
    20,
    23
  ],
  "z_range": [
    24,
    28
  ],
  "t_range": [
    29,
    30
  ],
  "C_scale": 33348.91443470605,
  "scale_factor": 10.0,
  "onehot_multiplier": 0.5,
  "reg_multiplier": 1.0,
  "A_base": 333489.1443470605,
  "A_onehot": 166744.57217353024,
  "B_reg": 333489.1443470605,
  "lambda_risk": 0.0,
  "R_size": 3,
  "Rmin": 2,
  "R_indices_zero_based": [
    5,
    11,
    16
  ],
  "R_feature_ids_1based": [
    6,
    12,
    17,
    26,
    28,
    35,
    43,
    48,
    55,
    64,
    73,
    77,
    85,
    90,
    96,
    105,
    112,
    118,
    126,
    132,
    134,
    145,
    148,
    154,
    162,
    169,
    176,
    182,
    188,
    197,
    201,
    210,
    216,
    224,
    228,
    235,
    242,
    252,
    260,
    262,
    273,
    274,
    283,
    292,
    294
  ],
  "premium_bands": [
    1200.0,
    1400.0,
    1500.0,
    1800.0,
    2000.0
  ],
  "deductible_bands": [
    0.0,
    150.0,
    300.0,
    600.0
  ],
  "affordability_enabled": true,
  "disallow_premium_bands": [
    4,
    5
  ],
  "disallow_penalty_multiplier": 100.0,
  "D_affordability": 33348914.434706047,
  "use_tight_regulation": false,
  "qubo_file": "qubo_Q_S4_affordability_N20.npz",
  "regulation_encoding": "surplus T>=0 with (sum_{i in R} x_i) - (sum_l 2^l t_l) = Rmin",
  "diagnostics": {
    "cfg_hash_sha256": "0d5c73c1ee214e86b25900bb9233b1df5e04d3284983805a7ec603c9ad4ccfc9",
    "C_scale": 33348.91443470605,
    "scale_factor": 10.0,
    "A_base": 333489.1443470605,
    "A_onehot": 166744.57217353024,
    "B_reg": 333489.1443470605,
    "onehot_multiplier": 0.5,
    "reg_multiplier": 1.0,
    "objective_magnitude_bound": 35348.91443470605,
    "A_over_obj_bound": 4.717105881187065,
    "B_over_obj_bound": 9.43421176237413,
    "premium_max_abs": 2000.0,
    "sigma_abs_sum": 643771202.5029176,
    "R_size": 3,
    "Rmin": 2,
    "affordability_enabled": true,
    "disallow_penalty_multiplier": 100.0,
    "D_is_scaled_to_A_base_not_A": true,
    "Q_condition_number": 61664.146079201266,
    "Q_eigenvalue_min": -1333611.849023709,
    "Q_eigenvalue_max": 33352041.25806228,
    "Q_eigenvalue_range": [
      -1333611.849023709,
      33352041.25806228
    ],
    "Q_eigenvalue_percentiles": {
      "p0": -1333611.849023709,
      "p25": -166474.13916359906,
      "p50": 1170.4832090433274,
      "p75": 3074.652924958967,
      "p100": 33352041.25806228
    },
    "Q_eigenvalue_count_negative": 8,
    "Q_eigenvalue_count_positive": 23,
    "Q_eigenvalue_count_near_zero": 0,
    "note": "Condition number measures numerical stability; bounded growth with N suggests stable QUBO structure.",
    "D_affordability": 33348914.434706047,
    "D_over_premium_max_abs": 16674.457217353025,
    "D_over_obj_bound": 943.421176237413
  }
}