{
  "scenario": "S2_risk_adjusted",
  "scenario_file": "config_qubo_S2.yaml",
  "seed": 1003,
  "ordering": "v = [x_1..x_N, y_1..y_M, z_1..z_K, t_0..t_{L-1}]",
  "N": 50,
  "M": 4,
  "K": 5,
  "L_reg_slack": 3,
  "n_total": 62,
  "x_range": [
    0,
    49
  ],
  "y_range": [
    50,
    53
  ],
  "z_range": [
    54,
    58
  ],
  "t_range": [
    59,
    61
  ],
  "C_scale": 67232.03906362176,
  "scale_factor": 10.0,
  "onehot_multiplier": 0.5,
  "reg_multiplier": 1.0,
  "A_base": 672320.3906362177,
  "A_onehot": 336160.19531810883,
  "B_reg": 672320.3906362177,
  "lambda_risk": 0.11000000000000001,
  "R_size": 8,
  "Rmin": 5,
  "R_indices_zero_based": [
    5,
    11,
    16,
    25,
    27,
    34,
    42,
    47
  ],
  "R_feature_ids_1based": [
    6,
    12,
    17,
    26,
    28,
    35,
    43,
    48,
    55,
    64,
    73,
    77,
    85,
    90,
    96,
    105,
    112,
    118,
    126,
    132,
    134,
    145,
    148,
    154,
    162,
    169,
    176,
    182,
    188,
    197,
    201,
    210,
    216,
    224,
    228,
    235,
    242,
    252,
    260,
    262,
    273,
    274,
    283,
    292,
    294
  ],
  "premium_bands": [
    1200.0,
    1400.0,
    1500.0,
    1800.0,
    2000.0
  ],
  "deductible_bands": [
    0.0,
    150.0,
    300.0,
    600.0
  ],
  "affordability_enabled": false,
  "disallow_premium_bands": [],
  "disallow_penalty_multiplier": 100.0,
  "D_affordability": null,
  "use_tight_regulation": false,
  "qubo_file": "qubo_Q_S2_risk_adjusted_N50.npz",
  "regulation_encoding": "surplus T>=0 with (sum_{i in R} x_i) - (sum_l 2^l t_l) = Rmin",
  "diagnostics": {
    "cfg_hash_sha256": "59efd33dcc2b854936560e09d1f95455cc4bc5c5dd757d029520ebe0eb2107d1",
    "C_scale": 67232.03906362176,
    "scale_factor": 10.0,
    "A_base": 672320.3906362177,
    "A_onehot": 336160.19531810883,
    "B_reg": 672320.3906362177,
    "onehot_multiplier": 0.5,
    "reg_multiplier": 1.0,
    "objective_magnitude_bound": 173103749.70726255,
    "A_over_obj_bound": 0.0019419579060915356,
    "B_over_obj_bound": 0.003883915812183071,
    "premium_max_abs": 2000.0,
    "sigma_abs_sum": 1573041069.7108989,
    "R_size": 8,
    "Rmin": 5,
    "affordability_enabled": false,
    "disallow_penalty_multiplier": 100.0,
    "D_is_scaled_to_A_base_not_A": true,
    "Q_condition_number": 159716.41142651,
    "Q_eigenvalue_min": -7947226.372734337,
    "Q_eigenvalue_max": 40960661.06167318,
    "Q_eigenvalue_range": [
      -7947226.372734337,
      40960661.06167318
    ],
    "Q_eigenvalue_percentiles": {
      "p0": -7947226.372734337,
      "p25": -595765.7321635007,
      "p50": 366671.64739619754,
      "p75": 760741.5664618274,
      "p100": 40960661.06167318
    },
    "Q_eigenvalue_count_negative": 20,
    "Q_eigenvalue_count_positive": 42,
    "Q_eigenvalue_count_near_zero": 0,
    "note": "Condition number measures numerical stability; bounded growth with N suggests stable QUBO structure."
  }
}