{
  "scenario": "S1_cost_only",
  "scenario_file": "config_qubo_S1.yaml",
  "seed": 1003,
  "ordering": "v = [x_1..x_N, y_1..y_M, z_1..z_K, t_0..t_{L-1}]",
  "N": 30,
  "M": 4,
  "K": 5,
  "L_reg_slack": 2,
  "n_total": 41,
  "x_range": [
    0,
    29
  ],
  "y_range": [
    30,
    33
  ],
  "z_range": [
    34,
    38
  ],
  "t_range": [
    39,
    40
  ],
  "C_scale": 44819.151356880815,
  "scale_factor": 10.0,
  "onehot_multiplier": 0.5,
  "reg_multiplier": 1.0,
  "A_base": 448191.51356880815,
  "A_onehot": 224095.75678440408,
  "B_reg": 448191.51356880815,
  "lambda_risk": 0.0,
  "R_size": 5,
  "Rmin": 3,
  "R_indices_zero_based": [
    5,
    11,
    16,
    25,
    27
  ],
  "R_feature_ids_1based": [
    6,
    12,
    17,
    26,
    28,
    35,
    43,
    48,
    55,
    64,
    73,
    77,
    85,
    90,
    96,
    105,
    112,
    118,
    126,
    132,
    134,
    145,
    148,
    154,
    162,
    169,
    176,
    182,
    188,
    197,
    201,
    210,
    216,
    224,
    228,
    235,
    242,
    252,
    260,
    262,
    273,
    274,
    283,
    292,
    294
  ],
  "premium_bands": [
    1200.0,
    1400.0,
    1500.0,
    1800.0,
    2000.0
  ],
  "deductible_bands": [
    0.0,
    150.0,
    300.0,
    600.0
  ],
  "affordability_enabled": false,
  "disallow_premium_bands": [],
  "disallow_penalty_multiplier": 100.0,
  "D_affordability": null,
  "use_tight_regulation": false,
  "qubo_file": "qubo_Q_S1_cost_only_N30.npz",
  "regulation_encoding": "surplus T>=0 with (sum_{i in R} x_i) - (sum_l 2^l t_l) = Rmin",
  "diagnostics": {
    "cfg_hash_sha256": "aac5cbc2f9fdb6711b07d7da297e01528e6a6ecf08911ebfdc5ca79dae4b1b28",
    "C_scale": 44819.151356880815,
    "scale_factor": 10.0,
    "A_base": 448191.51356880815,
    "A_onehot": 224095.75678440408,
    "B_reg": 448191.51356880815,
    "onehot_multiplier": 0.5,
    "reg_multiplier": 1.0,
    "objective_magnitude_bound": 46819.151356880815,
    "A_over_obj_bound": 4.786412190093438,
    "B_over_obj_bound": 9.572824380186876,
    "premium_max_abs": 2000.0,
    "sigma_abs_sum": 930579377.8247415,
    "R_size": 5,
    "Rmin": 3,
    "affordability_enabled": false,
    "disallow_penalty_multiplier": 100.0,
    "D_is_scaled_to_A_base_not_A": true,
    "Q_condition_number": 65689.78659501832,
    "Q_eigenvalue_min": -2688804.353063919,
    "Q_eigenvalue_max": 7927314.12271137,
    "Q_eigenvalue_range": [
      -2688804.353063919,
      7927314.12271137
    ],
    "Q_eigenvalue_percentiles": {
      "p0": -2688804.353063919,
      "p25": -448191.51356880786,
      "p50": 746.0091758001839,
      "p75": 2035.6634243057194,
      "p100": 7927314.12271137
    },
    "Q_eigenvalue_count_negative": 12,
    "Q_eigenvalue_count_positive": 29,
    "Q_eigenvalue_count_near_zero": 0,
    "note": "Condition number measures numerical stability; bounded growth with N suggests stable QUBO structure."
  }
}