{
  "scenario": "S4_affordability",
  "scenario_file": "config_qubo_S4.yaml",
  "seed": 1003,
  "ordering": "v = [x_1..x_N, y_1..y_M, z_1..z_K, t_0..t_{L-1}]",
  "N": 50,
  "M": 4,
  "K": 5,
  "L_reg_slack": 3,
  "n_total": 62,
  "x_range": [
    0,
    49
  ],
  "y_range": [
    50,
    53
  ],
  "z_range": [
    54,
    58
  ],
  "t_range": [
    59,
    61
  ],
  "C_scale": 67232.03906362176,
  "scale_factor": 10.0,
  "onehot_multiplier": 0.5,
  "reg_multiplier": 1.0,
  "A_base": 672320.3906362177,
  "A_onehot": 336160.19531810883,
  "B_reg": 672320.3906362177,
  "lambda_risk": 0.0,
  "R_size": 8,
  "Rmin": 5,
  "R_indices_zero_based": [
    5,
    11,
    16,
    25,
    27,
    34,
    42,
    47
  ],
  "R_feature_ids_1based": [
    6,
    12,
    17,
    26,
    28,
    35,
    43,
    48,
    55,
    64,
    73,
    77,
    85,
    90,
    96,
    105,
    112,
    118,
    126,
    132,
    134,
    145,
    148,
    154,
    162,
    169,
    176,
    182,
    188,
    197,
    201,
    210,
    216,
    224,
    228,
    235,
    242,
    252,
    260,
    262,
    273,
    274,
    283,
    292,
    294
  ],
  "premium_bands": [
    1200.0,
    1400.0,
    1500.0,
    1800.0,
    2000.0
  ],
  "deductible_bands": [
    0.0,
    150.0,
    300.0,
    600.0
  ],
  "affordability_enabled": true,
  "disallow_premium_bands": [
    4,
    5
  ],
  "disallow_penalty_multiplier": 100.0,
  "D_affordability": 67232039.06362176,
  "use_tight_regulation": false,
  "qubo_file": "qubo_Q_S4_affordability_N50.npz",
  "regulation_encoding": "surplus T>=0 with (sum_{i in R} x_i) - (sum_l 2^l t_l) = Rmin",
  "diagnostics": {
    "cfg_hash_sha256": "427dd93e9b325a1a9083779d50139a00d5d9456860720816f436ebb6f30bc8db",
    "C_scale": 67232.03906362176,
    "scale_factor": 10.0,
    "A_base": 672320.3906362177,
    "A_onehot": 336160.19531810883,
    "B_reg": 672320.3906362177,
    "onehot_multiplier": 0.5,
    "reg_multiplier": 1.0,
    "objective_magnitude_bound": 69232.03906362176,
    "A_over_obj_bound": 4.855558204911308,
    "B_over_obj_bound": 9.711116409822615,
    "premium_max_abs": 2000.0,
    "sigma_abs_sum": 1573041069.7108989,
    "R_size": 8,
    "Rmin": 5,
    "affordability_enabled": true,
    "disallow_penalty_multiplier": 100.0,
    "D_is_scaled_to_A_base_not_A": true,
    "Q_condition_number": 557187.355360399,
    "Q_eigenvalue_min": -6722859.178090542,
    "Q_eigenvalue_max": 67240273.10714307,
    "Q_eigenvalue_range": [
      -6722859.178090542,
      67240273.10714307
    ],
    "Q_eigenvalue_percentiles": {
      "p0": -6722859.178090542,
      "p25": 248.27405179859528,
      "p50": 802.8427480128948,
      "p75": 2214.077642920422,
      "p100": 67240273.10714307
    },
    "Q_eigenvalue_count_negative": 13,
    "Q_eigenvalue_count_positive": 49,
    "Q_eigenvalue_count_near_zero": 0,
    "note": "Condition number measures numerical stability; bounded growth with N suggests stable QUBO structure.",
    "D_affordability": 67232039.06362176,
    "D_over_premium_max_abs": 33616.01953181088,
    "D_over_obj_bound": 971.1116409822615
  }
}