{
  "scenario": "S2_risk_adjusted",
  "scenario_file": "config_qubo_S2.yaml",
  "seed": 1003,
  "ordering": "v = [x_1..x_N, y_1..y_M, z_1..z_K, t_0..t_{L-1}]",
  "N": 40,
  "M": 4,
  "K": 5,
  "L_reg_slack": 3,
  "n_total": 52,
  "x_range": [
    0,
    39
  ],
  "y_range": [
    40,
    43
  ],
  "z_range": [
    44,
    48
  ],
  "t_range": [
    49,
    51
  ],
  "C_scale": 56003.54483718243,
  "scale_factor": 10.0,
  "onehot_multiplier": 0.5,
  "reg_multiplier": 1.0,
  "A_base": 560035.4483718243,
  "A_onehot": 280017.7241859122,
  "B_reg": 560035.4483718243,
  "lambda_risk": 0.1,
  "R_size": 6,
  "Rmin": 4,
  "R_indices_zero_based": [
    5,
    11,
    16,
    25,
    27,
    34
  ],
  "R_feature_ids_1based": [
    6,
    12,
    17,
    26,
    28,
    35,
    43,
    48,
    55,
    64,
    73,
    77,
    85,
    90,
    96,
    105,
    112,
    118,
    126,
    132,
    134,
    145,
    148,
    154,
    162,
    169,
    176,
    182,
    188,
    197,
    201,
    210,
    216,
    224,
    228,
    235,
    242,
    252,
    260,
    262,
    273,
    274,
    283,
    292,
    294
  ],
  "premium_bands": [
    1200.0,
    1400.0,
    1500.0,
    1800.0,
    2000.0
  ],
  "deductible_bands": [
    0.0,
    150.0,
    300.0,
    600.0
  ],
  "affordability_enabled": false,
  "disallow_premium_bands": [],
  "disallow_penalty_multiplier": 100.0,
  "D_affordability": null,
  "use_tight_regulation": false,
  "qubo_file": "qubo_Q_S2_risk_adjusted_N40.npz",
  "regulation_encoding": "surplus T>=0 with (sum_{i in R} x_i) - (sum_l 2^l t_l) = Rmin",
  "diagnostics": {
    "cfg_hash_sha256": "1ae6a9d21487bab271ee48d470fbeccf321ff4bbeda72ad7821fdb8069ca81d8",
    "C_scale": 56003.54483718243,
    "scale_factor": 10.0,
    "A_base": 560035.4483718243,
    "A_onehot": 280017.7241859122,
    "B_reg": 560035.4483718243,
    "onehot_multiplier": 0.5,
    "reg_multiplier": 1.0,
    "objective_magnitude_bound": 114165289.38461308,
    "A_over_obj_bound": 0.0024527395821908396,
    "B_over_obj_bound": 0.004905479164381679,
    "premium_max_abs": 2000.0,
    "sigma_abs_sum": 1141072858.397759,
    "R_size": 6,
    "Rmin": 4,
    "affordability_enabled": false,
    "disallow_penalty_multiplier": 100.0,
    "D_is_scaled_to_A_base_not_A": true,
    "Q_condition_number": 114714.48395447554,
    "Q_eigenvalue_min": -6000850.459888768,
    "Q_eigenvalue_max": 29632590.04740773,
    "Q_eigenvalue_range": [
      -6000850.459888768,
      29632590.04740773
    ],
    "Q_eigenvalue_percentiles": {
      "p0": -6000850.459888768,
      "p25": -509602.7693084049,
      "p50": 299197.6324281996,
      "p75": 870161.8766164299,
      "p100": 29632590.04740773
    },
    "Q_eigenvalue_count_negative": 15,
    "Q_eigenvalue_count_positive": 37,
    "Q_eigenvalue_count_near_zero": 0,
    "note": "Condition number measures numerical stability; bounded growth with N suggests stable QUBO structure."
  }
}