{
  "scenario": "S2_risk_adjusted",
  "scenario_file": "config_qubo_S2.yaml",
  "seed": 2001,
  "ordering": "v = [x_1..x_N, y_1..y_M, z_1..z_K, t_0..t_{L-1}]",
  "N": 100,
  "M": 4,
  "K": 5,
  "L_reg_slack": 4,
  "n_total": 113,
  "x_range": [
    0,
    99
  ],
  "y_range": [
    100,
    103
  ],
  "z_range": [
    104,
    108
  ],
  "t_range": [
    109,
    112
  ],
  "C_scale": 128547.92265333021,
  "scale_factor": 10.0,
  "onehot_multiplier": 0.5,
  "reg_multiplier": 1.0,
  "A_base": 1285479.226533302,
  "A_onehot": 642739.613266651,
  "B_reg": 1285479.226533302,
  "lambda_risk": 0.11000000000000001,
  "R_size": 15,
  "Rmin": 9,
  "R_indices_zero_based": [
    0,
    10,
    17,
    20,
    27,
    39,
    40,
    52,
    59,
    60,
    70,
    76,
    80,
    89,
    95
  ],
  "R_feature_ids_1based": [
    1,
    11,
    18,
    21,
    28,
    40,
    41,
    53,
    60,
    61,
    71,
    77,
    81,
    90,
    96,
    103,
    109,
    118,
    122,
    129,
    134,
    142,
    153,
    155,
    164,
    167,
    179,
    185,
    187,
    195,
    203,
    209,
    220,
    221,
    228,
    236,
    243,
    249,
    257,
    264,
    271,
    274,
    283,
    293,
    299
  ],
  "premium_bands": [
    1200.0,
    1400.0,
    1500.0,
    1800.0,
    2000.0
  ],
  "deductible_bands": [
    0.0,
    150.0,
    300.0,
    600.0
  ],
  "affordability_enabled": false,
  "disallow_premium_bands": [],
  "disallow_penalty_multiplier": 100.0,
  "D_affordability": null,
  "use_tight_regulation": false,
  "qubo_file": "qubo_Q_S2_risk_adjusted_N100.npz",
  "regulation_encoding": "surplus T>=0 with (sum_{i in R} x_i) - (sum_l 2^l t_l) = Rmin",
  "diagnostics": {
    "cfg_hash_sha256": "6c8b392d3a339acfa1d9abc30c71428da72d2243cfa462ec89896a690d42b8f0",
    "C_scale": 128547.92265333021,
    "scale_factor": 10.0,
    "A_base": 1285479.226533302,
    "A_onehot": 642739.613266651,
    "B_reg": 1285479.226533302,
    "onehot_multiplier": 0.5,
    "reg_multiplier": 1.0,
    "objective_magnitude_bound": 582762073.423871,
    "A_over_obj_bound": 0.0011029194290053867,
    "B_over_obj_bound": 0.0022058388580107734,
    "premium_max_abs": 2000.0,
    "sigma_abs_sum": 5296650231.829251,
    "R_size": 15,
    "Rmin": 9,
    "affordability_enabled": false,
    "disallow_penalty_multiplier": 100.0,
    "D_is_scaled_to_A_base_not_A": true,
    "Q_condition_number": 1900475.9088058649,
    "Q_eigenvalue_min": -23929915.424984917,
    "Q_eigenvalue_max": 287200968.73584807,
    "Q_eigenvalue_range": [
      -23929915.424984917,
      287200968.73584807
    ],
    "Q_eigenvalue_percentiles": {
      "p0": -23929915.424984917,
      "p25": -29592.79965020659,
      "p50": 317935.4534030955,
      "p75": 1120775.3467317652,
      "p100": 287200968.73584807
    },
    "Q_eigenvalue_count_negative": 30,
    "Q_eigenvalue_count_positive": 83,
    "Q_eigenvalue_count_near_zero": 0,
    "note": "Condition number measures numerical stability; bounded growth with N suggests stable QUBO structure."
  }
}