{
  "scenario": "S3_tight_regulation",
  "scenario_file": "config_qubo_S3.yaml",
  "seed": 2001,
  "ordering": "v = [x_1..x_N, y_1..y_M, z_1..z_K, t_0..t_{L-1}]",
  "N": 60,
  "M": 4,
  "K": 5,
  "L_reg_slack": 4,
  "n_total": 73,
  "x_range": [
    0,
    59
  ],
  "y_range": [
    60,
    63
  ],
  "z_range": [
    64,
    68
  ],
  "t_range": [
    69,
    72
  ],
  "C_scale": 77423.32970299807,
  "scale_factor": 10.0,
  "onehot_multiplier": 0.5,
  "reg_multiplier": 1.0,
  "A_base": 774233.2970299807,
  "A_onehot": 387116.64851499035,
  "B_reg": 774233.2970299807,
  "lambda_risk": 0.0,
  "R_size": 9,
  "Rmin": 8,
  "R_indices_zero_based": [
    0,
    10,
    17,
    20,
    27,
    39,
    40,
    52,
    59
  ],
  "R_feature_ids_1based": [
    1,
    11,
    18,
    21,
    28,
    40,
    41,
    53,
    60,
    61,
    71,
    77,
    81,
    90,
    96,
    103,
    109,
    118,
    122,
    129,
    134,
    142,
    153,
    155,
    164,
    167,
    179,
    185,
    187,
    195,
    203,
    209,
    220,
    221,
    228,
    236,
    243,
    249,
    257,
    264,
    271,
    274,
    283,
    293,
    299
  ],
  "premium_bands": [
    1200.0,
    1400.0,
    1500.0,
    1800.0,
    2000.0
  ],
  "deductible_bands": [
    0.0,
    150.0,
    300.0,
    600.0
  ],
  "affordability_enabled": false,
  "disallow_premium_bands": [],
  "disallow_penalty_multiplier": 100.0,
  "D_affordability": null,
  "use_tight_regulation": true,
  "qubo_file": "qubo_Q_S3_tight_regulation_N60.npz",
  "regulation_encoding": "surplus T>=0 with (sum_{i in R} x_i) - (sum_l 2^l t_l) = Rmin",
  "diagnostics": {
    "cfg_hash_sha256": "24b0de8ae2e24d41e600b50b58637b6e30748c850d886c577ff20166c54a5d73",
    "C_scale": 77423.32970299807,
    "scale_factor": 10.0,
    "A_base": 774233.2970299807,
    "A_onehot": 387116.64851499035,
    "B_reg": 774233.2970299807,
    "onehot_multiplier": 0.5,
    "reg_multiplier": 1.0,
    "objective_magnitude_bound": 79423.32970299807,
    "A_over_obj_bound": 4.874092410411464,
    "B_over_obj_bound": 9.748184820822928,
    "premium_max_abs": 2000.0,
    "sigma_abs_sum": 2313683719.244622,
    "R_size": 9,
    "Rmin": 8,
    "affordability_enabled": false,
    "disallow_penalty_multiplier": 100.0,
    "D_is_scaled_to_A_base_not_A": true,
    "Q_condition_number": 1223672.4777528567,
    "Q_eigenvalue_min": -12387483.320592979,
    "Q_eigenvalue_max": 159623948.43684554,
    "Q_eigenvalue_range": [
      -12387483.320592979,
      159623948.43684554
    ],
    "Q_eigenvalue_percentiles": {
      "p0": -12387483.320592979,
      "p25": 230.24700386890785,
      "p50": 685.2450384585277,
      "p75": 2054.1023736497764,
      "p100": 159623948.43684554
    },
    "Q_eigenvalue_count_negative": 16,
    "Q_eigenvalue_count_positive": 57,
    "Q_eigenvalue_count_near_zero": 0,
    "note": "Condition number measures numerical stability; bounded growth with N suggests stable QUBO structure."
  }
}