{
  "scenario": "S4_affordability",
  "scenario_file": "config_qubo_S4.yaml",
  "seed": 2001,
  "ordering": "v = [x_1..x_N, y_1..y_M, z_1..z_K, t_0..t_{L-1}]",
  "N": 200,
  "M": 4,
  "K": 5,
  "L_reg_slack": 5,
  "n_total": 214,
  "x_range": [
    0,
    199
  ],
  "y_range": [
    200,
    203
  ],
  "z_range": [
    204,
    208
  ],
  "t_range": [
    209,
    213
  ],
  "C_scale": 274412.8130930699,
  "scale_factor": 10.0,
  "onehot_multiplier": 0.5,
  "reg_multiplier": 1.0,
  "A_base": 2744128.130930699,
  "A_onehot": 1372064.0654653495,
  "B_reg": 2744128.130930699,
  "lambda_risk": 0.0,
  "R_size": 30,
  "Rmin": 18,
  "R_indices_zero_based": [
    0,
    10,
    17,
    20,
    27,
    39,
    40,
    52,
    59,
    60,
    70,
    76,
    80,
    89,
    95,
    102,
    108,
    117,
    121,
    128,
    133,
    141,
    152,
    154,
    163,
    166,
    178,
    184,
    186,
    194
  ],
  "R_feature_ids_1based": [
    1,
    11,
    18,
    21,
    28,
    40,
    41,
    53,
    60,
    61,
    71,
    77,
    81,
    90,
    96,
    103,
    109,
    118,
    122,
    129,
    134,
    142,
    153,
    155,
    164,
    167,
    179,
    185,
    187,
    195,
    203,
    209,
    220,
    221,
    228,
    236,
    243,
    249,
    257,
    264,
    271,
    274,
    283,
    293,
    299
  ],
  "premium_bands": [
    1200.0,
    1400.0,
    1500.0,
    1800.0,
    2000.0
  ],
  "deductible_bands": [
    0.0,
    150.0,
    300.0,
    600.0
  ],
  "affordability_enabled": true,
  "disallow_premium_bands": [
    4,
    5
  ],
  "disallow_penalty_multiplier": 100.0,
  "D_affordability": 274412813.0930699,
  "use_tight_regulation": false,
  "qubo_file": "qubo_Q_S4_affordability_N200.npz",
  "regulation_encoding": "surplus T>=0 with (sum_{i in R} x_i) - (sum_l 2^l t_l) = Rmin",
  "diagnostics": {
    "cfg_hash_sha256": "853a20d4bda4f3973e7868fc28c447b35acfc661f149de238b4f5887c52e879e",
    "C_scale": 274412.8130930699,
    "scale_factor": 10.0,
    "A_base": 2744128.130930699,
    "A_onehot": 1372064.0654653495,
    "B_reg": 2744128.130930699,
    "onehot_multiplier": 0.5,
    "reg_multiplier": 1.0,
    "objective_magnitude_bound": 276412.8130930699,
    "A_over_obj_bound": 4.963822227023054,
    "B_over_obj_bound": 9.927644454046108,
    "premium_max_abs": 2000.0,
    "sigma_abs_sum": 19854819349.603207,
    "R_size": 30,
    "Rmin": 18,
    "affordability_enabled": true,
    "disallow_penalty_multiplier": 100.0,
    "D_is_scaled_to_A_base_not_A": true,
    "Q_condition_number": 18588257.623210356,
    "Q_eigenvalue_min": -98788455.7867199,
    "Q_eigenvalue_max": 2424775526.74551,
    "Q_eigenvalue_range": [
      -98788455.7867199,
      2424775526.74551
    ],
    "Q_eigenvalue_percentiles": {
      "p0": -98788455.7867199,
      "p25": 305.99433749111523,
      "p50": 799.6190624198011,
      "p75": 2099.3165819947517,
      "p100": 2424775526.74551
    },
    "Q_eigenvalue_count_negative": 35,
    "Q_eigenvalue_count_positive": 179,
    "Q_eigenvalue_count_near_zero": 0,
    "note": "Condition number measures numerical stability; bounded growth with N suggests stable QUBO structure.",
    "D_affordability": 274412813.0930699,
    "D_over_premium_max_abs": 137206.40654653494,
    "D_over_obj_bound": 992.764445404611
  }
}