{
  "scenario": "S2_risk_adjusted",
  "scenario_file": "config_qubo_S2.yaml",
  "seed": 2001,
  "ordering": "v = [x_1..x_N, y_1..y_M, z_1..z_K, t_0..t_{L-1}]",
  "N": 150,
  "M": 4,
  "K": 5,
  "L_reg_slack": 4,
  "n_total": 163,
  "x_range": [
    0,
    149
  ],
  "y_range": [
    150,
    153
  ],
  "z_range": [
    154,
    158
  ],
  "t_range": [
    159,
    162
  ],
  "C_scale": 206445.81069863506,
  "scale_factor": 10.0,
  "onehot_multiplier": 0.5,
  "reg_multiplier": 1.0,
  "A_base": 2064458.1069863506,
  "A_onehot": 1032229.0534931753,
  "B_reg": 2064458.1069863506,
  "lambda_risk": 0.1,
  "R_size": 22,
  "Rmin": 14,
  "R_indices_zero_based": [
    0,
    10,
    17,
    20,
    27,
    39,
    40,
    52,
    59,
    60,
    70,
    76,
    80,
    89,
    95,
    102,
    108,
    117,
    121,
    128,
    133,
    141
  ],
  "R_feature_ids_1based": [
    1,
    11,
    18,
    21,
    28,
    40,
    41,
    53,
    60,
    61,
    71,
    77,
    81,
    90,
    96,
    103,
    109,
    118,
    122,
    129,
    134,
    142,
    153,
    155,
    164,
    167,
    179,
    185,
    187,
    195,
    203,
    209,
    220,
    221,
    228,
    236,
    243,
    249,
    257,
    264,
    271,
    274,
    283,
    293,
    299
  ],
  "premium_bands": [
    1200.0,
    1400.0,
    1500.0,
    1800.0,
    2000.0
  ],
  "deductible_bands": [
    0.0,
    150.0,
    300.0,
    600.0
  ],
  "affordability_enabled": false,
  "disallow_premium_bands": [],
  "disallow_penalty_multiplier": 100.0,
  "D_affordability": null,
  "use_tight_regulation": false,
  "qubo_file": "qubo_Q_S2_risk_adjusted_N150.npz",
  "regulation_encoding": "surplus T>=0 with (sum_{i in R} x_i) - (sum_l 2^l t_l) = Rmin",
  "diagnostics": {
    "cfg_hash_sha256": "3c770fd07731413d09b756081f2b6a4614eba1c6ce2462d8ae0940a825e1a5fc",
    "C_scale": 206445.81069863506,
    "scale_factor": 10.0,
    "A_base": 2064458.1069863506,
    "A_onehot": 1032229.0534931753,
    "B_reg": 2064458.1069863506,
    "onehot_multiplier": 0.5,
    "reg_multiplier": 1.0,
    "objective_magnitude_bound": 1268704731.7818196,
    "A_over_obj_bound": 0.0008136085786040001,
    "B_over_obj_bound": 0.0016272171572080001,
    "premium_max_abs": 2000.0,
    "sigma_abs_sum": 12684962859.711208,
    "R_size": 22,
    "Rmin": 14,
    "affordability_enabled": false,
    "disallow_penalty_multiplier": 100.0,
    "D_is_scaled_to_A_base_not_A": true,
    "Q_condition_number": 1842848.0045892482,
    "Q_eigenvalue_min": -58267087.230603114,
    "Q_eigenvalue_max": 621901449.8996708,
    "Q_eigenvalue_range": [
      -58267087.230603114,
      621901449.8996708
    ],
    "Q_eigenvalue_percentiles": {
      "p0": -58267087.230603114,
      "p25": -66799.45531489475,
      "p50": 253568.22569059947,
      "p75": 1053862.583483392,
      "p100": 621901449.8996708
    },
    "Q_eigenvalue_count_negative": 44,
    "Q_eigenvalue_count_positive": 119,
    "Q_eigenvalue_count_near_zero": 0,
    "note": "Condition number measures numerical stability; bounded growth with N suggests stable QUBO structure."
  }
}