{
  "scenario": "S4_affordability",
  "scenario_file": "config_qubo_S4.yaml",
  "seed": 2001,
  "ordering": "v = [x_1..x_N, y_1..y_M, z_1..z_K, t_0..t_{L-1}]",
  "N": 60,
  "M": 4,
  "K": 5,
  "L_reg_slack": 3,
  "n_total": 72,
  "x_range": [
    0,
    59
  ],
  "y_range": [
    60,
    63
  ],
  "z_range": [
    64,
    68
  ],
  "t_range": [
    69,
    71
  ],
  "C_scale": 77423.32970299807,
  "scale_factor": 10.0,
  "onehot_multiplier": 0.5,
  "reg_multiplier": 1.0,
  "A_base": 774233.2970299807,
  "A_onehot": 387116.64851499035,
  "B_reg": 774233.2970299807,
  "lambda_risk": 0.0,
  "R_size": 9,
  "Rmin": 6,
  "R_indices_zero_based": [
    0,
    10,
    17,
    20,
    27,
    39,
    40,
    52,
    59
  ],
  "R_feature_ids_1based": [
    1,
    11,
    18,
    21,
    28,
    40,
    41,
    53,
    60,
    61,
    71,
    77,
    81,
    90,
    96,
    103,
    109,
    118,
    122,
    129,
    134,
    142,
    153,
    155,
    164,
    167,
    179,
    185,
    187,
    195,
    203,
    209,
    220,
    221,
    228,
    236,
    243,
    249,
    257,
    264,
    271,
    274,
    283,
    293,
    299
  ],
  "premium_bands": [
    1200.0,
    1400.0,
    1500.0,
    1800.0,
    2000.0
  ],
  "deductible_bands": [
    0.0,
    150.0,
    300.0,
    600.0
  ],
  "affordability_enabled": true,
  "disallow_premium_bands": [
    4,
    5
  ],
  "disallow_penalty_multiplier": 100.0,
  "D_affordability": 77423329.70299807,
  "use_tight_regulation": false,
  "qubo_file": "qubo_Q_S4_affordability_N60.npz",
  "regulation_encoding": "surplus T>=0 with (sum_{i in R} x_i) - (sum_l 2^l t_l) = Rmin",
  "diagnostics": {
    "cfg_hash_sha256": "db2a25f90f5a85743df8d94f4207378f0edadee55c6ab8d783d9860229deb531",
    "C_scale": 77423.32970299807,
    "scale_factor": 10.0,
    "A_base": 774233.2970299807,
    "A_onehot": 387116.64851499035,
    "B_reg": 774233.2970299807,
    "onehot_multiplier": 0.5,
    "reg_multiplier": 1.0,
    "objective_magnitude_bound": 79423.32970299807,
    "A_over_obj_bound": 4.874092410411464,
    "B_over_obj_bound": 9.748184820822928,
    "premium_max_abs": 2000.0,
    "sigma_abs_sum": 2313683719.244622,
    "R_size": 9,
    "Rmin": 6,
    "affordability_enabled": true,
    "disallow_penalty_multiplier": 100.0,
    "D_is_scaled_to_A_base_not_A": true,
    "Q_condition_number": 593599.8585827571,
    "Q_eigenvalue_min": -9290550.132293183,
    "Q_eigenvalue_max": 77433099.88735639,
    "Q_eigenvalue_range": [
      -9290550.132293183,
      77433099.88735639
    ],
    "Q_eigenvalue_percentiles": {
      "p0": -9290550.132293183,
      "p25": 239.85390840569946,
      "p50": 739.9477163597792,
      "p75": 2084.0285283002045,
      "p100": 77433099.88735639
    },
    "Q_eigenvalue_count_negative": 14,
    "Q_eigenvalue_count_positive": 58,
    "Q_eigenvalue_count_near_zero": 0,
    "note": "Condition number measures numerical stability; bounded growth with N suggests stable QUBO structure.",
    "D_affordability": 77423329.70299807,
    "D_over_premium_max_abs": 38711.66485149904,
    "D_over_obj_bound": 974.8184820822929
  }
}