{
  "scenario": "S2_risk_adjusted",
  "scenario_file": "config_qubo_S2.yaml",
  "seed": 2001,
  "ordering": "v = [x_1..x_N, y_1..y_M, z_1..z_K, t_0..t_{L-1}]",
  "N": 300,
  "M": 4,
  "K": 5,
  "L_reg_slack": 5,
  "n_total": 314,
  "x_range": [
    0,
    299
  ],
  "y_range": [
    300,
    303
  ],
  "z_range": [
    304,
    308
  ],
  "t_range": [
    309,
    313
  ],
  "C_scale": 403289.49236515583,
  "scale_factor": 10.0,
  "onehot_multiplier": 0.5,
  "reg_multiplier": 1.0,
  "A_base": 4032894.9236515583,
  "A_onehot": 2016447.4618257792,
  "B_reg": 4032894.9236515583,
  "lambda_risk": 0.1,
  "R_size": 45,
  "Rmin": 27,
  "R_indices_zero_based": [
    0,
    10,
    17,
    20,
    27,
    39,
    40,
    52,
    59,
    60,
    70,
    76,
    80,
    89,
    95,
    102,
    108,
    117,
    121,
    128,
    133,
    141,
    152,
    154,
    163,
    166,
    178,
    184,
    186,
    194,
    202,
    208,
    219,
    220,
    227,
    235,
    242,
    248,
    256,
    263,
    270,
    273,
    282,
    292,
    298
  ],
  "R_feature_ids_1based": [
    1,
    11,
    18,
    21,
    28,
    40,
    41,
    53,
    60,
    61,
    71,
    77,
    81,
    90,
    96,
    103,
    109,
    118,
    122,
    129,
    134,
    142,
    153,
    155,
    164,
    167,
    179,
    185,
    187,
    195,
    203,
    209,
    220,
    221,
    228,
    236,
    243,
    249,
    257,
    264,
    271,
    274,
    283,
    293,
    299
  ],
  "premium_bands": [
    1200.0,
    1400.0,
    1500.0,
    1800.0,
    2000.0
  ],
  "deductible_bands": [
    0.0,
    150.0,
    300.0,
    600.0
  ],
  "affordability_enabled": false,
  "disallow_premium_bands": [],
  "disallow_penalty_multiplier": 100.0,
  "D_affordability": null,
  "use_tight_regulation": false,
  "qubo_file": "qubo_Q_S2_risk_adjusted_N300.npz",
  "regulation_encoding": "surplus T>=0 with (sum_{i in R} x_i) - (sum_l 2^l t_l) = Rmin",
  "diagnostics": {
    "cfg_hash_sha256": "e61971136ef4d4ec78795f11cbee3ffb7a1aac81bc76cca2cc98dfda8811655e",
    "C_scale": 403289.49236515583,
    "scale_factor": 10.0,
    "A_base": 4032894.9236515583,
    "A_onehot": 2016447.4618257792,
    "B_reg": 4032894.9236515583,
    "onehot_multiplier": 0.5,
    "reg_multiplier": 1.0,
    "objective_magnitude_bound": 3624691331.6822414,
    "A_over_obj_bound": 0.0005563087384022666,
    "B_over_obj_bound": 0.0011126174768045331,
    "premium_max_abs": 2000.0,
    "sigma_abs_sum": 36242860421.89876,
    "R_size": 45,
    "Rmin": 27,
    "affordability_enabled": false,
    "disallow_penalty_multiplier": 100.0,
    "D_is_scaled_to_A_base_not_A": true,
    "Q_condition_number": 31890162.13873116,
    "Q_eigenvalue_min": -220343305.99132225,
    "Q_eigenvalue_max": 4693339790.99305,
    "Q_eigenvalue_range": [
      -220343305.99132225,
      4693339790.99305
    ],
    "Q_eigenvalue_percentiles": {
      "p0": -220343305.99132225,
      "p25": -111837.15353216976,
      "p50": 240724.25207023195,
      "p75": 1054869.3606313854,
      "p100": 4693339790.99305
    },
    "Q_eigenvalue_count_negative": 85,
    "Q_eigenvalue_count_positive": 229,
    "Q_eigenvalue_count_near_zero": 0,
    "note": "Condition number measures numerical stability; bounded growth with N suggests stable QUBO structure."
  }
}