{
  "scenario": "S2_risk_adjusted",
  "scenario_file": "config_qubo_S2.yaml",
  "seed": 2009,
  "ordering": "v = [x_1..x_N, y_1..y_M, z_1..z_K, t_0..t_{L-1}]",
  "N": 150,
  "M": 4,
  "K": 5,
  "L_reg_slack": 4,
  "n_total": 163,
  "x_range": [
    0,
    149
  ],
  "y_range": [
    150,
    153
  ],
  "z_range": [
    154,
    158
  ],
  "t_range": [
    159,
    162
  ],
  "C_scale": 205980.65352609416,
  "scale_factor": 10.0,
  "onehot_multiplier": 0.5,
  "reg_multiplier": 1.0,
  "A_base": 2059806.5352609416,
  "A_onehot": 1029903.2676304708,
  "B_reg": 2059806.5352609416,
  "lambda_risk": 0.1,
  "R_size": 22,
  "Rmin": 14,
  "R_indices_zero_based": [
    3,
    7,
    13,
    23,
    28,
    39,
    41,
    47,
    59,
    64,
    68,
    77,
    85,
    91,
    93,
    102,
    108,
    114,
    122,
    128,
    135,
    140
  ],
  "R_feature_ids_1based": [
    4,
    8,
    14,
    24,
    29,
    40,
    42,
    48,
    60,
    65,
    69,
    78,
    86,
    92,
    94,
    103,
    109,
    115,
    123,
    129,
    136,
    141,
    153,
    157,
    163,
    171,
    177,
    185,
    193,
    198,
    202,
    209,
    217,
    222,
    228,
    238,
    244,
    249,
    260,
    263,
    269,
    278,
    281,
    292,
    297
  ],
  "premium_bands": [
    1200.0,
    1400.0,
    1500.0,
    1800.0,
    2000.0
  ],
  "deductible_bands": [
    0.0,
    150.0,
    300.0,
    600.0
  ],
  "affordability_enabled": false,
  "disallow_premium_bands": [],
  "disallow_penalty_multiplier": 100.0,
  "D_affordability": null,
  "use_tight_regulation": false,
  "qubo_file": "qubo_Q_S2_risk_adjusted_N150.npz",
  "regulation_encoding": "surplus T>=0 with (sum_{i in R} x_i) - (sum_l 2^l t_l) = Rmin",
  "diagnostics": {
    "cfg_hash_sha256": "7dee1c152d5a21753704e424273d3fa56577afad02b656f937fd26395287c82e",
    "C_scale": 205980.65352609416,
    "scale_factor": 10.0,
    "A_base": 2059806.5352609416,
    "A_onehot": 1029903.2676304708,
    "B_reg": 2059806.5352609416,
    "onehot_multiplier": 0.5,
    "reg_multiplier": 1.0,
    "objective_magnitude_bound": 730538674.3809755,
    "A_over_obj_bound": 0.0014097860985979461,
    "B_over_obj_bound": 0.0028195721971958922,
    "premium_max_abs": 2000.0,
    "sigma_abs_sum": 7303306937.274494,
    "R_size": 22,
    "Rmin": 14,
    "affordability_enabled": false,
    "disallow_penalty_multiplier": 100.0,
    "D_is_scaled_to_A_base_not_A": true,
    "Q_condition_number": 3427916.8148743054,
    "Q_eigenvalue_min": -60370361.62536886,
    "Q_eigenvalue_max": 620542830.3813195,
    "Q_eigenvalue_range": [
      -60370361.62536886,
      620542830.3813195
    ],
    "Q_eigenvalue_percentiles": {
      "p0": -60370361.62536886,
      "p25": 288.72027492210003,
      "p50": 328028.0020958474,
      "p75": 1079969.3031318057,
      "p100": 620542830.3813195
    },
    "Q_eigenvalue_count_negative": 40,
    "Q_eigenvalue_count_positive": 123,
    "Q_eigenvalue_count_near_zero": 0,
    "note": "Condition number measures numerical stability; bounded growth with N suggests stable QUBO structure."
  }
}