{
  "scenario": "S3_tight_regulation",
  "scenario_file": "config_qubo_S3.yaml",
  "seed": 2009,
  "ordering": "v = [x_1..x_N, y_1..y_M, z_1..z_K, t_0..t_{L-1}]",
  "N": 150,
  "M": 4,
  "K": 5,
  "L_reg_slack": 5,
  "n_total": 164,
  "x_range": [
    0,
    149
  ],
  "y_range": [
    150,
    153
  ],
  "z_range": [
    154,
    158
  ],
  "t_range": [
    159,
    163
  ],
  "C_scale": 205980.65352609416,
  "scale_factor": 10.0,
  "onehot_multiplier": 0.5,
  "reg_multiplier": 1.0,
  "A_base": 2059806.5352609416,
  "A_onehot": 1029903.2676304708,
  "B_reg": 2059806.5352609416,
  "lambda_risk": 0.0,
  "R_size": 22,
  "Rmin": 19,
  "R_indices_zero_based": [
    3,
    7,
    13,
    23,
    28,
    39,
    41,
    47,
    59,
    64,
    68,
    77,
    85,
    91,
    93,
    102,
    108,
    114,
    122,
    128,
    135,
    140
  ],
  "R_feature_ids_1based": [
    4,
    8,
    14,
    24,
    29,
    40,
    42,
    48,
    60,
    65,
    69,
    78,
    86,
    92,
    94,
    103,
    109,
    115,
    123,
    129,
    136,
    141,
    153,
    157,
    163,
    171,
    177,
    185,
    193,
    198,
    202,
    209,
    217,
    222,
    228,
    238,
    244,
    249,
    260,
    263,
    269,
    278,
    281,
    292,
    297
  ],
  "premium_bands": [
    1200.0,
    1400.0,
    1500.0,
    1800.0,
    2000.0
  ],
  "deductible_bands": [
    0.0,
    150.0,
    300.0,
    600.0
  ],
  "affordability_enabled": false,
  "disallow_premium_bands": [],
  "disallow_penalty_multiplier": 100.0,
  "D_affordability": null,
  "use_tight_regulation": true,
  "qubo_file": "qubo_Q_S3_tight_regulation_N150.npz",
  "regulation_encoding": "surplus T>=0 with (sum_{i in R} x_i) - (sum_l 2^l t_l) = Rmin",
  "diagnostics": {
    "cfg_hash_sha256": "6aa621657478dcf5c017e1396382024471203b732101b7c215093b5e4ff95ea4",
    "C_scale": 205980.65352609416,
    "scale_factor": 10.0,
    "A_base": 2059806.5352609416,
    "A_onehot": 1029903.2676304708,
    "B_reg": 2059806.5352609416,
    "onehot_multiplier": 0.5,
    "reg_multiplier": 1.0,
    "objective_magnitude_bound": 207980.65352609416,
    "A_over_obj_bound": 4.9519186047814525,
    "B_over_obj_bound": 9.903837209562905,
    "premium_max_abs": 2000.0,
    "sigma_abs_sum": 7303306937.274494,
    "R_size": 22,
    "Rmin": 19,
    "affordability_enabled": false,
    "disallow_penalty_multiplier": 100.0,
    "D_is_scaled_to_A_base_not_A": true,
    "Q_condition_number": 15801666.71096506,
    "Q_eigenvalue_min": -78272346.81400977,
    "Q_eigenvalue_max": 1876838213.4855642,
    "Q_eigenvalue_range": [
      -78272346.81400977,
      1876838213.4855642
    ],
    "Q_eigenvalue_percentiles": {
      "p0": -78272346.81400977,
      "p25": 187.9198169319829,
      "p50": 883.282025837831,
      "p75": 1997.2109395145171,
      "p100": 1876838213.4855642
    },
    "Q_eigenvalue_count_negative": 29,
    "Q_eigenvalue_count_positive": 135,
    "Q_eigenvalue_count_near_zero": 0,
    "note": "Condition number measures numerical stability; bounded growth with N suggests stable QUBO structure."
  }
}