{
  "scenario": "S2_risk_adjusted",
  "scenario_file": "config_qubo_S2.yaml",
  "seed": 2009,
  "ordering": "v = [x_1..x_N, y_1..y_M, z_1..z_K, t_0..t_{L-1}]",
  "N": 60,
  "M": 4,
  "K": 5,
  "L_reg_slack": 3,
  "n_total": 72,
  "x_range": [
    0,
    59
  ],
  "y_range": [
    60,
    63
  ],
  "z_range": [
    64,
    68
  ],
  "t_range": [
    69,
    71
  ],
  "C_scale": 79537.12919058098,
  "scale_factor": 10.0,
  "onehot_multiplier": 0.5,
  "reg_multiplier": 1.0,
  "A_base": 795371.2919058098,
  "A_onehot": 397685.6459529049,
  "B_reg": 795371.2919058098,
  "lambda_risk": 0.1,
  "R_size": 9,
  "Rmin": 6,
  "R_indices_zero_based": [
    3,
    7,
    13,
    23,
    28,
    39,
    41,
    47,
    59
  ],
  "R_feature_ids_1based": [
    4,
    8,
    14,
    24,
    29,
    40,
    42,
    48,
    60,
    65,
    69,
    78,
    86,
    92,
    94,
    103,
    109,
    115,
    123,
    129,
    136,
    141,
    153,
    157,
    163,
    171,
    177,
    185,
    193,
    198,
    202,
    209,
    217,
    222,
    228,
    238,
    244,
    249,
    260,
    263,
    269,
    278,
    281,
    292,
    297
  ],
  "premium_bands": [
    1200.0,
    1400.0,
    1500.0,
    1800.0,
    2000.0
  ],
  "deductible_bands": [
    0.0,
    150.0,
    300.0,
    600.0
  ],
  "affordability_enabled": false,
  "disallow_premium_bands": [],
  "disallow_penalty_multiplier": 100.0,
  "D_affordability": null,
  "use_tight_regulation": false,
  "qubo_file": "qubo_Q_S2_risk_adjusted_N60.npz",
  "regulation_encoding": "surplus T>=0 with (sum_{i in R} x_i) - (sum_l 2^l t_l) = Rmin",
  "diagnostics": {
    "cfg_hash_sha256": "f6cc8efb1f05c3a0c686a1ef3c00a8774b5009c95bbf1afcd18699db95d38415",
    "C_scale": 79537.12919058098,
    "scale_factor": 10.0,
    "A_base": 795371.2919058098,
    "A_onehot": 397685.6459529049,
    "B_reg": 795371.2919058098,
    "onehot_multiplier": 0.5,
    "reg_multiplier": 1.0,
    "objective_magnitude_bound": 108437527.46531849,
    "A_over_obj_bound": 0.003667417131768303,
    "B_over_obj_bound": 0.007334834263536606,
    "premium_max_abs": 2000.0,
    "sigma_abs_sum": 1083559903.361279,
    "R_size": 9,
    "Rmin": 6,
    "affordability_enabled": false,
    "disallow_penalty_multiplier": 100.0,
    "D_is_scaled_to_A_base_not_A": true,
    "Q_condition_number": 40640.31275239228,
    "Q_eigenvalue_min": -10917928.644542024,
    "Q_eigenvalue_max": 54542342.53168036,
    "Q_eigenvalue_range": [
      -10917928.644542024,
      54542342.53168036
    ],
    "Q_eigenvalue_percentiles": {
      "p0": -10917928.644542024,
      "p25": -4394.337129661855,
      "p50": 347000.9383897637,
      "p75": 1120085.5502496902,
      "p100": 54542342.53168036
    },
    "Q_eigenvalue_count_negative": 18,
    "Q_eigenvalue_count_positive": 54,
    "Q_eigenvalue_count_near_zero": 0,
    "note": "Condition number measures numerical stability; bounded growth with N suggests stable QUBO structure."
  }
}