{
  "scenario": "S1_cost_only",
  "scenario_file": "config_qubo_S1.yaml",
  "seed": 2009,
  "ordering": "v = [x_1..x_N, y_1..y_M, z_1..z_K, t_0..t_{L-1}]",
  "N": 300,
  "M": 4,
  "K": 5,
  "L_reg_slack": 5,
  "n_total": 314,
  "x_range": [
    0,
    299
  ],
  "y_range": [
    300,
    303
  ],
  "z_range": [
    304,
    308
  ],
  "t_range": [
    309,
    313
  ],
  "C_scale": 400179.08489479846,
  "scale_factor": 10.0,
  "onehot_multiplier": 0.5,
  "reg_multiplier": 1.0,
  "A_base": 4001790.8489479846,
  "A_onehot": 2000895.4244739923,
  "B_reg": 4001790.8489479846,
  "lambda_risk": 0.0,
  "R_size": 45,
  "Rmin": 27,
  "R_indices_zero_based": [
    3,
    7,
    13,
    23,
    28,
    39,
    41,
    47,
    59,
    64,
    68,
    77,
    85,
    91,
    93,
    102,
    108,
    114,
    122,
    128,
    135,
    140,
    152,
    156,
    162,
    170,
    176,
    184,
    192,
    197,
    201,
    208,
    216,
    221,
    227,
    237,
    243,
    248,
    259,
    262,
    268,
    277,
    280,
    291,
    296
  ],
  "R_feature_ids_1based": [
    4,
    8,
    14,
    24,
    29,
    40,
    42,
    48,
    60,
    65,
    69,
    78,
    86,
    92,
    94,
    103,
    109,
    115,
    123,
    129,
    136,
    141,
    153,
    157,
    163,
    171,
    177,
    185,
    193,
    198,
    202,
    209,
    217,
    222,
    228,
    238,
    244,
    249,
    260,
    263,
    269,
    278,
    281,
    292,
    297
  ],
  "premium_bands": [
    1200.0,
    1400.0,
    1500.0,
    1800.0,
    2000.0
  ],
  "deductible_bands": [
    0.0,
    150.0,
    300.0,
    600.0
  ],
  "affordability_enabled": false,
  "disallow_premium_bands": [],
  "disallow_penalty_multiplier": 100.0,
  "D_affordability": null,
  "use_tight_regulation": false,
  "qubo_file": "qubo_Q_S1_cost_only_N300.npz",
  "regulation_encoding": "surplus T>=0 with (sum_{i in R} x_i) - (sum_l 2^l t_l) = Rmin",
  "diagnostics": {
    "cfg_hash_sha256": "3a81893fc8277e76a1c199fac4e47d23b58c670e415736fbaf56486d4d0a449e",
    "C_scale": 400179.08489479846,
    "scale_factor": 10.0,
    "A_base": 4001790.8489479846,
    "A_onehot": 2000895.4244739923,
    "B_reg": 4001790.8489479846,
    "onehot_multiplier": 0.5,
    "reg_multiplier": 1.0,
    "objective_magnitude_bound": 402179.08489479846,
    "A_over_obj_bound": 4.975135454886681,
    "B_over_obj_bound": 9.950270909773362,
    "premium_max_abs": 2000.0,
    "sigma_abs_sum": 31779899394.33449,
    "R_size": 45,
    "Rmin": 27,
    "affordability_enabled": false,
    "disallow_penalty_multiplier": 100.0,
    "D_is_scaled_to_A_base_not_A": true,
    "Q_condition_number": 39209751.59238037,
    "Q_eigenvalue_min": -216096575.21995822,
    "Q_eigenvalue_max": 4657126459.178787,
    "Q_eigenvalue_range": [
      -216096575.21995822,
      4657126459.178787
    ],
    "Q_eigenvalue_percentiles": {
      "p0": -216096575.21995822,
      "p25": 241.85753924689715,
      "p50": 807.283757392768,
      "p75": 2031.2044107142742,
      "p100": 4657126459.178787
    },
    "Q_eigenvalue_count_negative": 52,
    "Q_eigenvalue_count_positive": 262,
    "Q_eigenvalue_count_near_zero": 0,
    "note": "Condition number measures numerical stability; bounded growth with N suggests stable QUBO structure."
  }
}