{
  "scenario": "S4_affordability",
  "scenario_file": "config_qubo_S4.yaml",
  "seed": 2009,
  "ordering": "v = [x_1..x_N, y_1..y_M, z_1..z_K, t_0..t_{L-1}]",
  "N": 100,
  "M": 4,
  "K": 5,
  "L_reg_slack": 4,
  "n_total": 113,
  "x_range": [
    0,
    99
  ],
  "y_range": [
    100,
    103
  ],
  "z_range": [
    104,
    108
  ],
  "t_range": [
    109,
    112
  ],
  "C_scale": 136432.00323440682,
  "scale_factor": 10.0,
  "onehot_multiplier": 0.5,
  "reg_multiplier": 1.0,
  "A_base": 1364320.0323440682,
  "A_onehot": 682160.0161720341,
  "B_reg": 1364320.0323440682,
  "lambda_risk": 0.0,
  "R_size": 15,
  "Rmin": 9,
  "R_indices_zero_based": [
    3,
    7,
    13,
    23,
    28,
    39,
    41,
    47,
    59,
    64,
    68,
    77,
    85,
    91,
    93
  ],
  "R_feature_ids_1based": [
    4,
    8,
    14,
    24,
    29,
    40,
    42,
    48,
    60,
    65,
    69,
    78,
    86,
    92,
    94,
    103,
    109,
    115,
    123,
    129,
    136,
    141,
    153,
    157,
    163,
    171,
    177,
    185,
    193,
    198,
    202,
    209,
    217,
    222,
    228,
    238,
    244,
    249,
    260,
    263,
    269,
    278,
    281,
    292,
    297
  ],
  "premium_bands": [
    1200.0,
    1400.0,
    1500.0,
    1800.0,
    2000.0
  ],
  "deductible_bands": [
    0.0,
    150.0,
    300.0,
    600.0
  ],
  "affordability_enabled": true,
  "disallow_premium_bands": [
    4,
    5
  ],
  "disallow_penalty_multiplier": 100.0,
  "D_affordability": 136432003.23440683,
  "use_tight_regulation": false,
  "qubo_file": "qubo_Q_S4_affordability_N100.npz",
  "regulation_encoding": "surplus T>=0 with (sum_{i in R} x_i) - (sum_l 2^l t_l) = Rmin",
  "diagnostics": {
    "cfg_hash_sha256": "9d87f3c18f29898a0adf24a55c77e367c4ef32f00ab0c549dcbe41885261f3f3",
    "C_scale": 136432.00323440682,
    "scale_factor": 10.0,
    "A_base": 1364320.0323440682,
    "A_onehot": 682160.0161720341,
    "B_reg": 1364320.0323440682,
    "onehot_multiplier": 0.5,
    "reg_multiplier": 1.0,
    "objective_magnitude_bound": 138432.00323440682,
    "A_over_obj_bound": 4.927762368770558,
    "B_over_obj_bound": 9.855524737541115,
    "premium_max_abs": 2000.0,
    "sigma_abs_sum": 3118588411.269789,
    "R_size": 15,
    "Rmin": 9,
    "affordability_enabled": true,
    "disallow_penalty_multiplier": 100.0,
    "D_is_scaled_to_A_base_not_A": true,
    "Q_condition_number": 2566189.711569839,
    "Q_eigenvalue_min": -24557455.417542767,
    "Q_eigenvalue_max": 304798411.604686,
    "Q_eigenvalue_range": [
      -24557455.417542767,
      304798411.604686
    ],
    "Q_eigenvalue_percentiles": {
      "p0": -24557455.417542767,
      "p25": 188.39955179835752,
      "p50": 907.550882385613,
      "p75": 2166.6581944909026,
      "p100": 304798411.604686
    },
    "Q_eigenvalue_count_negative": 20,
    "Q_eigenvalue_count_positive": 93,
    "Q_eigenvalue_count_near_zero": 0,
    "note": "Condition number measures numerical stability; bounded growth with N suggests stable QUBO structure.",
    "D_affordability": 136432003.23440683,
    "D_over_premium_max_abs": 68216.00161720341,
    "D_over_obj_bound": 985.5524737541117
  }
}