{
  "scenario": "S3_tight_regulation",
  "scenario_file": "config_qubo_S3.yaml",
  "seed": 2009,
  "ordering": "v = [x_1..x_N, y_1..y_M, z_1..z_K, t_0..t_{L-1}]",
  "N": 100,
  "M": 4,
  "K": 5,
  "L_reg_slack": 4,
  "n_total": 113,
  "x_range": [
    0,
    99
  ],
  "y_range": [
    100,
    103
  ],
  "z_range": [
    104,
    108
  ],
  "t_range": [
    109,
    112
  ],
  "C_scale": 136432.00323440682,
  "scale_factor": 10.0,
  "onehot_multiplier": 0.5,
  "reg_multiplier": 1.0,
  "A_base": 1364320.0323440682,
  "A_onehot": 682160.0161720341,
  "B_reg": 1364320.0323440682,
  "lambda_risk": 0.0,
  "R_size": 15,
  "Rmin": 13,
  "R_indices_zero_based": [
    3,
    7,
    13,
    23,
    28,
    39,
    41,
    47,
    59,
    64,
    68,
    77,
    85,
    91,
    93
  ],
  "R_feature_ids_1based": [
    4,
    8,
    14,
    24,
    29,
    40,
    42,
    48,
    60,
    65,
    69,
    78,
    86,
    92,
    94,
    103,
    109,
    115,
    123,
    129,
    136,
    141,
    153,
    157,
    163,
    171,
    177,
    185,
    193,
    198,
    202,
    209,
    217,
    222,
    228,
    238,
    244,
    249,
    260,
    263,
    269,
    278,
    281,
    292,
    297
  ],
  "premium_bands": [
    1200.0,
    1400.0,
    1500.0,
    1800.0,
    2000.0
  ],
  "deductible_bands": [
    0.0,
    150.0,
    300.0,
    600.0
  ],
  "affordability_enabled": false,
  "disallow_premium_bands": [],
  "disallow_penalty_multiplier": 100.0,
  "D_affordability": null,
  "use_tight_regulation": true,
  "qubo_file": "qubo_Q_S3_tight_regulation_N100.npz",
  "regulation_encoding": "surplus T>=0 with (sum_{i in R} x_i) - (sum_l 2^l t_l) = Rmin",
  "diagnostics": {
    "cfg_hash_sha256": "0323a61567b653501bbc733f634585964d4fb43837227e46b1e1265400c0f2bd",
    "C_scale": 136432.00323440682,
    "scale_factor": 10.0,
    "A_base": 1364320.0323440682,
    "A_onehot": 682160.0161720341,
    "B_reg": 1364320.0323440682,
    "onehot_multiplier": 0.5,
    "reg_multiplier": 1.0,
    "objective_magnitude_bound": 138432.00323440682,
    "A_over_obj_bound": 4.927762368770558,
    "B_over_obj_bound": 9.855524737541115,
    "premium_max_abs": 2000.0,
    "sigma_abs_sum": 3118588411.269789,
    "R_size": 15,
    "Rmin": 13,
    "affordability_enabled": false,
    "disallow_penalty_multiplier": 100.0,
    "D_is_scaled_to_A_base_not_A": true,
    "Q_condition_number": 3262685.547276519,
    "Q_eigenvalue_min": -35472015.67621947,
    "Q_eigenvalue_max": 387524495.0916467,
    "Q_eigenvalue_range": [
      -35472015.67621947,
      387524495.0916467
    ],
    "Q_eigenvalue_percentiles": {
      "p0": -35472015.67621947,
      "p25": 167.63191900741026,
      "p50": 903.8591123370293,
      "p75": 2090.341582148401,
      "p100": 387524495.0916467
    },
    "Q_eigenvalue_count_negative": 22,
    "Q_eigenvalue_count_positive": 91,
    "Q_eigenvalue_count_near_zero": 0,
    "note": "Condition number measures numerical stability; bounded growth with N suggests stable QUBO structure."
  }
}