{
  "scenario": "S2_risk_adjusted",
  "scenario_file": "config_qubo_S2.yaml",
  "seed": 2009,
  "ordering": "v = [x_1..x_N, y_1..y_M, z_1..z_K, t_0..t_{L-1}]",
  "N": 200,
  "M": 4,
  "K": 5,
  "L_reg_slack": 5,
  "n_total": 214,
  "x_range": [
    0,
    199
  ],
  "y_range": [
    200,
    203
  ],
  "z_range": [
    204,
    208
  ],
  "t_range": [
    209,
    213
  ],
  "C_scale": 263608.2947979425,
  "scale_factor": 10.0,
  "onehot_multiplier": 0.5,
  "reg_multiplier": 1.0,
  "A_base": 2636082.947979425,
  "A_onehot": 1318041.4739897125,
  "B_reg": 2636082.947979425,
  "lambda_risk": 0.1,
  "R_size": 30,
  "Rmin": 18,
  "R_indices_zero_based": [
    3,
    7,
    13,
    23,
    28,
    39,
    41,
    47,
    59,
    64,
    68,
    77,
    85,
    91,
    93,
    102,
    108,
    114,
    122,
    128,
    135,
    140,
    152,
    156,
    162,
    170,
    176,
    184,
    192,
    197
  ],
  "R_feature_ids_1based": [
    4,
    8,
    14,
    24,
    29,
    40,
    42,
    48,
    60,
    65,
    69,
    78,
    86,
    92,
    94,
    103,
    109,
    115,
    123,
    129,
    136,
    141,
    153,
    157,
    163,
    171,
    177,
    185,
    193,
    198,
    202,
    209,
    217,
    222,
    228,
    238,
    244,
    249,
    260,
    263,
    269,
    278,
    281,
    292,
    297
  ],
  "premium_bands": [
    1200.0,
    1400.0,
    1500.0,
    1800.0,
    2000.0
  ],
  "deductible_bands": [
    0.0,
    150.0,
    300.0,
    600.0
  ],
  "affordability_enabled": false,
  "disallow_premium_bands": [],
  "disallow_penalty_multiplier": 100.0,
  "D_affordability": null,
  "use_tight_regulation": false,
  "qubo_file": "qubo_Q_S2_risk_adjusted_N200.npz",
  "regulation_encoding": "surplus T>=0 with (sum_{i in R} x_i) - (sum_l 2^l t_l) = Rmin",
  "diagnostics": {
    "cfg_hash_sha256": "42458ace784da512ccb3aebe032e53db7a3d357db820f767bc2a87e54c81532a",
    "C_scale": 263608.2947979425,
    "scale_factor": 10.0,
    "A_base": 2636082.947979425,
    "A_onehot": 1318041.4739897125,
    "B_reg": 2636082.947979425,
    "onehot_multiplier": 0.5,
    "reg_multiplier": 1.0,
    "objective_magnitude_bound": 1049724243.2158804,
    "A_over_obj_bound": 0.001255607348794603,
    "B_over_obj_bound": 0.002511214697589206,
    "premium_max_abs": 2000.0,
    "sigma_abs_sum": 10494586349.210825,
    "R_size": 30,
    "Rmin": 18,
    "affordability_enabled": false,
    "disallow_penalty_multiplier": 100.0,
    "D_is_scaled_to_A_base_not_A": true,
    "Q_condition_number": 12867414.654624531,
    "Q_eigenvalue_min": -97871120.21131754,
    "Q_eigenvalue_max": 2329339482.9427757,
    "Q_eigenvalue_range": [
      -97871120.21131754,
      2329339482.9427757
    ],
    "Q_eigenvalue_percentiles": {
      "p0": -97871120.21131754,
      "p25": -82069.07668363376,
      "p50": 261600.39606458024,
      "p75": 1024614.8328630754,
      "p100": 2329339482.9427757
    },
    "Q_eigenvalue_count_negative": 56,
    "Q_eigenvalue_count_positive": 158,
    "Q_eigenvalue_count_near_zero": 0,
    "note": "Condition number measures numerical stability; bounded growth with N suggests stable QUBO structure."
  }
}