{
  "scenario": "S4_affordability",
  "scenario_file": "config_qubo_S4.yaml",
  "seed": 2009,
  "ordering": "v = [x_1..x_N, y_1..y_M, z_1..z_K, t_0..t_{L-1}]",
  "N": 60,
  "M": 4,
  "K": 5,
  "L_reg_slack": 3,
  "n_total": 72,
  "x_range": [
    0,
    59
  ],
  "y_range": [
    60,
    63
  ],
  "z_range": [
    64,
    68
  ],
  "t_range": [
    69,
    71
  ],
  "C_scale": 79537.12919058098,
  "scale_factor": 10.0,
  "onehot_multiplier": 0.5,
  "reg_multiplier": 1.0,
  "A_base": 795371.2919058098,
  "A_onehot": 397685.6459529049,
  "B_reg": 795371.2919058098,
  "lambda_risk": 0.0,
  "R_size": 9,
  "Rmin": 6,
  "R_indices_zero_based": [
    3,
    7,
    13,
    23,
    28,
    39,
    41,
    47,
    59
  ],
  "R_feature_ids_1based": [
    4,
    8,
    14,
    24,
    29,
    40,
    42,
    48,
    60,
    65,
    69,
    78,
    86,
    92,
    94,
    103,
    109,
    115,
    123,
    129,
    136,
    141,
    153,
    157,
    163,
    171,
    177,
    185,
    193,
    198,
    202,
    209,
    217,
    222,
    228,
    238,
    244,
    249,
    260,
    263,
    269,
    278,
    281,
    292,
    297
  ],
  "premium_bands": [
    1200.0,
    1400.0,
    1500.0,
    1800.0,
    2000.0
  ],
  "deductible_bands": [
    0.0,
    150.0,
    300.0,
    600.0
  ],
  "affordability_enabled": true,
  "disallow_premium_bands": [
    4,
    5
  ],
  "disallow_penalty_multiplier": 100.0,
  "D_affordability": 79537129.19058098,
  "use_tight_regulation": false,
  "qubo_file": "qubo_Q_S4_affordability_N60.npz",
  "regulation_encoding": "surplus T>=0 with (sum_{i in R} x_i) - (sum_l 2^l t_l) = Rmin",
  "diagnostics": {
    "cfg_hash_sha256": "6150ad68553789f7c33ec77a70251528432964733ed63c668faa83d99fb3e636",
    "C_scale": 79537.12919058098,
    "scale_factor": 10.0,
    "A_base": 795371.2919058098,
    "A_onehot": 397685.6459529049,
    "B_reg": 795371.2919058098,
    "onehot_multiplier": 0.5,
    "reg_multiplier": 1.0,
    "objective_magnitude_bound": 81537.12919058098,
    "A_over_obj_bound": 4.87735648655686,
    "B_over_obj_bound": 9.75471297311372,
    "premium_max_abs": 2000.0,
    "sigma_abs_sum": 1083559903.361279,
    "R_size": 9,
    "Rmin": 6,
    "affordability_enabled": true,
    "disallow_penalty_multiplier": 100.0,
    "D_is_scaled_to_A_base_not_A": true,
    "Q_condition_number": 669732.0085535502,
    "Q_eigenvalue_min": -9544147.580545405,
    "Q_eigenvalue_max": 79547217.98957399,
    "Q_eigenvalue_range": [
      -9544147.580545405,
      79547217.98957399
    ],
    "Q_eigenvalue_percentiles": {
      "p0": -9544147.580545405,
      "p25": 162.0835102443736,
      "p50": 910.5447525404222,
      "p75": 2252.9615192985116,
      "p100": 79547217.98957399
    },
    "Q_eigenvalue_count_negative": 14,
    "Q_eigenvalue_count_positive": 58,
    "Q_eigenvalue_count_near_zero": 0,
    "note": "Condition number measures numerical stability; bounded growth with N suggests stable QUBO structure.",
    "D_affordability": 79537129.19058098,
    "D_over_premium_max_abs": 39768.56459529049,
    "D_over_obj_bound": 975.4712973113722
  }
}