{
  "scenario": "S4_affordability",
  "scenario_file": "config_qubo_S4.yaml",
  "seed": 2003,
  "ordering": "v = [x_1..x_N, y_1..y_M, z_1..z_K, t_0..t_{L-1}]",
  "N": 60,
  "M": 4,
  "K": 5,
  "L_reg_slack": 3,
  "n_total": 72,
  "x_range": [
    0,
    59
  ],
  "y_range": [
    60,
    63
  ],
  "z_range": [
    64,
    68
  ],
  "t_range": [
    69,
    71
  ],
  "C_scale": 80296.51224123534,
  "scale_factor": 10.0,
  "onehot_multiplier": 0.5,
  "reg_multiplier": 1.0,
  "A_base": 802965.1224123534,
  "A_onehot": 401482.5612061767,
  "B_reg": 802965.1224123534,
  "lambda_risk": 0.0,
  "R_size": 9,
  "Rmin": 6,
  "R_indices_zero_based": [
    1,
    10,
    16,
    24,
    26,
    36,
    40,
    49,
    54
  ],
  "R_feature_ids_1based": [
    2,
    11,
    17,
    25,
    27,
    37,
    41,
    50,
    55,
    65,
    67,
    77,
    85,
    88,
    99,
    103,
    111,
    119,
    124,
    127,
    140,
    143,
    150,
    160,
    163,
    168,
    178,
    181,
    193,
    199,
    204,
    207,
    218,
    226,
    231,
    234,
    243,
    251,
    255,
    261,
    269,
    277,
    282,
    287,
    300
  ],
  "premium_bands": [
    1200.0,
    1400.0,
    1500.0,
    1800.0,
    2000.0
  ],
  "deductible_bands": [
    0.0,
    150.0,
    300.0,
    600.0
  ],
  "affordability_enabled": true,
  "disallow_premium_bands": [
    4,
    5
  ],
  "disallow_penalty_multiplier": 100.0,
  "D_affordability": 80296512.24123535,
  "use_tight_regulation": false,
  "qubo_file": "qubo_Q_S4_affordability_N60.npz",
  "regulation_encoding": "surplus T>=0 with (sum_{i in R} x_i) - (sum_l 2^l t_l) = Rmin",
  "diagnostics": {
    "cfg_hash_sha256": "aee41ae4944f821f9915f1878a3ef8d90072df826e17961f5099663968cc1fbc",
    "C_scale": 80296.51224123534,
    "scale_factor": 10.0,
    "A_base": 802965.1224123534,
    "A_onehot": 401482.5612061767,
    "B_reg": 802965.1224123534,
    "onehot_multiplier": 0.5,
    "reg_multiplier": 1.0,
    "objective_magnitude_bound": 82296.51224123534,
    "A_over_obj_bound": 4.878488167631126,
    "B_over_obj_bound": 9.756976335262252,
    "premium_max_abs": 2000.0,
    "sigma_abs_sum": 1622616557.31493,
    "R_size": 9,
    "Rmin": 6,
    "affordability_enabled": true,
    "disallow_penalty_multiplier": 100.0,
    "D_is_scaled_to_A_base_not_A": true,
    "Q_condition_number": 638143.0242011107,
    "Q_eigenvalue_min": -9635348.108865533,
    "Q_eigenvalue_max": 80306715.50262839,
    "Q_eigenvalue_range": [
      -9635348.108865533,
      80306715.50262839
    ],
    "Q_eigenvalue_percentiles": {
      "p0": -9635348.108865533,
      "p25": 190.9882219629665,
      "p50": 922.1704012194323,
      "p75": 2344.4456515943248,
      "p100": 80306715.50262839
    },
    "Q_eigenvalue_count_negative": 14,
    "Q_eigenvalue_count_positive": 58,
    "Q_eigenvalue_count_near_zero": 0,
    "note": "Condition number measures numerical stability; bounded growth with N suggests stable QUBO structure.",
    "D_affordability": 80296512.24123535,
    "D_over_premium_max_abs": 40148.256120617676,
    "D_over_obj_bound": 975.6976335262252
  }
}