{
  "scenario": "S3_tight_regulation",
  "scenario_file": "config_qubo_S3.yaml",
  "seed": 2003,
  "ordering": "v = [x_1..x_N, y_1..y_M, z_1..z_K, t_0..t_{L-1}]",
  "N": 150,
  "M": 4,
  "K": 5,
  "L_reg_slack": 5,
  "n_total": 164,
  "x_range": [
    0,
    149
  ],
  "y_range": [
    150,
    153
  ],
  "z_range": [
    154,
    158
  ],
  "t_range": [
    159,
    163
  ],
  "C_scale": 190647.78477464,
  "scale_factor": 10.0,
  "onehot_multiplier": 0.5,
  "reg_multiplier": 1.0,
  "A_base": 1906477.8477464,
  "A_onehot": 953238.9238732,
  "B_reg": 1906477.8477464,
  "lambda_risk": 0.0,
  "R_size": 23,
  "Rmin": 20,
  "R_indices_zero_based": [
    1,
    10,
    16,
    24,
    26,
    36,
    40,
    49,
    54,
    64,
    66,
    76,
    84,
    87,
    98,
    102,
    110,
    118,
    123,
    126,
    139,
    142,
    149
  ],
  "R_feature_ids_1based": [
    2,
    11,
    17,
    25,
    27,
    37,
    41,
    50,
    55,
    65,
    67,
    77,
    85,
    88,
    99,
    103,
    111,
    119,
    124,
    127,
    140,
    143,
    150,
    160,
    163,
    168,
    178,
    181,
    193,
    199,
    204,
    207,
    218,
    226,
    231,
    234,
    243,
    251,
    255,
    261,
    269,
    277,
    282,
    287,
    300
  ],
  "premium_bands": [
    1200.0,
    1400.0,
    1500.0,
    1800.0,
    2000.0
  ],
  "deductible_bands": [
    0.0,
    150.0,
    300.0,
    600.0
  ],
  "affordability_enabled": false,
  "disallow_premium_bands": [],
  "disallow_penalty_multiplier": 100.0,
  "D_affordability": null,
  "use_tight_regulation": true,
  "qubo_file": "qubo_Q_S3_tight_regulation_N150.npz",
  "regulation_encoding": "surplus T>=0 with (sum_{i in R} x_i) - (sum_l 2^l t_l) = Rmin",
  "diagnostics": {
    "cfg_hash_sha256": "cdfd7b15b475050bcfbf65a0abaf7b0348bee39ba5fb0738219c9557fc59bc9e",
    "C_scale": 190647.78477464,
    "scale_factor": 10.0,
    "A_base": 1906477.8477464,
    "A_onehot": 953238.9238732,
    "B_reg": 1906477.8477464,
    "onehot_multiplier": 0.5,
    "reg_multiplier": 1.0,
    "objective_magnitude_bound": 192647.78477464,
    "A_over_obj_bound": 4.948091798658894,
    "B_over_obj_bound": 9.896183597317789,
    "premium_max_abs": 2000.0,
    "sigma_abs_sum": 7817906111.830387,
    "R_size": 23,
    "Rmin": 20,
    "affordability_enabled": false,
    "disallow_penalty_multiplier": 100.0,
    "D_is_scaled_to_A_base_not_A": true,
    "Q_condition_number": 14271852.221344387,
    "Q_eigenvalue_min": -76258962.13107982,
    "Q_eigenvalue_max": 1796032445.0002875,
    "Q_eigenvalue_range": [
      -76258962.13107982,
      1796032445.0002875
    ],
    "Q_eigenvalue_percentiles": {
      "p0": -76258962.13107982,
      "p25": 213.38648655763387,
      "p50": 755.7557470196468,
      "p75": 2028.9325044710197,
      "p100": 1796032445.0002875
    },
    "Q_eigenvalue_count_negative": 30,
    "Q_eigenvalue_count_positive": 134,
    "Q_eigenvalue_count_near_zero": 0,
    "note": "Condition number measures numerical stability; bounded growth with N suggests stable QUBO structure."
  }
}