{
  "scenario": "S2_risk_adjusted",
  "scenario_file": "config_qubo_S2.yaml",
  "seed": 2003,
  "ordering": "v = [x_1..x_N, y_1..y_M, z_1..z_K, t_0..t_{L-1}]",
  "N": 300,
  "M": 4,
  "K": 5,
  "L_reg_slack": 5,
  "n_total": 314,
  "x_range": [
    0,
    299
  ],
  "y_range": [
    300,
    303
  ],
  "z_range": [
    304,
    308
  ],
  "t_range": [
    309,
    313
  ],
  "C_scale": 388684.317170814,
  "scale_factor": 10.0,
  "onehot_multiplier": 0.5,
  "reg_multiplier": 1.0,
  "A_base": 3886843.1717081405,
  "A_onehot": 1943421.5858540703,
  "B_reg": 3886843.1717081405,
  "lambda_risk": 0.1,
  "R_size": 45,
  "Rmin": 27,
  "R_indices_zero_based": [
    1,
    10,
    16,
    24,
    26,
    36,
    40,
    49,
    54,
    64,
    66,
    76,
    84,
    87,
    98,
    102,
    110,
    118,
    123,
    126,
    139,
    142,
    149,
    159,
    162,
    167,
    177,
    180,
    192,
    198,
    203,
    206,
    217,
    225,
    230,
    233,
    242,
    250,
    254,
    260,
    268,
    276,
    281,
    286,
    299
  ],
  "R_feature_ids_1based": [
    2,
    11,
    17,
    25,
    27,
    37,
    41,
    50,
    55,
    65,
    67,
    77,
    85,
    88,
    99,
    103,
    111,
    119,
    124,
    127,
    140,
    143,
    150,
    160,
    163,
    168,
    178,
    181,
    193,
    199,
    204,
    207,
    218,
    226,
    231,
    234,
    243,
    251,
    255,
    261,
    269,
    277,
    282,
    287,
    300
  ],
  "premium_bands": [
    1200.0,
    1400.0,
    1500.0,
    1800.0,
    2000.0
  ],
  "deductible_bands": [
    0.0,
    150.0,
    300.0,
    600.0
  ],
  "affordability_enabled": false,
  "disallow_premium_bands": [],
  "disallow_penalty_multiplier": 100.0,
  "D_affordability": null,
  "use_tight_regulation": false,
  "qubo_file": "qubo_Q_S2_risk_adjusted_N300.npz",
  "regulation_encoding": "surplus T>=0 with (sum_{i in R} x_i) - (sum_l 2^l t_l) = Rmin",
  "diagnostics": {
    "cfg_hash_sha256": "519f9935fa406a10c06d0c7bcb20956097c6b8596652d29d4715dff5e14a1a0d",
    "C_scale": 388684.317170814,
    "scale_factor": 10.0,
    "A_base": 3886843.1717081405,
    "A_onehot": 1943421.5858540703,
    "B_reg": 3886843.1717081405,
    "onehot_multiplier": 0.5,
    "reg_multiplier": 1.0,
    "objective_magnitude_bound": 3225384397.417066,
    "A_over_obj_bound": 0.0006025395259586392,
    "B_over_obj_bound": 0.0012050790519172784,
    "premium_max_abs": 2000.0,
    "sigma_abs_sum": 32249937130.99895,
    "R_size": 45,
    "Rmin": 27,
    "affordability_enabled": false,
    "disallow_penalty_multiplier": 100.0,
    "D_is_scaled_to_A_base_not_A": true,
    "Q_condition_number": 22890373.518399376,
    "Q_eigenvalue_min": -212690688.94227666,
    "Q_eigenvalue_max": 4523377085.723745,
    "Q_eigenvalue_range": [
      -212690688.94227666,
      4523377085.723745
    ],
    "Q_eigenvalue_percentiles": {
      "p0": -212690688.94227666,
      "p25": -330545.87875077303,
      "p50": 281193.28102063015,
      "p75": 763640.00319273,
      "p100": 4523377085.723745
    },
    "Q_eigenvalue_count_negative": 92,
    "Q_eigenvalue_count_positive": 222,
    "Q_eigenvalue_count_near_zero": 0,
    "note": "Condition number measures numerical stability; bounded growth with N suggests stable QUBO structure."
  }
}