{
  "scenario": "S4_affordability",
  "scenario_file": "config_qubo_S4.yaml",
  "seed": 2003,
  "ordering": "v = [x_1..x_N, y_1..y_M, z_1..z_K, t_0..t_{L-1}]",
  "N": 200,
  "M": 4,
  "K": 5,
  "L_reg_slack": 5,
  "n_total": 214,
  "x_range": [
    0,
    199
  ],
  "y_range": [
    200,
    203
  ],
  "z_range": [
    204,
    208
  ],
  "t_range": [
    209,
    213
  ],
  "C_scale": 252344.48281226476,
  "scale_factor": 10.0,
  "onehot_multiplier": 0.5,
  "reg_multiplier": 1.0,
  "A_base": 2523444.8281226475,
  "A_onehot": 1261722.4140613237,
  "B_reg": 2523444.8281226475,
  "lambda_risk": 0.0,
  "R_size": 30,
  "Rmin": 18,
  "R_indices_zero_based": [
    1,
    10,
    16,
    24,
    26,
    36,
    40,
    49,
    54,
    64,
    66,
    76,
    84,
    87,
    98,
    102,
    110,
    118,
    123,
    126,
    139,
    142,
    149,
    159,
    162,
    167,
    177,
    180,
    192,
    198
  ],
  "R_feature_ids_1based": [
    2,
    11,
    17,
    25,
    27,
    37,
    41,
    50,
    55,
    65,
    67,
    77,
    85,
    88,
    99,
    103,
    111,
    119,
    124,
    127,
    140,
    143,
    150,
    160,
    163,
    168,
    178,
    181,
    193,
    199,
    204,
    207,
    218,
    226,
    231,
    234,
    243,
    251,
    255,
    261,
    269,
    277,
    282,
    287,
    300
  ],
  "premium_bands": [
    1200.0,
    1400.0,
    1500.0,
    1800.0,
    2000.0
  ],
  "deductible_bands": [
    0.0,
    150.0,
    300.0,
    600.0
  ],
  "affordability_enabled": true,
  "disallow_premium_bands": [
    4,
    5
  ],
  "disallow_penalty_multiplier": 100.0,
  "D_affordability": 252344482.81226474,
  "use_tight_regulation": false,
  "qubo_file": "qubo_Q_S4_affordability_N200.npz",
  "regulation_encoding": "surplus T>=0 with (sum_{i in R} x_i) - (sum_l 2^l t_l) = Rmin",
  "diagnostics": {
    "cfg_hash_sha256": "c846c3f5849d2074576815ff1cce5dff8e083a2f7346c8508b51c02c8e60b813",
    "C_scale": 252344.48281226476,
    "scale_factor": 10.0,
    "A_base": 2523444.8281226475,
    "A_onehot": 1261722.4140613237,
    "B_reg": 2523444.8281226475,
    "onehot_multiplier": 0.5,
    "reg_multiplier": 1.0,
    "objective_magnitude_bound": 254344.48281226476,
    "A_over_obj_bound": 4.9606832438847075,
    "B_over_obj_bound": 9.921366487769415,
    "premium_max_abs": 2000.0,
    "sigma_abs_sum": 12966421505.38375,
    "R_size": 30,
    "Rmin": 18,
    "affordability_enabled": true,
    "disallow_penalty_multiplier": 100.0,
    "D_is_scaled_to_A_base_not_A": true,
    "Q_condition_number": 17718507.243645284,
    "Q_eigenvalue_min": -90843865.76283883,
    "Q_eigenvalue_max": 2229774621.7698917,
    "Q_eigenvalue_range": [
      -90843865.76283883,
      2229774621.7698917
    ],
    "Q_eigenvalue_percentiles": {
      "p0": -90843865.76283883,
      "p25": 283.99274304631075,
      "p50": 788.8581956727613,
      "p75": 2017.286392851418,
      "p100": 2229774621.7698917
    },
    "Q_eigenvalue_count_negative": 35,
    "Q_eigenvalue_count_positive": 179,
    "Q_eigenvalue_count_near_zero": 0,
    "note": "Condition number measures numerical stability; bounded growth with N suggests stable QUBO structure.",
    "D_affordability": 252344482.81226474,
    "D_over_premium_max_abs": 126172.24140613237,
    "D_over_obj_bound": 992.1366487769415
  }
}