{
  "scenario": "S2_risk_adjusted",
  "scenario_file": "config_qubo_S2.yaml",
  "seed": 2003,
  "ordering": "v = [x_1..x_N, y_1..y_M, z_1..z_K, t_0..t_{L-1}]",
  "N": 150,
  "M": 4,
  "K": 5,
  "L_reg_slack": 4,
  "n_total": 163,
  "x_range": [
    0,
    149
  ],
  "y_range": [
    150,
    153
  ],
  "z_range": [
    154,
    158
  ],
  "t_range": [
    159,
    162
  ],
  "C_scale": 190647.78477464,
  "scale_factor": 10.0,
  "onehot_multiplier": 0.5,
  "reg_multiplier": 1.0,
  "A_base": 1906477.8477464,
  "A_onehot": 953238.9238732,
  "B_reg": 1906477.8477464,
  "lambda_risk": 0.1,
  "R_size": 23,
  "Rmin": 14,
  "R_indices_zero_based": [
    1,
    10,
    16,
    24,
    26,
    36,
    40,
    49,
    54,
    64,
    66,
    76,
    84,
    87,
    98,
    102,
    110,
    118,
    123,
    126,
    139,
    142,
    149
  ],
  "R_feature_ids_1based": [
    2,
    11,
    17,
    25,
    27,
    37,
    41,
    50,
    55,
    65,
    67,
    77,
    85,
    88,
    99,
    103,
    111,
    119,
    124,
    127,
    140,
    143,
    150,
    160,
    163,
    168,
    178,
    181,
    193,
    199,
    204,
    207,
    218,
    226,
    231,
    234,
    243,
    251,
    255,
    261,
    269,
    277,
    282,
    287,
    300
  ],
  "premium_bands": [
    1200.0,
    1400.0,
    1500.0,
    1800.0,
    2000.0
  ],
  "deductible_bands": [
    0.0,
    150.0,
    300.0,
    600.0
  ],
  "affordability_enabled": false,
  "disallow_premium_bands": [],
  "disallow_penalty_multiplier": 100.0,
  "D_affordability": null,
  "use_tight_regulation": false,
  "qubo_file": "qubo_Q_S2_risk_adjusted_N150.npz",
  "regulation_encoding": "surplus T>=0 with (sum_{i in R} x_i) - (sum_l 2^l t_l) = Rmin",
  "diagnostics": {
    "cfg_hash_sha256": "fb2174d44d6fb80bcafef0955bd53e6a172ca438f14e9f8a05ae7d24e16e7e01",
    "C_scale": 190647.78477464,
    "scale_factor": 10.0,
    "A_base": 1906477.8477464,
    "A_onehot": 953238.9238732,
    "B_reg": 1906477.8477464,
    "onehot_multiplier": 0.5,
    "reg_multiplier": 1.0,
    "objective_magnitude_bound": 781983258.9678134,
    "A_over_obj_bound": 0.0012190017023272816,
    "B_over_obj_bound": 0.002438003404654563,
    "premium_max_abs": 2000.0,
    "sigma_abs_sum": 7817906111.830387,
    "R_size": 23,
    "Rmin": 14,
    "affordability_enabled": false,
    "disallow_penalty_multiplier": 100.0,
    "D_is_scaled_to_A_base_not_A": true,
    "Q_condition_number": 2114344.847999604,
    "Q_eigenvalue_min": -55386940.07319233,
    "Q_eigenvalue_max": 574830901.1230943,
    "Q_eigenvalue_range": [
      -55386940.07319233,
      574830901.1230943
    ],
    "Q_eigenvalue_percentiles": {
      "p0": -55386940.07319233,
      "p25": -223344.276410157,
      "p50": 273959.2348290264,
      "p75": 1110439.7244230313,
      "p100": 574830901.1230943
    },
    "Q_eigenvalue_count_negative": 47,
    "Q_eigenvalue_count_positive": 116,
    "Q_eigenvalue_count_near_zero": 0,
    "note": "Condition number measures numerical stability; bounded growth with N suggests stable QUBO structure."
  }
}