{
  "scenario": "S2_risk_adjusted",
  "scenario_file": "config_qubo_S2.yaml",
  "seed": 2003,
  "ordering": "v = [x_1..x_N, y_1..y_M, z_1..z_K, t_0..t_{L-1}]",
  "N": 100,
  "M": 4,
  "K": 5,
  "L_reg_slack": 4,
  "n_total": 113,
  "x_range": [
    0,
    99
  ],
  "y_range": [
    100,
    103
  ],
  "z_range": [
    104,
    108
  ],
  "t_range": [
    109,
    112
  ],
  "C_scale": 138769.27681077278,
  "scale_factor": 10.0,
  "onehot_multiplier": 0.5,
  "reg_multiplier": 1.0,
  "A_base": 1387692.7681077276,
  "A_onehot": 693846.3840538638,
  "B_reg": 1387692.7681077276,
  "lambda_risk": 0.11000000000000001,
  "R_size": 15,
  "Rmin": 9,
  "R_indices_zero_based": [
    1,
    10,
    16,
    24,
    26,
    36,
    40,
    49,
    54,
    64,
    66,
    76,
    84,
    87,
    98
  ],
  "R_feature_ids_1based": [
    2,
    11,
    17,
    25,
    27,
    37,
    41,
    50,
    55,
    65,
    67,
    77,
    85,
    88,
    99,
    103,
    111,
    119,
    124,
    127,
    140,
    143,
    150,
    160,
    163,
    168,
    178,
    181,
    193,
    199,
    204,
    207,
    218,
    226,
    231,
    234,
    243,
    251,
    255,
    261,
    269,
    277,
    282,
    287,
    300
  ],
  "premium_bands": [
    1200.0,
    1400.0,
    1500.0,
    1800.0,
    2000.0
  ],
  "deductible_bands": [
    0.0,
    150.0,
    300.0,
    600.0
  ],
  "affordability_enabled": false,
  "disallow_premium_bands": [],
  "disallow_penalty_multiplier": 100.0,
  "D_affordability": null,
  "use_tight_regulation": false,
  "qubo_file": "qubo_Q_S2_risk_adjusted_N100.npz",
  "regulation_encoding": "surplus T>=0 with (sum_{i in R} x_i) - (sum_l 2^l t_l) = Rmin",
  "diagnostics": {
    "cfg_hash_sha256": "e7d0e1d26abd893963c627caac5ab8ab2f4d420471639f4853f77ff2ead2961c",
    "C_scale": 138769.27681077278,
    "scale_factor": 10.0,
    "A_base": 1387692.7681077276,
    "A_onehot": 693846.3840538638,
    "B_reg": 1387692.7681077276,
    "onehot_multiplier": 0.5,
    "reg_multiplier": 1.0,
    "objective_magnitude_bound": 530292617.51981145,
    "A_over_obj_bound": 0.00130842173006103,
    "B_over_obj_bound": 0.00261684346012206,
    "premium_max_abs": 2000.0,
    "sigma_abs_sum": 4819562256.754551,
    "R_size": 15,
    "Rmin": 9,
    "affordability_enabled": false,
    "disallow_penalty_multiplier": 100.0,
    "D_is_scaled_to_A_base_not_A": true,
    "Q_condition_number": 375938.93453811045,
    "Q_eigenvalue_min": -25373222.823108662,
    "Q_eigenvalue_max": 310047304.7926738,
    "Q_eigenvalue_range": [
      -25373222.823108662,
      310047304.7926738
    ],
    "Q_eigenvalue_percentiles": {
      "p0": -25373222.823108662,
      "p25": -386316.85581014585,
      "p50": 314533.1193253882,
      "p75": 1387692.7681077223,
      "p100": 310047304.7926738
    },
    "Q_eigenvalue_count_negative": 34,
    "Q_eigenvalue_count_positive": 79,
    "Q_eigenvalue_count_near_zero": 0,
    "note": "Condition number measures numerical stability; bounded growth with N suggests stable QUBO structure."
  }
}