{
  "scenario": "S1_cost_only",
  "scenario_file": "config_qubo_S1.yaml",
  "seed": 2003,
  "ordering": "v = [x_1..x_N, y_1..y_M, z_1..z_K, t_0..t_{L-1}]",
  "N": 100,
  "M": 4,
  "K": 5,
  "L_reg_slack": 4,
  "n_total": 113,
  "x_range": [
    0,
    99
  ],
  "y_range": [
    100,
    103
  ],
  "z_range": [
    104,
    108
  ],
  "t_range": [
    109,
    112
  ],
  "C_scale": 138769.27681077278,
  "scale_factor": 10.0,
  "onehot_multiplier": 0.5,
  "reg_multiplier": 1.1,
  "A_base": 1387692.7681077276,
  "A_onehot": 693846.3840538638,
  "B_reg": 1526462.0449185006,
  "lambda_risk": 0.0,
  "R_size": 15,
  "Rmin": 9,
  "R_indices_zero_based": [
    1,
    10,
    16,
    24,
    26,
    36,
    40,
    49,
    54,
    64,
    66,
    76,
    84,
    87,
    98
  ],
  "R_feature_ids_1based": [
    2,
    11,
    17,
    25,
    27,
    37,
    41,
    50,
    55,
    65,
    67,
    77,
    85,
    88,
    99,
    103,
    111,
    119,
    124,
    127,
    140,
    143,
    150,
    160,
    163,
    168,
    178,
    181,
    193,
    199,
    204,
    207,
    218,
    226,
    231,
    234,
    243,
    251,
    255,
    261,
    269,
    277,
    282,
    287,
    300
  ],
  "premium_bands": [
    1200.0,
    1400.0,
    1500.0,
    1800.0,
    2000.0
  ],
  "deductible_bands": [
    0.0,
    150.0,
    300.0,
    600.0
  ],
  "affordability_enabled": false,
  "disallow_premium_bands": [],
  "disallow_penalty_multiplier": 100.0,
  "D_affordability": null,
  "use_tight_regulation": false,
  "qubo_file": "qubo_Q_S1_cost_only_N100.npz",
  "regulation_encoding": "surplus T>=0 with (sum_{i in R} x_i) - (sum_l 2^l t_l) = Rmin",
  "diagnostics": {
    "cfg_hash_sha256": "43eadb58a146d0e6b2a124423c55c00c718f4622327149124e371a2c4a098a87",
    "C_scale": 138769.27681077278,
    "scale_factor": 10.0,
    "A_base": 1387692.7681077276,
    "A_onehot": 693846.3840538638,
    "B_reg": 1526462.0449185006,
    "onehot_multiplier": 0.5,
    "reg_multiplier": 1.1,
    "objective_magnitude_bound": 140769.27681077278,
    "A_over_obj_bound": 4.928961771868428,
    "B_over_obj_bound": 10.843715898110544,
    "premium_max_abs": 2000.0,
    "sigma_abs_sum": 4819562256.754551,
    "R_size": 15,
    "Rmin": 9,
    "affordability_enabled": false,
    "disallow_penalty_multiplier": 100.0,
    "D_is_scaled_to_A_base_not_A": true,
    "Q_condition_number": 2709870.877304329,
    "Q_eigenvalue_min": -27476135.971676804,
    "Q_eigenvalue_max": 341022030.0763531,
    "Q_eigenvalue_range": [
      -27476135.971676804,
      341022030.0763531
    ],
    "Q_eigenvalue_percentiles": {
      "p0": -27476135.971676804,
      "p25": 213.41050965886058,
      "p50": 893.515217578199,
      "p75": 2321.3988634245325,
      "p100": 341022030.0763531
    },
    "Q_eigenvalue_count_negative": 22,
    "Q_eigenvalue_count_positive": 91,
    "Q_eigenvalue_count_near_zero": 0,
    "note": "Condition number measures numerical stability; bounded growth with N suggests stable QUBO structure."
  }
}