{
  "scenario": "S3_tight_regulation",
  "scenario_file": "config_qubo_S3.yaml",
  "seed": 2003,
  "ordering": "v = [x_1..x_N, y_1..y_M, z_1..z_K, t_0..t_{L-1}]",
  "N": 300,
  "M": 4,
  "K": 5,
  "L_reg_slack": 6,
  "n_total": 315,
  "x_range": [
    0,
    299
  ],
  "y_range": [
    300,
    303
  ],
  "z_range": [
    304,
    308
  ],
  "t_range": [
    309,
    314
  ],
  "C_scale": 388684.317170814,
  "scale_factor": 10.0,
  "onehot_multiplier": 0.5,
  "reg_multiplier": 1.0,
  "A_base": 3886843.1717081405,
  "A_onehot": 1943421.5858540703,
  "B_reg": 3886843.1717081405,
  "lambda_risk": 0.0,
  "R_size": 45,
  "Rmin": 39,
  "R_indices_zero_based": [
    1,
    10,
    16,
    24,
    26,
    36,
    40,
    49,
    54,
    64,
    66,
    76,
    84,
    87,
    98,
    102,
    110,
    118,
    123,
    126,
    139,
    142,
    149,
    159,
    162,
    167,
    177,
    180,
    192,
    198,
    203,
    206,
    217,
    225,
    230,
    233,
    242,
    250,
    254,
    260,
    268,
    276,
    281,
    286,
    299
  ],
  "R_feature_ids_1based": [
    2,
    11,
    17,
    25,
    27,
    37,
    41,
    50,
    55,
    65,
    67,
    77,
    85,
    88,
    99,
    103,
    111,
    119,
    124,
    127,
    140,
    143,
    150,
    160,
    163,
    168,
    178,
    181,
    193,
    199,
    204,
    207,
    218,
    226,
    231,
    234,
    243,
    251,
    255,
    261,
    269,
    277,
    282,
    287,
    300
  ],
  "premium_bands": [
    1200.0,
    1400.0,
    1500.0,
    1800.0,
    2000.0
  ],
  "deductible_bands": [
    0.0,
    150.0,
    300.0,
    600.0
  ],
  "affordability_enabled": false,
  "disallow_premium_bands": [],
  "disallow_penalty_multiplier": 100.0,
  "D_affordability": null,
  "use_tight_regulation": true,
  "qubo_file": "qubo_Q_S3_tight_regulation_N300.npz",
  "regulation_encoding": "surplus T>=0 with (sum_{i in R} x_i) - (sum_l 2^l t_l) = Rmin",
  "diagnostics": {
    "cfg_hash_sha256": "1343227ecdf5f2b8662ddb37e6acbfa0932ae4e20f33fa613a703d0f05d5c040",
    "C_scale": 388684.317170814,
    "scale_factor": 10.0,
    "A_base": 3886843.1717081405,
    "A_onehot": 1943421.5858540703,
    "B_reg": 3886843.1717081405,
    "onehot_multiplier": 0.5,
    "reg_multiplier": 1.0,
    "objective_magnitude_bound": 390684.317170814,
    "A_over_obj_bound": 4.974403886819886,
    "B_over_obj_bound": 9.948807773639771,
    "premium_max_abs": 2000.0,
    "sigma_abs_sum": 32249937130.99895,
    "R_size": 45,
    "Rmin": 39,
    "affordability_enabled": false,
    "disallow_penalty_multiplier": 100.0,
    "D_is_scaled_to_A_base_not_A": true,
    "Q_condition_number": 114026382.82548602,
    "Q_eigenvalue_min": -303173638.4116642,
    "Q_eigenvalue_max": 14349579850.759346,
    "Q_eigenvalue_range": [
      -303173638.4116642,
      14349579850.759346
    ],
    "Q_eigenvalue_percentiles": {
      "p0": -303173638.4116642,
      "p25": 284.7610937839332,
      "p50": 805.3451173182259,
      "p75": 2036.64423843464,
      "p100": 14349579850.759346
    },
    "Q_eigenvalue_count_negative": 52,
    "Q_eigenvalue_count_positive": 263,
    "Q_eigenvalue_count_near_zero": 0,
    "note": "Condition number measures numerical stability; bounded growth with N suggests stable QUBO structure."
  }
}