{
  "scenario": "S4_affordability",
  "scenario_file": "config_qubo_S4.yaml",
  "seed": 2003,
  "ordering": "v = [x_1..x_N, y_1..y_M, z_1..z_K, t_0..t_{L-1}]",
  "N": 100,
  "M": 4,
  "K": 5,
  "L_reg_slack": 4,
  "n_total": 113,
  "x_range": [
    0,
    99
  ],
  "y_range": [
    100,
    103
  ],
  "z_range": [
    104,
    108
  ],
  "t_range": [
    109,
    112
  ],
  "C_scale": 138769.27681077278,
  "scale_factor": 10.0,
  "onehot_multiplier": 0.5,
  "reg_multiplier": 1.0,
  "A_base": 1387692.7681077276,
  "A_onehot": 693846.3840538638,
  "B_reg": 1387692.7681077276,
  "lambda_risk": 0.0,
  "R_size": 15,
  "Rmin": 9,
  "R_indices_zero_based": [
    1,
    10,
    16,
    24,
    26,
    36,
    40,
    49,
    54,
    64,
    66,
    76,
    84,
    87,
    98
  ],
  "R_feature_ids_1based": [
    2,
    11,
    17,
    25,
    27,
    37,
    41,
    50,
    55,
    65,
    67,
    77,
    85,
    88,
    99,
    103,
    111,
    119,
    124,
    127,
    140,
    143,
    150,
    160,
    163,
    168,
    178,
    181,
    193,
    199,
    204,
    207,
    218,
    226,
    231,
    234,
    243,
    251,
    255,
    261,
    269,
    277,
    282,
    287,
    300
  ],
  "premium_bands": [
    1200.0,
    1400.0,
    1500.0,
    1800.0,
    2000.0
  ],
  "deductible_bands": [
    0.0,
    150.0,
    300.0,
    600.0
  ],
  "affordability_enabled": true,
  "disallow_premium_bands": [
    4,
    5
  ],
  "disallow_penalty_multiplier": 100.0,
  "D_affordability": 138769276.81077278,
  "use_tight_regulation": false,
  "qubo_file": "qubo_Q_S4_affordability_N100.npz",
  "regulation_encoding": "surplus T>=0 with (sum_{i in R} x_i) - (sum_l 2^l t_l) = Rmin",
  "diagnostics": {
    "cfg_hash_sha256": "55294c785dd7737f168d6329ebfb721fc4e68c4638c55fbf4f7131b2c7e04e58",
    "C_scale": 138769.27681077278,
    "scale_factor": 10.0,
    "A_base": 1387692.7681077276,
    "A_onehot": 693846.3840538638,
    "B_reg": 1387692.7681077276,
    "onehot_multiplier": 0.5,
    "reg_multiplier": 1.0,
    "objective_magnitude_bound": 140769.27681077278,
    "A_over_obj_bound": 4.928961771868428,
    "B_over_obj_bound": 9.857923543736856,
    "premium_max_abs": 2000.0,
    "sigma_abs_sum": 4819562256.754551,
    "R_size": 15,
    "Rmin": 9,
    "affordability_enabled": true,
    "disallow_penalty_multiplier": 100.0,
    "D_is_scaled_to_A_base_not_A": true,
    "Q_condition_number": 2463519.0007972345,
    "Q_eigenvalue_min": -24978288.989322655,
    "Q_eigenvalue_max": 310020030.0484047,
    "Q_eigenvalue_range": [
      -24978288.989322655,
      310020030.0484047
    ],
    "Q_eigenvalue_percentiles": {
      "p0": -24978288.989322655,
      "p25": 259.97764560174153,
      "p50": 950.8255848441617,
      "p75": 2344.103854907743,
      "p100": 310020030.0484047
    },
    "Q_eigenvalue_count_negative": 20,
    "Q_eigenvalue_count_positive": 93,
    "Q_eigenvalue_count_near_zero": 0,
    "note": "Condition number measures numerical stability; bounded growth with N suggests stable QUBO structure.",
    "D_affordability": 138769276.81077278,
    "D_over_premium_max_abs": 69384.63840538639,
    "D_over_obj_bound": 985.7923543736857
  }
}