{
  "scenario": "S4_affordability",
  "scenario_file": "config_qubo_S4.yaml",
  "seed": 1017,
  "ordering": "v = [x_1..x_N, y_1..y_M, z_1..z_K, t_0..t_{L-1}]",
  "N": 50,
  "M": 4,
  "K": 5,
  "L_reg_slack": 3,
  "n_total": 62,
  "x_range": [
    0,
    49
  ],
  "y_range": [
    50,
    53
  ],
  "z_range": [
    54,
    58
  ],
  "t_range": [
    59,
    61
  ],
  "C_scale": 50716.92538480323,
  "scale_factor": 10.0,
  "onehot_multiplier": 0.5,
  "reg_multiplier": 1.0,
  "A_base": 507169.2538480323,
  "A_onehot": 253584.62692401616,
  "B_reg": 507169.2538480323,
  "lambda_risk": 0.0,
  "R_size": 8,
  "Rmin": 5,
  "R_indices_zero_based": [
    3,
    7,
    13,
    23,
    29,
    35,
    43,
    46
  ],
  "R_feature_ids_1based": [
    4,
    8,
    14,
    24,
    30,
    36,
    44,
    47,
    57,
    65,
    70,
    80,
    86,
    87,
    97,
    101,
    113,
    116,
    124,
    128,
    137,
    143,
    153,
    155,
    164,
    167,
    178,
    184,
    192,
    197,
    201,
    211,
    214,
    221,
    228,
    238,
    242,
    252,
    257,
    263,
    270,
    274,
    283,
    288,
    299
  ],
  "premium_bands": [
    1200.0,
    1400.0,
    1500.0,
    1800.0,
    2000.0
  ],
  "deductible_bands": [
    0.0,
    150.0,
    300.0,
    600.0
  ],
  "affordability_enabled": true,
  "disallow_premium_bands": [
    4,
    5
  ],
  "disallow_penalty_multiplier": 100.0,
  "D_affordability": 50716925.384803236,
  "use_tight_regulation": false,
  "qubo_file": "qubo_Q_S4_affordability_N50.npz",
  "regulation_encoding": "surplus T>=0 with (sum_{i in R} x_i) - (sum_l 2^l t_l) = Rmin",
  "diagnostics": {
    "cfg_hash_sha256": "b7269fb6cb920985f629f4d260167e40912c0d70bb66b2b71babd097fef8ecd8",
    "C_scale": 50716.92538480323,
    "scale_factor": 10.0,
    "A_base": 507169.2538480323,
    "A_onehot": 253584.62692401616,
    "B_reg": 507169.2538480323,
    "onehot_multiplier": 0.5,
    "reg_multiplier": 1.0,
    "objective_magnitude_bound": 52716.92538480323,
    "A_over_obj_bound": 4.810307601837441,
    "B_over_obj_bound": 9.620615203674882,
    "premium_max_abs": 2000.0,
    "sigma_abs_sum": 626356596.0538158,
    "R_size": 8,
    "Rmin": 5,
    "affordability_enabled": true,
    "disallow_penalty_multiplier": 100.0,
    "D_is_scaled_to_A_base_not_A": true,
    "Q_condition_number": 360748.46253982617,
    "Q_eigenvalue_min": -5071349.211623462,
    "Q_eigenvalue_max": 50722670.094571464,
    "Q_eigenvalue_range": [
      -5071349.211623462,
      50722670.094571464
    ],
    "Q_eigenvalue_percentiles": {
      "p0": -5071349.211623462,
      "p25": 173.2574013191524,
      "p50": 599.7186461139513,
      "p75": 1628.9127754140745,
      "p100": 50722670.094571464
    },
    "Q_eigenvalue_count_negative": 13,
    "Q_eigenvalue_count_positive": 49,
    "Q_eigenvalue_count_near_zero": 0,
    "note": "Condition number measures numerical stability; bounded growth with N suggests stable QUBO structure.",
    "D_affordability": 50716925.384803236,
    "D_over_premium_max_abs": 25358.46269240162,
    "D_over_obj_bound": 962.0615203674884
  }
}