{
  "scenario": "S3_tight_regulation",
  "scenario_file": "config_qubo_S3.yaml",
  "seed": 1017,
  "ordering": "v = [x_1..x_N, y_1..y_M, z_1..z_K, t_0..t_{L-1}]",
  "N": 50,
  "M": 4,
  "K": 5,
  "L_reg_slack": 3,
  "n_total": 62,
  "x_range": [
    0,
    49
  ],
  "y_range": [
    50,
    53
  ],
  "z_range": [
    54,
    58
  ],
  "t_range": [
    59,
    61
  ],
  "C_scale": 50716.92538480323,
  "scale_factor": 10.0,
  "onehot_multiplier": 0.5,
  "reg_multiplier": 1.0,
  "A_base": 507169.2538480323,
  "A_onehot": 253584.62692401616,
  "B_reg": 507169.2538480323,
  "lambda_risk": 0.0,
  "R_size": 8,
  "Rmin": 7,
  "R_indices_zero_based": [
    3,
    7,
    13,
    23,
    29,
    35,
    43,
    46
  ],
  "R_feature_ids_1based": [
    4,
    8,
    14,
    24,
    30,
    36,
    44,
    47,
    57,
    65,
    70,
    80,
    86,
    87,
    97,
    101,
    113,
    116,
    124,
    128,
    137,
    143,
    153,
    155,
    164,
    167,
    178,
    184,
    192,
    197,
    201,
    211,
    214,
    221,
    228,
    238,
    242,
    252,
    257,
    263,
    270,
    274,
    283,
    288,
    299
  ],
  "premium_bands": [
    1200.0,
    1400.0,
    1500.0,
    1800.0,
    2000.0
  ],
  "deductible_bands": [
    0.0,
    150.0,
    300.0,
    600.0
  ],
  "affordability_enabled": false,
  "disallow_premium_bands": [],
  "disallow_penalty_multiplier": 100.0,
  "D_affordability": null,
  "use_tight_regulation": true,
  "qubo_file": "qubo_Q_S3_tight_regulation_N50.npz",
  "regulation_encoding": "surplus T>=0 with (sum_{i in R} x_i) - (sum_l 2^l t_l) = Rmin",
  "diagnostics": {
    "cfg_hash_sha256": "08c604675c986297be34ae6cd30273bda97ba48e284a565b40f5ae954bb57885",
    "C_scale": 50716.92538480323,
    "scale_factor": 10.0,
    "A_base": 507169.2538480323,
    "A_onehot": 253584.62692401616,
    "B_reg": 507169.2538480323,
    "onehot_multiplier": 0.5,
    "reg_multiplier": 1.0,
    "objective_magnitude_bound": 52716.92538480323,
    "A_over_obj_bound": 4.810307601837441,
    "B_over_obj_bound": 9.620615203674882,
    "premium_max_abs": 2000.0,
    "sigma_abs_sum": 626356596.0538158,
    "R_size": 8,
    "Rmin": 7,
    "affordability_enabled": false,
    "disallow_penalty_multiplier": 100.0,
    "D_is_scaled_to_A_base_not_A": true,
    "Q_condition_number": 273172.94311405125,
    "Q_eigenvalue_min": -7100026.225714024,
    "Q_eigenvalue_max": 38409203.39408174,
    "Q_eigenvalue_range": [
      -7100026.225714024,
      38409203.39408174
    ],
    "Q_eigenvalue_percentiles": {
      "p0": -7100026.225714024,
      "p25": 143.02426291423453,
      "p50": 571.7027710807513,
      "p75": 1267.8060049878627,
      "p100": 38409203.39408174
    },
    "Q_eigenvalue_count_negative": 15,
    "Q_eigenvalue_count_positive": 47,
    "Q_eigenvalue_count_near_zero": 0,
    "note": "Condition number measures numerical stability; bounded growth with N suggests stable QUBO structure."
  }
}