{
  "scenario": "S2_risk_adjusted",
  "scenario_file": "config_qubo_S2.yaml",
  "seed": 1017,
  "ordering": "v = [x_1..x_N, y_1..y_M, z_1..z_K, t_0..t_{L-1}]",
  "N": 20,
  "M": 4,
  "K": 5,
  "L_reg_slack": 2,
  "n_total": 31,
  "x_range": [
    0,
    19
  ],
  "y_range": [
    20,
    23
  ],
  "z_range": [
    24,
    28
  ],
  "t_range": [
    29,
    30
  ],
  "C_scale": 22310.90399053463,
  "scale_factor": 10.0,
  "onehot_multiplier": 0.5,
  "reg_multiplier": 1.0,
  "A_base": 223109.0399053463,
  "A_onehot": 111554.51995267314,
  "B_reg": 223109.0399053463,
  "lambda_risk": 0.1,
  "R_size": 3,
  "Rmin": 2,
  "R_indices_zero_based": [
    3,
    7,
    13
  ],
  "R_feature_ids_1based": [
    4,
    8,
    14,
    24,
    30,
    36,
    44,
    47,
    57,
    65,
    70,
    80,
    86,
    87,
    97,
    101,
    113,
    116,
    124,
    128,
    137,
    143,
    153,
    155,
    164,
    167,
    178,
    184,
    192,
    197,
    201,
    211,
    214,
    221,
    228,
    238,
    242,
    252,
    257,
    263,
    270,
    274,
    283,
    288,
    299
  ],
  "premium_bands": [
    1200.0,
    1400.0,
    1500.0,
    1800.0,
    2000.0
  ],
  "deductible_bands": [
    0.0,
    150.0,
    300.0,
    600.0
  ],
  "affordability_enabled": false,
  "disallow_premium_bands": [],
  "disallow_penalty_multiplier": 100.0,
  "D_affordability": null,
  "use_tight_regulation": false,
  "qubo_file": "qubo_Q_S2_risk_adjusted_N20.npz",
  "regulation_encoding": "surplus T>=0 with (sum_{i in R} x_i) - (sum_l 2^l t_l) = Rmin",
  "diagnostics": {
    "cfg_hash_sha256": "ea572d6b3ae4e1706e69024fc45a362d3965ee77e39da7ba6a77ae1208f1e3b9",
    "C_scale": 22310.90399053463,
    "scale_factor": 10.0,
    "A_base": 223109.0399053463,
    "A_onehot": 111554.51995267314,
    "B_reg": 223109.0399053463,
    "onehot_multiplier": 0.5,
    "reg_multiplier": 1.0,
    "objective_magnitude_bound": 20401011.753149908,
    "A_over_obj_bound": 0.005468087627342755,
    "B_over_obj_bound": 0.01093617525468551,
    "premium_max_abs": 2000.0,
    "sigma_abs_sum": 203767008.49159375,
    "R_size": 3,
    "Rmin": 2,
    "affordability_enabled": false,
    "disallow_penalty_multiplier": 100.0,
    "D_is_scaled_to_A_base_not_A": true,
    "Q_condition_number": 82.73715571551776,
    "Q_eigenvalue_min": -937585.6644587109,
    "Q_eigenvalue_max": 3841038.605608687,
    "Q_eigenvalue_range": [
      -937585.6644587109,
      3841038.605608687
    ],
    "Q_eigenvalue_percentiles": {
      "p0": -937585.6644587109,
      "p25": -223109.03990534617,
      "p50": 223109.0399053463,
      "p75": 599636.2556881255,
      "p100": 3841038.605608687
    },
    "Q_eigenvalue_count_negative": 9,
    "Q_eigenvalue_count_positive": 22,
    "Q_eigenvalue_count_near_zero": 0,
    "note": "Condition number measures numerical stability; bounded growth with N suggests stable QUBO structure."
  }
}