{
  "scenario": "S2_risk_adjusted",
  "scenario_file": "config_qubo_S2.yaml",
  "seed": 1017,
  "ordering": "v = [x_1..x_N, y_1..y_M, z_1..z_K, t_0..t_{L-1}]",
  "N": 30,
  "M": 4,
  "K": 5,
  "L_reg_slack": 2,
  "n_total": 41,
  "x_range": [
    0,
    29
  ],
  "y_range": [
    30,
    33
  ],
  "z_range": [
    34,
    38
  ],
  "t_range": [
    39,
    40
  ],
  "C_scale": 30649.763154921817,
  "scale_factor": 10.0,
  "onehot_multiplier": 0.5,
  "reg_multiplier": 1.0,
  "A_base": 306497.63154921815,
  "A_onehot": 153248.81577460907,
  "B_reg": 306497.63154921815,
  "lambda_risk": 0.1,
  "R_size": 5,
  "Rmin": 3,
  "R_indices_zero_based": [
    3,
    7,
    13,
    23,
    29
  ],
  "R_feature_ids_1based": [
    4,
    8,
    14,
    24,
    30,
    36,
    44,
    47,
    57,
    65,
    70,
    80,
    86,
    87,
    97,
    101,
    113,
    116,
    124,
    128,
    137,
    143,
    153,
    155,
    164,
    167,
    178,
    184,
    192,
    197,
    201,
    211,
    214,
    221,
    228,
    238,
    242,
    252,
    257,
    263,
    270,
    274,
    283,
    288,
    299
  ],
  "premium_bands": [
    1200.0,
    1400.0,
    1500.0,
    1800.0,
    2000.0
  ],
  "deductible_bands": [
    0.0,
    150.0,
    300.0,
    600.0
  ],
  "affordability_enabled": false,
  "disallow_premium_bands": [],
  "disallow_penalty_multiplier": 100.0,
  "D_affordability": null,
  "use_tight_regulation": false,
  "qubo_file": "qubo_Q_S2_risk_adjusted_N30.npz",
  "regulation_encoding": "surplus T>=0 with (sum_{i in R} x_i) - (sum_l 2^l t_l) = Rmin",
  "diagnostics": {
    "cfg_hash_sha256": "a854c884928b34bf61696f34bf393477228953de0aee0781ae4eaf0dc4369933",
    "C_scale": 30649.763154921817,
    "scale_factor": 10.0,
    "A_base": 306497.63154921815,
    "A_onehot": 153248.81577460907,
    "B_reg": 306497.63154921815,
    "onehot_multiplier": 0.5,
    "reg_multiplier": 1.0,
    "objective_magnitude_bound": 24519191.769072358,
    "A_over_obj_bound": 0.006250157722079229,
    "B_over_obj_bound": 0.012500315444158458,
    "premium_max_abs": 2000.0,
    "sigma_abs_sum": 244865420.05917436,
    "R_size": 5,
    "Rmin": 3,
    "affordability_enabled": false,
    "disallow_penalty_multiplier": 100.0,
    "D_is_scaled_to_A_base_not_A": true,
    "Q_condition_number": 111.20418413046481,
    "Q_eigenvalue_min": -1682630.0061579226,
    "Q_eigenvalue_max": 5562535.648230964,
    "Q_eigenvalue_range": [
      -1682630.0061579226,
      5562535.648230964
    ],
    "Q_eigenvalue_percentiles": {
      "p0": -1682630.0061579226,
      "p25": -306497.63154921756,
      "p50": 240907.5463903507,
      "p75": 494507.379238044,
      "p100": 5562535.648230964
    },
    "Q_eigenvalue_count_negative": 12,
    "Q_eigenvalue_count_positive": 29,
    "Q_eigenvalue_count_near_zero": 0,
    "note": "Condition number measures numerical stability; bounded growth with N suggests stable QUBO structure."
  }
}