{
  "scenario": "S4_affordability",
  "scenario_file": "config_qubo_S4.yaml",
  "seed": 1017,
  "ordering": "v = [x_1..x_N, y_1..y_M, z_1..z_K, t_0..t_{L-1}]",
  "N": 40,
  "M": 4,
  "K": 5,
  "L_reg_slack": 3,
  "n_total": 52,
  "x_range": [
    0,
    39
  ],
  "y_range": [
    40,
    43
  ],
  "z_range": [
    44,
    48
  ],
  "t_range": [
    49,
    51
  ],
  "C_scale": 43413.499663530056,
  "scale_factor": 10.0,
  "onehot_multiplier": 0.5,
  "reg_multiplier": 1.0,
  "A_base": 434134.9966353006,
  "A_onehot": 217067.4983176503,
  "B_reg": 434134.9966353006,
  "lambda_risk": 0.0,
  "R_size": 6,
  "Rmin": 4,
  "R_indices_zero_based": [
    3,
    7,
    13,
    23,
    29,
    35
  ],
  "R_feature_ids_1based": [
    4,
    8,
    14,
    24,
    30,
    36,
    44,
    47,
    57,
    65,
    70,
    80,
    86,
    87,
    97,
    101,
    113,
    116,
    124,
    128,
    137,
    143,
    153,
    155,
    164,
    167,
    178,
    184,
    192,
    197,
    201,
    211,
    214,
    221,
    228,
    238,
    242,
    252,
    257,
    263,
    270,
    274,
    283,
    288,
    299
  ],
  "premium_bands": [
    1200.0,
    1400.0,
    1500.0,
    1800.0,
    2000.0
  ],
  "deductible_bands": [
    0.0,
    150.0,
    300.0,
    600.0
  ],
  "affordability_enabled": true,
  "disallow_premium_bands": [
    4,
    5
  ],
  "disallow_penalty_multiplier": 100.0,
  "D_affordability": 43413499.66353006,
  "use_tight_regulation": false,
  "qubo_file": "qubo_Q_S4_affordability_N40.npz",
  "regulation_encoding": "surplus T>=0 with (sum_{i in R} x_i) - (sum_l 2^l t_l) = Rmin",
  "diagnostics": {
    "cfg_hash_sha256": "00f24fabf858287f0228eb8ee162eee07ae835b492be29f20be2dc548fabad0c",
    "C_scale": 43413.499663530056,
    "scale_factor": 10.0,
    "A_base": 434134.9966353006,
    "A_onehot": 217067.4983176503,
    "B_reg": 434134.9966353006,
    "onehot_multiplier": 0.5,
    "reg_multiplier": 1.0,
    "objective_magnitude_bound": 45413.499663530056,
    "A_over_obj_bound": 4.779801158816425,
    "B_over_obj_bound": 9.55960231763285,
    "premium_max_abs": 2000.0,
    "sigma_abs_sum": 552638208.1679888,
    "R_size": 6,
    "Rmin": 4,
    "affordability_enabled": true,
    "disallow_penalty_multiplier": 100.0,
    "D_is_scaled_to_A_base_not_A": true,
    "Q_condition_number": 308797.3975746686,
    "Q_eigenvalue_min": -3472717.5890317713,
    "Q_eigenvalue_max": 43418143.52437907,
    "Q_eigenvalue_range": [
      -3472717.5890317713,
      43418143.52437907
    ],
    "Q_eigenvalue_percentiles": {
      "p0": -3472717.5890317713,
      "p25": 176.61960915956942,
      "p50": 713.4666941856799,
      "p75": 1944.1524137771148,
      "p100": 43418143.52437907
    },
    "Q_eigenvalue_count_negative": 11,
    "Q_eigenvalue_count_positive": 41,
    "Q_eigenvalue_count_near_zero": 0,
    "note": "Condition number measures numerical stability; bounded growth with N suggests stable QUBO structure.",
    "D_affordability": 43413499.66353006,
    "D_over_premium_max_abs": 21706.749831765028,
    "D_over_obj_bound": 955.960231763285
  }
}