{
  "scenario": "S1_cost_only",
  "scenario_file": "config_qubo_S1.yaml",
  "seed": 1016,
  "ordering": "v = [x_1..x_N, y_1..y_M, z_1..z_K, t_0..t_{L-1}]",
  "N": 20,
  "M": 4,
  "K": 5,
  "L_reg_slack": 2,
  "n_total": 31,
  "x_range": [
    0,
    19
  ],
  "y_range": [
    20,
    23
  ],
  "z_range": [
    24,
    28
  ],
  "t_range": [
    29,
    30
  ],
  "C_scale": 27409.60253006777,
  "scale_factor": 10.0,
  "onehot_multiplier": 0.5,
  "reg_multiplier": 1.0,
  "A_base": 274096.0253006777,
  "A_onehot": 137048.01265033885,
  "B_reg": 274096.0253006777,
  "lambda_risk": 0.0,
  "R_size": 3,
  "Rmin": 2,
  "R_indices_zero_based": [
    0,
    6,
    13
  ],
  "R_feature_ids_1based": [
    1,
    7,
    14,
    26,
    32,
    39,
    46,
    47,
    54,
    63,
    70,
    78,
    84,
    90,
    94,
    102,
    111,
    115,
    124,
    131,
    140,
    146,
    153,
    154,
    163,
    170,
    176,
    186,
    191,
    198,
    204,
    208,
    215,
    222,
    228,
    240,
    243,
    249,
    260,
    266,
    268,
    279,
    282,
    290,
    300
  ],
  "premium_bands": [
    1200.0,
    1400.0,
    1500.0,
    1800.0,
    2000.0
  ],
  "deductible_bands": [
    0.0,
    150.0,
    300.0,
    600.0
  ],
  "affordability_enabled": false,
  "disallow_premium_bands": [],
  "disallow_penalty_multiplier": 100.0,
  "D_affordability": null,
  "use_tight_regulation": false,
  "qubo_file": "qubo_Q_S1_cost_only_N20.npz",
  "regulation_encoding": "surplus T>=0 with (sum_{i in R} x_i) - (sum_l 2^l t_l) = Rmin",
  "diagnostics": {
    "cfg_hash_sha256": "75186979f02407d3e5b633a624b7966c5be884f4f8ee2719564b47cbd8da16f5",
    "C_scale": 27409.60253006777,
    "scale_factor": 10.0,
    "A_base": 274096.0253006777,
    "A_onehot": 137048.01265033885,
    "B_reg": 274096.0253006777,
    "onehot_multiplier": 0.5,
    "reg_multiplier": 1.0,
    "objective_magnitude_bound": 29409.60253006777,
    "A_over_obj_bound": 4.6599750034099845,
    "B_over_obj_bound": 9.319950006819969,
    "premium_max_abs": 2000.0,
    "sigma_abs_sum": 429870899.26245713,
    "R_size": 3,
    "Rmin": 2,
    "affordability_enabled": false,
    "disallow_penalty_multiplier": 100.0,
    "D_is_scaled_to_A_base_not_A": true,
    "Q_condition_number": 10431.34372804012,
    "Q_eigenvalue_min": -1096073.5607444064,
    "Q_eigenvalue_max": 3707518.5314663453,
    "Q_eigenvalue_range": [
      -1096073.5607444064,
      3707518.5314663453
    ],
    "Q_eigenvalue_percentiles": {
      "p0": -1096073.5607444064,
      "p25": -274096.02530067787,
      "p50": 717.5881167615887,
      "p75": 2392.7107229427365,
      "p100": 3707518.5314663453
    },
    "Q_eigenvalue_count_negative": 10,
    "Q_eigenvalue_count_positive": 21,
    "Q_eigenvalue_count_near_zero": 0,
    "note": "Condition number measures numerical stability; bounded growth with N suggests stable QUBO structure."
  }
}