{
  "scenario": "S4_affordability",
  "scenario_file": "config_qubo_S4.yaml",
  "seed": 1016,
  "ordering": "v = [x_1..x_N, y_1..y_M, z_1..z_K, t_0..t_{L-1}]",
  "N": 30,
  "M": 4,
  "K": 5,
  "L_reg_slack": 2,
  "n_total": 41,
  "x_range": [
    0,
    29
  ],
  "y_range": [
    30,
    33
  ],
  "z_range": [
    34,
    38
  ],
  "t_range": [
    39,
    40
  ],
  "C_scale": 42566.74292030134,
  "scale_factor": 10.0,
  "onehot_multiplier": 0.5,
  "reg_multiplier": 1.0,
  "A_base": 425667.42920301337,
  "A_onehot": 212833.71460150668,
  "B_reg": 425667.42920301337,
  "lambda_risk": 0.0,
  "R_size": 4,
  "Rmin": 3,
  "R_indices_zero_based": [
    0,
    6,
    13,
    25
  ],
  "R_feature_ids_1based": [
    1,
    7,
    14,
    26,
    32,
    39,
    46,
    47,
    54,
    63,
    70,
    78,
    84,
    90,
    94,
    102,
    111,
    115,
    124,
    131,
    140,
    146,
    153,
    154,
    163,
    170,
    176,
    186,
    191,
    198,
    204,
    208,
    215,
    222,
    228,
    240,
    243,
    249,
    260,
    266,
    268,
    279,
    282,
    290,
    300
  ],
  "premium_bands": [
    1200.0,
    1400.0,
    1500.0,
    1800.0,
    2000.0
  ],
  "deductible_bands": [
    0.0,
    150.0,
    300.0,
    600.0
  ],
  "affordability_enabled": true,
  "disallow_premium_bands": [
    4,
    5
  ],
  "disallow_penalty_multiplier": 100.0,
  "D_affordability": 42566742.92030133,
  "use_tight_regulation": false,
  "qubo_file": "qubo_Q_S4_affordability_N30.npz",
  "regulation_encoding": "surplus T>=0 with (sum_{i in R} x_i) - (sum_l 2^l t_l) = Rmin",
  "diagnostics": {
    "cfg_hash_sha256": "cbe5e27bf5f037e711803351a6a659a08c8e292ea7d0a0cd706cb1dce582273f",
    "C_scale": 42566.74292030134,
    "scale_factor": 10.0,
    "A_base": 425667.42920301337,
    "A_onehot": 212833.71460150668,
    "B_reg": 425667.42920301337,
    "onehot_multiplier": 0.5,
    "reg_multiplier": 1.0,
    "objective_magnitude_bound": 44566.74292030134,
    "A_over_obj_bound": 4.775617437022872,
    "B_over_obj_bound": 9.551234874045743,
    "premium_max_abs": 2000.0,
    "sigma_abs_sum": 720519658.8044245,
    "R_size": 4,
    "Rmin": 3,
    "affordability_enabled": true,
    "disallow_penalty_multiplier": 100.0,
    "D_is_scaled_to_A_base_not_A": true,
    "Q_condition_number": 119776.99729664753,
    "Q_eigenvalue_min": -2553697.7868738296,
    "Q_eigenvalue_max": 42571259.1491662,
    "Q_eigenvalue_range": [
      -2553697.7868738296,
      42571259.1491662
    ],
    "Q_eigenvalue_percentiles": {
      "p0": -2553697.7868738296,
      "p25": 389.08775533082746,
      "p50": 997.140894001701,
      "p75": 2509.96514632743,
      "p100": 42571259.1491662
    },
    "Q_eigenvalue_count_negative": 9,
    "Q_eigenvalue_count_positive": 32,
    "Q_eigenvalue_count_near_zero": 0,
    "note": "Condition number measures numerical stability; bounded growth with N suggests stable QUBO structure.",
    "D_affordability": 42566742.92030133,
    "D_over_premium_max_abs": 21283.371460150665,
    "D_over_obj_bound": 955.1234874045742
  }
}