{
  "scenario": "S3_tight_regulation",
  "scenario_file": "config_qubo_S3.yaml",
  "seed": 1016,
  "ordering": "v = [x_1..x_N, y_1..y_M, z_1..z_K, t_0..t_{L-1}]",
  "N": 30,
  "M": 4,
  "K": 5,
  "L_reg_slack": 3,
  "n_total": 42,
  "x_range": [
    0,
    29
  ],
  "y_range": [
    30,
    33
  ],
  "z_range": [
    34,
    38
  ],
  "t_range": [
    39,
    41
  ],
  "C_scale": 42566.74292030134,
  "scale_factor": 10.0,
  "onehot_multiplier": 0.5,
  "reg_multiplier": 1.0,
  "A_base": 425667.42920301337,
  "A_onehot": 212833.71460150668,
  "B_reg": 425667.42920301337,
  "lambda_risk": 0.0,
  "R_size": 4,
  "Rmin": 4,
  "R_indices_zero_based": [
    0,
    6,
    13,
    25
  ],
  "R_feature_ids_1based": [
    1,
    7,
    14,
    26,
    32,
    39,
    46,
    47,
    54,
    63,
    70,
    78,
    84,
    90,
    94,
    102,
    111,
    115,
    124,
    131,
    140,
    146,
    153,
    154,
    163,
    170,
    176,
    186,
    191,
    198,
    204,
    208,
    215,
    222,
    228,
    240,
    243,
    249,
    260,
    266,
    268,
    279,
    282,
    290,
    300
  ],
  "premium_bands": [
    1200.0,
    1400.0,
    1500.0,
    1800.0,
    2000.0
  ],
  "deductible_bands": [
    0.0,
    150.0,
    300.0,
    600.0
  ],
  "affordability_enabled": false,
  "disallow_premium_bands": [],
  "disallow_penalty_multiplier": 100.0,
  "D_affordability": null,
  "use_tight_regulation": true,
  "qubo_file": "qubo_Q_S3_tight_regulation_N30.npz",
  "regulation_encoding": "surplus T>=0 with (sum_{i in R} x_i) - (sum_l 2^l t_l) = Rmin",
  "diagnostics": {
    "cfg_hash_sha256": "15b20f40d7caef52573e43de394217e55bff69fd03a1810660f65b7060627bee",
    "C_scale": 42566.74292030134,
    "scale_factor": 10.0,
    "A_base": 425667.42920301337,
    "A_onehot": 212833.71460150668,
    "B_reg": 425667.42920301337,
    "onehot_multiplier": 0.5,
    "reg_multiplier": 1.0,
    "objective_magnitude_bound": 44566.74292030134,
    "A_over_obj_bound": 4.775617437022872,
    "B_over_obj_bound": 9.551234874045743,
    "premium_max_abs": 2000.0,
    "sigma_abs_sum": 720519658.8044245,
    "R_size": 4,
    "Rmin": 4,
    "affordability_enabled": false,
    "disallow_penalty_multiplier": 100.0,
    "D_is_scaled_to_A_base_not_A": true,
    "Q_condition_number": 62291.09219958232,
    "Q_eigenvalue_min": -3405032.652537514,
    "Q_eigenvalue_max": 22139561.757031508,
    "Q_eigenvalue_range": [
      -3405032.652537514,
      22139561.757031508
    ],
    "Q_eigenvalue_percentiles": {
      "p0": -3405032.652537514,
      "p25": -319161.7166543608,
      "p50": 815.8047879251187,
      "p75": 2392.9506955439674,
      "p100": 22139561.757031508
    },
    "Q_eigenvalue_count_negative": 11,
    "Q_eigenvalue_count_positive": 31,
    "Q_eigenvalue_count_near_zero": 0,
    "note": "Condition number measures numerical stability; bounded growth with N suggests stable QUBO structure."
  }
}