{
  "scenario": "S4_affordability",
  "scenario_file": "config_qubo_S4.yaml",
  "seed": 1016,
  "ordering": "v = [x_1..x_N, y_1..y_M, z_1..z_K, t_0..t_{L-1}]",
  "N": 50,
  "M": 4,
  "K": 5,
  "L_reg_slack": 3,
  "n_total": 62,
  "x_range": [
    0,
    49
  ],
  "y_range": [
    50,
    53
  ],
  "z_range": [
    54,
    58
  ],
  "t_range": [
    59,
    61
  ],
  "C_scale": 75392.3976969655,
  "scale_factor": 10.0,
  "onehot_multiplier": 0.5,
  "reg_multiplier": 1.0,
  "A_base": 753923.976969655,
  "A_onehot": 376961.9884848275,
  "B_reg": 753923.976969655,
  "lambda_risk": 0.0,
  "R_size": 8,
  "Rmin": 5,
  "R_indices_zero_based": [
    0,
    6,
    13,
    25,
    31,
    38,
    45,
    46
  ],
  "R_feature_ids_1based": [
    1,
    7,
    14,
    26,
    32,
    39,
    46,
    47,
    54,
    63,
    70,
    78,
    84,
    90,
    94,
    102,
    111,
    115,
    124,
    131,
    140,
    146,
    153,
    154,
    163,
    170,
    176,
    186,
    191,
    198,
    204,
    208,
    215,
    222,
    228,
    240,
    243,
    249,
    260,
    266,
    268,
    279,
    282,
    290,
    300
  ],
  "premium_bands": [
    1200.0,
    1400.0,
    1500.0,
    1800.0,
    2000.0
  ],
  "deductible_bands": [
    0.0,
    150.0,
    300.0,
    600.0
  ],
  "affordability_enabled": true,
  "disallow_premium_bands": [
    4,
    5
  ],
  "disallow_penalty_multiplier": 100.0,
  "D_affordability": 75392397.6969655,
  "use_tight_regulation": false,
  "qubo_file": "qubo_Q_S4_affordability_N50.npz",
  "regulation_encoding": "surplus T>=0 with (sum_{i in R} x_i) - (sum_l 2^l t_l) = Rmin",
  "diagnostics": {
    "cfg_hash_sha256": "8e0116ed009acd9937e15e6a1abc1c5a287be4a97ab5004334b3316dd557964b",
    "C_scale": 75392.3976969655,
    "scale_factor": 10.0,
    "A_base": 753923.976969655,
    "A_onehot": 376961.9884848275,
    "B_reg": 753923.976969655,
    "onehot_multiplier": 0.5,
    "reg_multiplier": 1.0,
    "objective_magnitude_bound": 77392.3976969655,
    "A_over_obj_bound": 4.870788342297449,
    "B_over_obj_bound": 9.741576684594898,
    "premium_max_abs": 2000.0,
    "sigma_abs_sum": 1474669590.2926767,
    "R_size": 8,
    "Rmin": 5,
    "affordability_enabled": true,
    "disallow_penalty_multiplier": 100.0,
    "D_is_scaled_to_A_base_not_A": true,
    "Q_condition_number": 524370.2319828095,
    "Q_eigenvalue_min": -7539022.56295646,
    "Q_eigenvalue_max": 75401861.75738661,
    "Q_eigenvalue_range": [
      -7539022.56295646,
      75401861.75738661
    ],
    "Q_eigenvalue_percentiles": {
      "p0": -7539022.56295646,
      "p25": 363.83768252830515,
      "p50": 1064.6892103511304,
      "p75": 2477.1263201673037,
      "p100": 75401861.75738661
    },
    "Q_eigenvalue_count_negative": 13,
    "Q_eigenvalue_count_positive": 49,
    "Q_eigenvalue_count_near_zero": 0,
    "note": "Condition number measures numerical stability; bounded growth with N suggests stable QUBO structure.",
    "D_affordability": 75392397.6969655,
    "D_over_premium_max_abs": 37696.19884848275,
    "D_over_obj_bound": 974.1576684594897
  }
}