{
  "scenario": "S4_affordability",
  "scenario_file": "config_qubo_S4.yaml",
  "seed": 1016,
  "ordering": "v = [x_1..x_N, y_1..y_M, z_1..z_K, t_0..t_{L-1}]",
  "N": 40,
  "M": 4,
  "K": 5,
  "L_reg_slack": 3,
  "n_total": 52,
  "x_range": [
    0,
    39
  ],
  "y_range": [
    40,
    43
  ],
  "z_range": [
    44,
    48
  ],
  "t_range": [
    49,
    51
  ],
  "C_scale": 57691.9665649471,
  "scale_factor": 10.0,
  "onehot_multiplier": 0.5,
  "reg_multiplier": 1.0,
  "A_base": 576919.665649471,
  "A_onehot": 288459.8328247355,
  "B_reg": 576919.665649471,
  "lambda_risk": 0.0,
  "R_size": 6,
  "Rmin": 4,
  "R_indices_zero_based": [
    0,
    6,
    13,
    25,
    31,
    38
  ],
  "R_feature_ids_1based": [
    1,
    7,
    14,
    26,
    32,
    39,
    46,
    47,
    54,
    63,
    70,
    78,
    84,
    90,
    94,
    102,
    111,
    115,
    124,
    131,
    140,
    146,
    153,
    154,
    163,
    170,
    176,
    186,
    191,
    198,
    204,
    208,
    215,
    222,
    228,
    240,
    243,
    249,
    260,
    266,
    268,
    279,
    282,
    290,
    300
  ],
  "premium_bands": [
    1200.0,
    1400.0,
    1500.0,
    1800.0,
    2000.0
  ],
  "deductible_bands": [
    0.0,
    150.0,
    300.0,
    600.0
  ],
  "affordability_enabled": true,
  "disallow_premium_bands": [
    4,
    5
  ],
  "disallow_penalty_multiplier": 100.0,
  "D_affordability": 57691966.5649471,
  "use_tight_regulation": false,
  "qubo_file": "qubo_Q_S4_affordability_N40.npz",
  "regulation_encoding": "surplus T>=0 with (sum_{i in R} x_i) - (sum_l 2^l t_l) = Rmin",
  "diagnostics": {
    "cfg_hash_sha256": "69fdec7a1e6384ba6fe12d383af00b9dd31355d0e34cb3fc754b60eaa6c4dfb0",
    "C_scale": 57691.9665649471,
    "scale_factor": 10.0,
    "A_base": 576919.665649471,
    "A_onehot": 288459.8328247355,
    "B_reg": 576919.665649471,
    "onehot_multiplier": 0.5,
    "reg_multiplier": 1.0,
    "objective_magnitude_bound": 59691.9665649471,
    "A_over_obj_bound": 4.8324732694286485,
    "B_over_obj_bound": 9.664946538857297,
    "premium_max_abs": 2000.0,
    "sigma_abs_sum": 967955809.5292091,
    "R_size": 6,
    "Rmin": 4,
    "affordability_enabled": true,
    "disallow_penalty_multiplier": 100.0,
    "D_is_scaled_to_A_base_not_A": true,
    "Q_condition_number": 307585.9623523726,
    "Q_eigenvalue_min": -4615137.395766348,
    "Q_eigenvalue_max": 57698762.62684491,
    "Q_eigenvalue_range": [
      -4615137.395766348,
      57698762.62684491
    ],
    "Q_eigenvalue_percentiles": {
      "p0": -4615137.395766348,
      "p25": 380.67106439437066,
      "p50": 1059.1107460475953,
      "p75": 2544.0435385696746,
      "p100": 57698762.62684491
    },
    "Q_eigenvalue_count_negative": 11,
    "Q_eigenvalue_count_positive": 41,
    "Q_eigenvalue_count_near_zero": 0,
    "note": "Condition number measures numerical stability; bounded growth with N suggests stable QUBO structure.",
    "D_affordability": 57691966.5649471,
    "D_over_premium_max_abs": 28845.98328247355,
    "D_over_obj_bound": 966.4946538857297
  }
}