{
  "scenario": "S3_tight_regulation",
  "scenario_file": "config_qubo_S3.yaml",
  "seed": 1018,
  "ordering": "v = [x_1..x_N, y_1..y_M, z_1..z_K, t_0..t_{L-1}]",
  "N": 20,
  "M": 4,
  "K": 5,
  "L_reg_slack": 2,
  "n_total": 31,
  "x_range": [
    0,
    19
  ],
  "y_range": [
    20,
    23
  ],
  "z_range": [
    24,
    28
  ],
  "t_range": [
    29,
    30
  ],
  "C_scale": 34934.64244417352,
  "scale_factor": 10.0,
  "onehot_multiplier": 0.5,
  "reg_multiplier": 1.0,
  "A_base": 349346.4244417352,
  "A_onehot": 174673.2122208676,
  "B_reg": 349346.4244417352,
  "lambda_risk": 0.0,
  "R_size": 3,
  "Rmin": 3,
  "R_indices_zero_based": [
    2,
    7,
    18
  ],
  "R_feature_ids_1based": [
    3,
    8,
    19,
    26,
    30,
    38,
    44,
    48,
    54,
    61,
    72,
    74,
    84,
    90,
    98,
    101,
    108,
    115,
    125,
    132,
    137,
    146,
    148,
    156,
    165,
    170,
    174,
    181,
    192,
    195,
    205,
    210,
    216,
    222,
    227,
    240,
    242,
    247,
    257,
    261,
    267,
    279,
    285,
    287,
    298
  ],
  "premium_bands": [
    1200.0,
    1400.0,
    1500.0,
    1800.0,
    2000.0
  ],
  "deductible_bands": [
    0.0,
    150.0,
    300.0,
    600.0
  ],
  "affordability_enabled": false,
  "disallow_premium_bands": [],
  "disallow_penalty_multiplier": 100.0,
  "D_affordability": null,
  "use_tight_regulation": true,
  "qubo_file": "qubo_Q_S3_tight_regulation_N20.npz",
  "regulation_encoding": "surplus T>=0 with (sum_{i in R} x_i) - (sum_l 2^l t_l) = Rmin",
  "diagnostics": {
    "cfg_hash_sha256": "83f8a50a0cc4ecea322bc207cbd4357bbf3da7183593ca3f2e2210fb1e78949f",
    "C_scale": 34934.64244417352,
    "scale_factor": 10.0,
    "A_base": 349346.4244417352,
    "A_onehot": 174673.2122208676,
    "B_reg": 349346.4244417352,
    "onehot_multiplier": 0.5,
    "reg_multiplier": 1.0,
    "objective_magnitude_bound": 36934.64244417352,
    "A_over_obj_bound": 4.729251474002626,
    "B_over_obj_bound": 9.458502948005252,
    "premium_max_abs": 2000.0,
    "sigma_abs_sum": 710822526.7628074,
    "R_size": 3,
    "Rmin": 3,
    "affordability_enabled": false,
    "disallow_penalty_multiplier": 100.0,
    "D_is_scaled_to_A_base_not_A": true,
    "Q_condition_number": 23638.296202759597,
    "Q_eigenvalue_min": -2094948.7082778763,
    "Q_eigenvalue_max": 5982827.452205935,
    "Q_eigenvalue_range": [
      -2094948.7082778763,
      5982827.452205935
    ],
    "Q_eigenvalue_percentiles": {
      "p0": -2094948.7082778763,
      "p25": -349346.42444173514,
      "p50": 750.1367502951291,
      "p75": 2827.883484934252,
      "p100": 5982827.452205935
    },
    "Q_eigenvalue_count_negative": 10,
    "Q_eigenvalue_count_positive": 21,
    "Q_eigenvalue_count_near_zero": 0,
    "note": "Condition number measures numerical stability; bounded growth with N suggests stable QUBO structure."
  }
}