{
  "scenario": "S3_tight_regulation",
  "scenario_file": "config_qubo_S3.yaml",
  "seed": 1018,
  "ordering": "v = [x_1..x_N, y_1..y_M, z_1..z_K, t_0..t_{L-1}]",
  "N": 50,
  "M": 4,
  "K": 5,
  "L_reg_slack": 3,
  "n_total": 62,
  "x_range": [
    0,
    49
  ],
  "y_range": [
    50,
    53
  ],
  "z_range": [
    54,
    58
  ],
  "t_range": [
    59,
    61
  ],
  "C_scale": 71488.17213238537,
  "scale_factor": 10.0,
  "onehot_multiplier": 0.5,
  "reg_multiplier": 1.0,
  "A_base": 714881.7213238537,
  "A_onehot": 357440.86066192685,
  "B_reg": 714881.7213238537,
  "lambda_risk": 0.0,
  "R_size": 8,
  "Rmin": 7,
  "R_indices_zero_based": [
    2,
    7,
    18,
    25,
    29,
    37,
    43,
    47
  ],
  "R_feature_ids_1based": [
    3,
    8,
    19,
    26,
    30,
    38,
    44,
    48,
    54,
    61,
    72,
    74,
    84,
    90,
    98,
    101,
    108,
    115,
    125,
    132,
    137,
    146,
    148,
    156,
    165,
    170,
    174,
    181,
    192,
    195,
    205,
    210,
    216,
    222,
    227,
    240,
    242,
    247,
    257,
    261,
    267,
    279,
    285,
    287,
    298
  ],
  "premium_bands": [
    1200.0,
    1400.0,
    1500.0,
    1800.0,
    2000.0
  ],
  "deductible_bands": [
    0.0,
    150.0,
    300.0,
    600.0
  ],
  "affordability_enabled": false,
  "disallow_premium_bands": [],
  "disallow_penalty_multiplier": 100.0,
  "D_affordability": null,
  "use_tight_regulation": true,
  "qubo_file": "qubo_Q_S3_tight_regulation_N50.npz",
  "regulation_encoding": "surplus T>=0 with (sum_{i in R} x_i) - (sum_l 2^l t_l) = Rmin",
  "diagnostics": {
    "cfg_hash_sha256": "fc0e1454f3864ca5a416c7db1ebf454baf97d1630b8ba93db13171b35381d183",
    "C_scale": 71488.17213238537,
    "scale_factor": 10.0,
    "A_base": 714881.7213238537,
    "A_onehot": 357440.86066192685,
    "B_reg": 714881.7213238537,
    "onehot_multiplier": 0.5,
    "reg_multiplier": 1.0,
    "objective_magnitude_bound": 73488.17213238537,
    "A_over_obj_bound": 4.863923680371509,
    "B_over_obj_bound": 9.727847360743018,
    "premium_max_abs": 2000.0,
    "sigma_abs_sum": 1483324747.9902725,
    "R_size": 8,
    "Rmin": 7,
    "affordability_enabled": false,
    "disallow_penalty_multiplier": 100.0,
    "D_is_scaled_to_A_base_not_A": true,
    "Q_condition_number": 213907.5673824092,
    "Q_eigenvalue_min": -10008142.864097506,
    "Q_eigenvalue_max": 54139776.20754242,
    "Q_eigenvalue_range": [
      -10008142.864097506,
      54139776.20754242
    ],
    "Q_eigenvalue_percentiles": {
      "p0": -10008142.864097506,
      "p25": 257.66937073279934,
      "p50": 747.6934105862956,
      "p75": 2429.00445168112,
      "p100": 54139776.20754242
    },
    "Q_eigenvalue_count_negative": 15,
    "Q_eigenvalue_count_positive": 47,
    "Q_eigenvalue_count_near_zero": 0,
    "note": "Condition number measures numerical stability; bounded growth with N suggests stable QUBO structure."
  }
}