{
  "scenario": "S2_risk_adjusted",
  "scenario_file": "config_qubo_S2.yaml",
  "seed": 1018,
  "ordering": "v = [x_1..x_N, y_1..y_M, z_1..z_K, t_0..t_{L-1}]",
  "N": 20,
  "M": 4,
  "K": 5,
  "L_reg_slack": 2,
  "n_total": 31,
  "x_range": [
    0,
    19
  ],
  "y_range": [
    20,
    23
  ],
  "z_range": [
    24,
    28
  ],
  "t_range": [
    29,
    30
  ],
  "C_scale": 34934.64244417352,
  "scale_factor": 10.0,
  "onehot_multiplier": 0.5,
  "reg_multiplier": 1.0,
  "A_base": 349346.4244417352,
  "A_onehot": 174673.2122208676,
  "B_reg": 349346.4244417352,
  "lambda_risk": 0.1,
  "R_size": 3,
  "Rmin": 2,
  "R_indices_zero_based": [
    2,
    7,
    18
  ],
  "R_feature_ids_1based": [
    3,
    8,
    19,
    26,
    30,
    38,
    44,
    48,
    54,
    61,
    72,
    74,
    84,
    90,
    98,
    101,
    108,
    115,
    125,
    132,
    137,
    146,
    148,
    156,
    165,
    170,
    174,
    181,
    192,
    195,
    205,
    210,
    216,
    222,
    227,
    240,
    242,
    247,
    257,
    261,
    267,
    279,
    285,
    287,
    298
  ],
  "premium_bands": [
    1200.0,
    1400.0,
    1500.0,
    1800.0,
    2000.0
  ],
  "deductible_bands": [
    0.0,
    150.0,
    300.0,
    600.0
  ],
  "affordability_enabled": false,
  "disallow_premium_bands": [],
  "disallow_penalty_multiplier": 100.0,
  "D_affordability": null,
  "use_tight_regulation": false,
  "qubo_file": "qubo_Q_S2_risk_adjusted_N20.npz",
  "regulation_encoding": "surplus T>=0 with (sum_{i in R} x_i) - (sum_l 2^l t_l) = Rmin",
  "diagnostics": {
    "cfg_hash_sha256": "4617ffa8c049b288cfca288cdd7f3449ed0f8c1a62d036038a5f9adf35888516",
    "C_scale": 34934.64244417352,
    "scale_factor": 10.0,
    "A_base": 349346.4244417352,
    "A_onehot": 174673.2122208676,
    "B_reg": 349346.4244417352,
    "onehot_multiplier": 0.5,
    "reg_multiplier": 1.0,
    "objective_magnitude_bound": 71119187.31872492,
    "A_over_obj_bound": 0.0024560631076682455,
    "B_over_obj_bound": 0.004912126215336491,
    "premium_max_abs": 2000.0,
    "sigma_abs_sum": 710822526.7628074,
    "R_size": 3,
    "Rmin": 2,
    "affordability_enabled": false,
    "disallow_penalty_multiplier": 100.0,
    "D_is_scaled_to_A_base_not_A": true,
    "Q_condition_number": 3521.6386904307114,
    "Q_eigenvalue_min": -3316260.7302203705,
    "Q_eigenvalue_max": 9545258.937638309,
    "Q_eigenvalue_range": [
      -3316260.7302203705,
      9545258.937638309
    ],
    "Q_eigenvalue_percentiles": {
      "p0": -3316260.7302203705,
      "p25": -349346.42444173526,
      "p50": 298241.39531633654,
      "p75": 1074403.5152850542,
      "p100": 9545258.937638309
    },
    "Q_eigenvalue_count_negative": 11,
    "Q_eigenvalue_count_positive": 20,
    "Q_eigenvalue_count_near_zero": 0,
    "note": "Condition number measures numerical stability; bounded growth with N suggests stable QUBO structure."
  }
}