{
  "scenario": "S2_risk_adjusted",
  "scenario_file": "config_qubo_S2.yaml",
  "seed": 1018,
  "ordering": "v = [x_1..x_N, y_1..y_M, z_1..z_K, t_0..t_{L-1}]",
  "N": 30,
  "M": 4,
  "K": 5,
  "L_reg_slack": 2,
  "n_total": 41,
  "x_range": [
    0,
    29
  ],
  "y_range": [
    30,
    33
  ],
  "z_range": [
    34,
    38
  ],
  "t_range": [
    39,
    40
  ],
  "C_scale": 41107.978895651344,
  "scale_factor": 10.0,
  "onehot_multiplier": 0.5,
  "reg_multiplier": 1.0,
  "A_base": 411079.78895651345,
  "A_onehot": 205539.89447825673,
  "B_reg": 411079.78895651345,
  "lambda_risk": 0.1,
  "R_size": 5,
  "Rmin": 3,
  "R_indices_zero_based": [
    2,
    7,
    18,
    25,
    29
  ],
  "R_feature_ids_1based": [
    3,
    8,
    19,
    26,
    30,
    38,
    44,
    48,
    54,
    61,
    72,
    74,
    84,
    90,
    98,
    101,
    108,
    115,
    125,
    132,
    137,
    146,
    148,
    156,
    165,
    170,
    174,
    181,
    192,
    195,
    205,
    210,
    216,
    222,
    227,
    240,
    242,
    247,
    257,
    261,
    267,
    279,
    285,
    287,
    298
  ],
  "premium_bands": [
    1200.0,
    1400.0,
    1500.0,
    1800.0,
    2000.0
  ],
  "deductible_bands": [
    0.0,
    150.0,
    300.0,
    600.0
  ],
  "affordability_enabled": false,
  "disallow_premium_bands": [],
  "disallow_penalty_multiplier": 100.0,
  "D_affordability": null,
  "use_tight_regulation": false,
  "qubo_file": "qubo_Q_S2_risk_adjusted_N30.npz",
  "regulation_encoding": "surplus T>=0 with (sum_{i in R} x_i) - (sum_l 2^l t_l) = Rmin",
  "diagnostics": {
    "cfg_hash_sha256": "a67869bf703d312e08422d60afe4ab6f0e569cf25aa753e1b3a267d5c7bc4f3a",
    "C_scale": 41107.978895651344,
    "scale_factor": 10.0,
    "A_base": 411079.78895651345,
    "A_onehot": 205539.89447825673,
    "B_reg": 411079.78895651345,
    "onehot_multiplier": 0.5,
    "reg_multiplier": 1.0,
    "objective_magnitude_bound": 81294587.23527145,
    "A_over_obj_bound": 0.0025283343143549255,
    "B_over_obj_bound": 0.005056668628709851,
    "premium_max_abs": 2000.0,
    "sigma_abs_sum": 812514792.563758,
    "R_size": 5,
    "Rmin": 3,
    "affordability_enabled": false,
    "disallow_penalty_multiplier": 100.0,
    "D_is_scaled_to_A_base_not_A": true,
    "Q_condition_number": 20775.58705882578,
    "Q_eigenvalue_min": -3735800.2448445857,
    "Q_eigenvalue_max": 9752394.007693985,
    "Q_eigenvalue_range": [
      -3735800.2448445857,
      9752394.007693985
    ],
    "Q_eigenvalue_percentiles": {
      "p0": -3735800.2448445857,
      "p25": -411079.7889565141,
      "p50": 161593.57247726282,
      "p75": 615039.7628309585,
      "p100": 9752394.007693985
    },
    "Q_eigenvalue_count_negative": 14,
    "Q_eigenvalue_count_positive": 27,
    "Q_eigenvalue_count_near_zero": 0,
    "note": "Condition number measures numerical stability; bounded growth with N suggests stable QUBO structure."
  }
}