{
  "scenario": "S3_tight_regulation",
  "scenario_file": "config_qubo_S3.yaml",
  "seed": 1018,
  "ordering": "v = [x_1..x_N, y_1..y_M, z_1..z_K, t_0..t_{L-1}]",
  "N": 40,
  "M": 4,
  "K": 5,
  "L_reg_slack": 3,
  "n_total": 52,
  "x_range": [
    0,
    39
  ],
  "y_range": [
    40,
    43
  ],
  "z_range": [
    44,
    48
  ],
  "t_range": [
    49,
    51
  ],
  "C_scale": 58870.02801923134,
  "scale_factor": 10.0,
  "onehot_multiplier": 0.5,
  "reg_multiplier": 1.0,
  "A_base": 588700.2801923134,
  "A_onehot": 294350.1400961567,
  "B_reg": 588700.2801923134,
  "lambda_risk": 0.0,
  "R_size": 6,
  "Rmin": 6,
  "R_indices_zero_based": [
    2,
    7,
    18,
    25,
    29,
    37
  ],
  "R_feature_ids_1based": [
    3,
    8,
    19,
    26,
    30,
    38,
    44,
    48,
    54,
    61,
    72,
    74,
    84,
    90,
    98,
    101,
    108,
    115,
    125,
    132,
    137,
    146,
    148,
    156,
    165,
    170,
    174,
    181,
    192,
    195,
    205,
    210,
    216,
    222,
    227,
    240,
    242,
    247,
    257,
    261,
    267,
    279,
    285,
    287,
    298
  ],
  "premium_bands": [
    1200.0,
    1400.0,
    1500.0,
    1800.0,
    2000.0
  ],
  "deductible_bands": [
    0.0,
    150.0,
    300.0,
    600.0
  ],
  "affordability_enabled": false,
  "disallow_premium_bands": [],
  "disallow_penalty_multiplier": 100.0,
  "D_affordability": null,
  "use_tight_regulation": true,
  "qubo_file": "qubo_Q_S3_tight_regulation_N40.npz",
  "regulation_encoding": "surplus T>=0 with (sum_{i in R} x_i) - (sum_l 2^l t_l) = Rmin",
  "diagnostics": {
    "cfg_hash_sha256": "9f848d9e2252230581d14fa2e5e00f2dc8c2dbad185084b8d7da7027c3d527e9",
    "C_scale": 58870.02801923134,
    "scale_factor": 10.0,
    "A_base": 588700.2801923134,
    "A_onehot": 294350.1400961567,
    "B_reg": 588700.2801923134,
    "onehot_multiplier": 0.5,
    "reg_multiplier": 1.0,
    "objective_magnitude_bound": 60870.02801923134,
    "A_over_obj_bound": 4.83571553479751,
    "B_over_obj_bound": 9.67143106959502,
    "premium_max_abs": 2000.0,
    "sigma_abs_sum": 1223206225.3651886,
    "R_size": 6,
    "Rmin": 6,
    "affordability_enabled": false,
    "disallow_penalty_multiplier": 100.0,
    "D_is_scaled_to_A_base_not_A": true,
    "Q_condition_number": 157309.71380463385,
    "Q_eigenvalue_min": -7064191.98457789,
    "Q_eigenvalue_max": 39814920.08452419,
    "Q_eigenvalue_range": [
      -7064191.98457789,
      39814920.08452419
    ],
    "Q_eigenvalue_percentiles": {
      "p0": -7064191.98457789,
      "p25": -146985.2458513318,
      "p50": 738.2851105137489,
      "p75": 2533.081339273772,
      "p100": 39814920.08452419
    },
    "Q_eigenvalue_count_negative": 13,
    "Q_eigenvalue_count_positive": 39,
    "Q_eigenvalue_count_near_zero": 0,
    "note": "Condition number measures numerical stability; bounded growth with N suggests stable QUBO structure."
  }
}