{
  "scenario": "S4_affordability",
  "scenario_file": "config_qubo_S4.yaml",
  "seed": 1018,
  "ordering": "v = [x_1..x_N, y_1..y_M, z_1..z_K, t_0..t_{L-1}]",
  "N": 40,
  "M": 4,
  "K": 5,
  "L_reg_slack": 3,
  "n_total": 52,
  "x_range": [
    0,
    39
  ],
  "y_range": [
    40,
    43
  ],
  "z_range": [
    44,
    48
  ],
  "t_range": [
    49,
    51
  ],
  "C_scale": 58870.02801923134,
  "scale_factor": 10.0,
  "onehot_multiplier": 0.5,
  "reg_multiplier": 1.0,
  "A_base": 588700.2801923134,
  "A_onehot": 294350.1400961567,
  "B_reg": 588700.2801923134,
  "lambda_risk": 0.0,
  "R_size": 6,
  "Rmin": 4,
  "R_indices_zero_based": [
    2,
    7,
    18,
    25,
    29,
    37
  ],
  "R_feature_ids_1based": [
    3,
    8,
    19,
    26,
    30,
    38,
    44,
    48,
    54,
    61,
    72,
    74,
    84,
    90,
    98,
    101,
    108,
    115,
    125,
    132,
    137,
    146,
    148,
    156,
    165,
    170,
    174,
    181,
    192,
    195,
    205,
    210,
    216,
    222,
    227,
    240,
    242,
    247,
    257,
    261,
    267,
    279,
    285,
    287,
    298
  ],
  "premium_bands": [
    1200.0,
    1400.0,
    1500.0,
    1800.0,
    2000.0
  ],
  "deductible_bands": [
    0.0,
    150.0,
    300.0,
    600.0
  ],
  "affordability_enabled": true,
  "disallow_premium_bands": [
    4,
    5
  ],
  "disallow_penalty_multiplier": 100.0,
  "D_affordability": 58870028.019231334,
  "use_tight_regulation": false,
  "qubo_file": "qubo_Q_S4_affordability_N40.npz",
  "regulation_encoding": "surplus T>=0 with (sum_{i in R} x_i) - (sum_l 2^l t_l) = Rmin",
  "diagnostics": {
    "cfg_hash_sha256": "bed90c13d0f49d45cf5e1f680cfe82fedf3374f98a7a54217d30447d57c3e828",
    "C_scale": 58870.02801923134,
    "scale_factor": 10.0,
    "A_base": 588700.2801923134,
    "A_onehot": 294350.1400961567,
    "B_reg": 588700.2801923134,
    "onehot_multiplier": 0.5,
    "reg_multiplier": 1.0,
    "objective_magnitude_bound": 60870.02801923134,
    "A_over_obj_bound": 4.83571553479751,
    "B_over_obj_bound": 9.67143106959502,
    "premium_max_abs": 2000.0,
    "sigma_abs_sum": 1223206225.3651886,
    "R_size": 6,
    "Rmin": 4,
    "affordability_enabled": true,
    "disallow_penalty_multiplier": 100.0,
    "D_is_scaled_to_A_base_not_A": true,
    "Q_condition_number": 232624.45986609496,
    "Q_eigenvalue_min": -4709390.864883566,
    "Q_eigenvalue_max": 58877001.65109177,
    "Q_eigenvalue_range": [
      -4709390.864883566,
      58877001.65109177
    ],
    "Q_eigenvalue_percentiles": {
      "p0": -4709390.864883566,
      "p25": 287.7389494749361,
      "p50": 760.5931015050297,
      "p75": 2701.5692959725793,
      "p100": 58877001.65109177
    },
    "Q_eigenvalue_count_negative": 11,
    "Q_eigenvalue_count_positive": 41,
    "Q_eigenvalue_count_near_zero": 0,
    "note": "Condition number measures numerical stability; bounded growth with N suggests stable QUBO structure.",
    "D_affordability": 58870028.019231334,
    "D_over_premium_max_abs": 29435.01400961567,
    "D_over_obj_bound": 967.143106959502
  }
}