{
  "scenario": "S4_affordability",
  "scenario_file": "config_qubo_S4.yaml",
  "seed": 1018,
  "ordering": "v = [x_1..x_N, y_1..y_M, z_1..z_K, t_0..t_{L-1}]",
  "N": 20,
  "M": 4,
  "K": 5,
  "L_reg_slack": 2,
  "n_total": 31,
  "x_range": [
    0,
    19
  ],
  "y_range": [
    20,
    23
  ],
  "z_range": [
    24,
    28
  ],
  "t_range": [
    29,
    30
  ],
  "C_scale": 34934.64244417352,
  "scale_factor": 10.0,
  "onehot_multiplier": 0.5,
  "reg_multiplier": 1.0,
  "A_base": 349346.4244417352,
  "A_onehot": 174673.2122208676,
  "B_reg": 349346.4244417352,
  "lambda_risk": 0.0,
  "R_size": 3,
  "Rmin": 2,
  "R_indices_zero_based": [
    2,
    7,
    18
  ],
  "R_feature_ids_1based": [
    3,
    8,
    19,
    26,
    30,
    38,
    44,
    48,
    54,
    61,
    72,
    74,
    84,
    90,
    98,
    101,
    108,
    115,
    125,
    132,
    137,
    146,
    148,
    156,
    165,
    170,
    174,
    181,
    192,
    195,
    205,
    210,
    216,
    222,
    227,
    240,
    242,
    247,
    257,
    261,
    267,
    279,
    285,
    287,
    298
  ],
  "premium_bands": [
    1200.0,
    1400.0,
    1500.0,
    1800.0,
    2000.0
  ],
  "deductible_bands": [
    0.0,
    150.0,
    300.0,
    600.0
  ],
  "affordability_enabled": true,
  "disallow_premium_bands": [
    4,
    5
  ],
  "disallow_penalty_multiplier": 100.0,
  "D_affordability": 34934642.44417352,
  "use_tight_regulation": false,
  "qubo_file": "qubo_Q_S4_affordability_N20.npz",
  "regulation_encoding": "surplus T>=0 with (sum_{i in R} x_i) - (sum_l 2^l t_l) = Rmin",
  "diagnostics": {
    "cfg_hash_sha256": "4a80044e0477ecfb492d2c898b042e96899abea70f1213baabc58aa0008e790e",
    "C_scale": 34934.64244417352,
    "scale_factor": 10.0,
    "A_base": 349346.4244417352,
    "A_onehot": 174673.2122208676,
    "B_reg": 349346.4244417352,
    "onehot_multiplier": 0.5,
    "reg_multiplier": 1.0,
    "objective_magnitude_bound": 36934.64244417352,
    "A_over_obj_bound": 4.729251474002626,
    "B_over_obj_bound": 9.458502948005252,
    "premium_max_abs": 2000.0,
    "sigma_abs_sum": 710822526.7628074,
    "R_size": 3,
    "Rmin": 2,
    "affordability_enabled": true,
    "disallow_penalty_multiplier": 100.0,
    "D_is_scaled_to_A_base_not_A": true,
    "Q_condition_number": 138040.9171348463,
    "Q_eigenvalue_min": -1396255.8643330967,
    "Q_eigenvalue_max": 34938008.284454286,
    "Q_eigenvalue_range": [
      -1396255.8643330967,
      34938008.284454286
    ],
    "Q_eigenvalue_percentiles": {
      "p0": -1396255.8643330967,
      "p25": -174546.66275636505,
      "p50": 836.4090115531632,
      "p75": 3257.465877878498,
      "p100": 34938008.284454286
    },
    "Q_eigenvalue_count_negative": 8,
    "Q_eigenvalue_count_positive": 23,
    "Q_eigenvalue_count_near_zero": 0,
    "note": "Condition number measures numerical stability; bounded growth with N suggests stable QUBO structure.",
    "D_affordability": 34934642.44417352,
    "D_over_premium_max_abs": 17467.32122208676,
    "D_over_obj_bound": 945.8502948005254
  }
}