{
  "scenario": "S2_risk_adjusted",
  "scenario_file": "config_qubo_S2.yaml",
  "seed": 1002,
  "ordering": "v = [x_1..x_N, y_1..y_M, z_1..z_K, t_0..t_{L-1}]",
  "N": 30,
  "M": 4,
  "K": 5,
  "L_reg_slack": 2,
  "n_total": 41,
  "x_range": [
    0,
    29
  ],
  "y_range": [
    30,
    33
  ],
  "z_range": [
    34,
    38
  ],
  "t_range": [
    39,
    40
  ],
  "C_scale": 32163.27197927554,
  "scale_factor": 10.0,
  "onehot_multiplier": 0.5,
  "reg_multiplier": 1.0,
  "A_base": 321632.71979275544,
  "A_onehot": 160816.35989637772,
  "B_reg": 321632.71979275544,
  "lambda_risk": 0.1,
  "R_size": 5,
  "Rmin": 3,
  "R_indices_zero_based": [
    1,
    12,
    15,
    25,
    27
  ],
  "R_feature_ids_1based": [
    2,
    13,
    16,
    26,
    28,
    34,
    45,
    51,
    58,
    63,
    67,
    75,
    81,
    92,
    95,
    103,
    112,
    115,
    121,
    127,
    137,
    142,
    152,
    155,
    164,
    170,
    174,
    181,
    192,
    199,
    201,
    212,
    216,
    221,
    229,
    240,
    246,
    250,
    256,
    264,
    270,
    276,
    281,
    288,
    295
  ],
  "premium_bands": [
    1200.0,
    1400.0,
    1500.0,
    1800.0,
    2000.0
  ],
  "deductible_bands": [
    0.0,
    150.0,
    300.0,
    600.0
  ],
  "affordability_enabled": false,
  "disallow_premium_bands": [],
  "disallow_penalty_multiplier": 100.0,
  "D_affordability": null,
  "use_tight_regulation": false,
  "qubo_file": "qubo_Q_S2_risk_adjusted_N30.npz",
  "regulation_encoding": "surplus T>=0 with (sum_{i in R} x_i) - (sum_l 2^l t_l) = Rmin",
  "diagnostics": {
    "cfg_hash_sha256": "68ac6243612fe98c85eca0e0823930dcb3310a99b130085ea7ad56fa395f7da4",
    "C_scale": 32163.27197927554,
    "scale_factor": 10.0,
    "A_base": 321632.71979275544,
    "A_onehot": 160816.35989637772,
    "B_reg": 321632.71979275544,
    "onehot_multiplier": 0.5,
    "reg_multiplier": 1.0,
    "objective_magnitude_bound": 60843695.092962734,
    "A_over_obj_bound": 0.002643106399942793,
    "B_over_obj_bound": 0.005286212799885586,
    "premium_max_abs": 2000.0,
    "sigma_abs_sum": 608095318.2098346,
    "R_size": 5,
    "Rmin": 3,
    "affordability_enabled": false,
    "disallow_penalty_multiplier": 100.0,
    "D_is_scaled_to_A_base_not_A": true,
    "Q_condition_number": 284.0093768260139,
    "Q_eigenvalue_min": -2425810.661665659,
    "Q_eigenvalue_max": 8864965.18506788,
    "Q_eigenvalue_range": [
      -2425810.661665659,
      8864965.18506788
    ],
    "Q_eigenvalue_percentiles": {
      "p0": -2425810.661665659,
      "p25": -321632.7197927555,
      "p50": 128137.89136753323,
      "p75": 593447.5695491561,
      "p100": 8864965.18506788
    },
    "Q_eigenvalue_count_negative": 13,
    "Q_eigenvalue_count_positive": 28,
    "Q_eigenvalue_count_near_zero": 0,
    "note": "Condition number measures numerical stability; bounded growth with N suggests stable QUBO structure."
  }
}