{
  "scenario": "S1_cost_only",
  "scenario_file": "config_qubo_S1.yaml",
  "seed": 1002,
  "ordering": "v = [x_1..x_N, y_1..y_M, z_1..z_K, t_0..t_{L-1}]",
  "N": 50,
  "M": 4,
  "K": 5,
  "L_reg_slack": 3,
  "n_total": 62,
  "x_range": [
    0,
    49
  ],
  "y_range": [
    50,
    53
  ],
  "z_range": [
    54,
    58
  ],
  "t_range": [
    59,
    61
  ],
  "C_scale": 58350.9129923922,
  "scale_factor": 10.0,
  "onehot_multiplier": 0.5,
  "reg_multiplier": 1.1,
  "A_base": 583509.129923922,
  "A_onehot": 291754.564961961,
  "B_reg": 641860.0429163142,
  "lambda_risk": 0.0,
  "R_size": 7,
  "Rmin": 5,
  "R_indices_zero_based": [
    1,
    12,
    15,
    25,
    27,
    33,
    44
  ],
  "R_feature_ids_1based": [
    2,
    13,
    16,
    26,
    28,
    34,
    45,
    51,
    58,
    63,
    67,
    75,
    81,
    92,
    95,
    103,
    112,
    115,
    121,
    127,
    137,
    142,
    152,
    155,
    164,
    170,
    174,
    181,
    192,
    199,
    201,
    212,
    216,
    221,
    229,
    240,
    246,
    250,
    256,
    264,
    270,
    276,
    281,
    288,
    295
  ],
  "premium_bands": [
    1200.0,
    1400.0,
    1500.0,
    1800.0,
    2000.0
  ],
  "deductible_bands": [
    0.0,
    150.0,
    300.0,
    600.0
  ],
  "affordability_enabled": false,
  "disallow_premium_bands": [],
  "disallow_penalty_multiplier": 100.0,
  "D_affordability": null,
  "use_tight_regulation": false,
  "qubo_file": "qubo_Q_S1_cost_only_N50.npz",
  "regulation_encoding": "surplus T>=0 with (sum_{i in R} x_i) - (sum_l 2^l t_l) = Rmin",
  "diagnostics": {
    "cfg_hash_sha256": "5d4d5d17bb44cd99fae6964b13a20dbc42c22d4f3d9a7a49076b2e5ff3014cc8",
    "C_scale": 58350.9129923922,
    "scale_factor": 10.0,
    "A_base": 583509.129923922,
    "A_onehot": 291754.564961961,
    "B_reg": 641860.0429163142,
    "onehot_multiplier": 0.5,
    "reg_multiplier": 1.1,
    "objective_magnitude_bound": 60350.9129923922,
    "A_over_obj_bound": 4.834302423871192,
    "B_over_obj_bound": 10.635465332516622,
    "premium_max_abs": 2000.0,
    "sigma_abs_sum": 1620355852.1693935,
    "R_size": 7,
    "Rmin": 5,
    "affordability_enabled": false,
    "disallow_penalty_multiplier": 100.0,
    "D_is_scaled_to_A_base_not_A": true,
    "Q_condition_number": 344688.44991579704,
    "Q_eigenvalue_min": -6418266.446317198,
    "Q_eigenvalue_max": 38807524.09660503,
    "Q_eigenvalue_range": [
      -6418266.446317198,
      38807524.09660503
    ],
    "Q_eigenvalue_percentiles": {
      "p0": -6418266.446317198,
      "p25": 126.12070818155512,
      "p50": 642.1301904781922,
      "p75": 1517.1028083658248,
      "p100": 38807524.09660503
    },
    "Q_eigenvalue_count_negative": 14,
    "Q_eigenvalue_count_positive": 48,
    "Q_eigenvalue_count_near_zero": 0,
    "note": "Condition number measures numerical stability; bounded growth with N suggests stable QUBO structure."
  }
}