{
  "scenario": "S2_risk_adjusted",
  "scenario_file": "config_qubo_S2.yaml",
  "seed": 1002,
  "ordering": "v = [x_1..x_N, y_1..y_M, z_1..z_K, t_0..t_{L-1}]",
  "N": 20,
  "M": 4,
  "K": 5,
  "L_reg_slack": 2,
  "n_total": 31,
  "x_range": [
    0,
    19
  ],
  "y_range": [
    20,
    23
  ],
  "z_range": [
    24,
    28
  ],
  "t_range": [
    29,
    30
  ],
  "C_scale": 16294.856221000231,
  "scale_factor": 10.0,
  "onehot_multiplier": 0.5,
  "reg_multiplier": 1.0,
  "A_base": 162948.5622100023,
  "A_onehot": 81474.28110500115,
  "B_reg": 162948.5622100023,
  "lambda_risk": 0.1,
  "R_size": 3,
  "Rmin": 2,
  "R_indices_zero_based": [
    1,
    12,
    15
  ],
  "R_feature_ids_1based": [
    2,
    13,
    16,
    26,
    28,
    34,
    45,
    51,
    58,
    63,
    67,
    75,
    81,
    92,
    95,
    103,
    112,
    115,
    121,
    127,
    137,
    142,
    152,
    155,
    164,
    170,
    174,
    181,
    192,
    199,
    201,
    212,
    216,
    221,
    229,
    240,
    246,
    250,
    256,
    264,
    270,
    276,
    281,
    288,
    295
  ],
  "premium_bands": [
    1200.0,
    1400.0,
    1500.0,
    1800.0,
    2000.0
  ],
  "deductible_bands": [
    0.0,
    150.0,
    300.0,
    600.0
  ],
  "affordability_enabled": false,
  "disallow_premium_bands": [],
  "disallow_penalty_multiplier": 100.0,
  "D_affordability": null,
  "use_tight_regulation": false,
  "qubo_file": "qubo_Q_S2_risk_adjusted_N20.npz",
  "regulation_encoding": "surplus T>=0 with (sum_{i in R} x_i) - (sum_l 2^l t_l) = Rmin",
  "diagnostics": {
    "cfg_hash_sha256": "59eba8cea8ad204aa3fa70588a79e0fe9220c36864307c5a74c4f9bb15504357",
    "C_scale": 16294.856221000231,
    "scale_factor": 10.0,
    "A_base": 162948.5622100023,
    "A_onehot": 81474.28110500115,
    "B_reg": 162948.5622100023,
    "onehot_multiplier": 0.5,
    "reg_multiplier": 1.0,
    "objective_magnitude_bound": 9645611.901802137,
    "A_over_obj_bound": 0.008446771644397066,
    "B_over_obj_bound": 0.01689354328879413,
    "premium_max_abs": 2000.0,
    "sigma_abs_sum": 96273170.45581137,
    "R_size": 3,
    "Rmin": 2,
    "affordability_enabled": false,
    "disallow_penalty_multiplier": 100.0,
    "D_is_scaled_to_A_base_not_A": true,
    "Q_condition_number": 59.68615942461601,
    "Q_eigenvalue_min": -496462.37139282457,
    "Q_eigenvalue_max": 2235512.5800463576,
    "Q_eigenvalue_range": [
      -496462.37139282457,
      2235512.5800463576
    ],
    "Q_eigenvalue_percentiles": {
      "p0": -496462.37139282457,
      "p25": -162948.56221000224,
      "p50": 128137.89136753298,
      "p75": 512297.705813,
      "p100": 2235512.5800463576
    },
    "Q_eigenvalue_count_negative": 9,
    "Q_eigenvalue_count_positive": 22,
    "Q_eigenvalue_count_near_zero": 0,
    "note": "Condition number measures numerical stability; bounded growth with N suggests stable QUBO structure."
  }
}