{
  "scenario": "S2_risk_adjusted",
  "scenario_file": "config_qubo_S2.yaml",
  "seed": 1002,
  "ordering": "v = [x_1..x_N, y_1..y_M, z_1..z_K, t_0..t_{L-1}]",
  "N": 40,
  "M": 4,
  "K": 5,
  "L_reg_slack": 3,
  "n_total": 52,
  "x_range": [
    0,
    39
  ],
  "y_range": [
    40,
    43
  ],
  "z_range": [
    44,
    48
  ],
  "t_range": [
    49,
    51
  ],
  "C_scale": 39364.11661395706,
  "scale_factor": 10.0,
  "onehot_multiplier": 0.5,
  "reg_multiplier": 1.0,
  "A_base": 393641.16613957065,
  "A_onehot": 196820.58306978532,
  "B_reg": 393641.16613957065,
  "lambda_risk": 0.1,
  "R_size": 6,
  "Rmin": 4,
  "R_indices_zero_based": [
    1,
    12,
    15,
    25,
    27,
    33
  ],
  "R_feature_ids_1based": [
    2,
    13,
    16,
    26,
    28,
    34,
    45,
    51,
    58,
    63,
    67,
    75,
    81,
    92,
    95,
    103,
    112,
    115,
    121,
    127,
    137,
    142,
    152,
    155,
    164,
    170,
    174,
    181,
    192,
    199,
    201,
    212,
    216,
    221,
    229,
    240,
    246,
    250,
    256,
    264,
    270,
    276,
    281,
    288,
    295
  ],
  "premium_bands": [
    1200.0,
    1400.0,
    1500.0,
    1800.0,
    2000.0
  ],
  "deductible_bands": [
    0.0,
    150.0,
    300.0,
    600.0
  ],
  "affordability_enabled": false,
  "disallow_premium_bands": [],
  "disallow_penalty_multiplier": 100.0,
  "D_affordability": null,
  "use_tight_regulation": false,
  "qubo_file": "qubo_Q_S2_risk_adjusted_N40.npz",
  "regulation_encoding": "surplus T>=0 with (sum_{i in R} x_i) - (sum_l 2^l t_l) = Rmin",
  "diagnostics": {
    "cfg_hash_sha256": "99819be4ac53db51eb86d2f0da6000cddbd49a0c0ee5a9a4085c8a7c65ef0083",
    "C_scale": 39364.11661395706,
    "scale_factor": 10.0,
    "A_base": 393641.16613957065,
    "A_onehot": 196820.58306978532,
    "B_reg": 393641.16613957065,
    "onehot_multiplier": 0.5,
    "reg_multiplier": 1.0,
    "objective_magnitude_bound": 78592260.33748432,
    "A_over_obj_bound": 0.002504325263386176,
    "B_over_obj_bound": 0.005008650526772352,
    "premium_max_abs": 2000.0,
    "sigma_abs_sum": 785508962.2087035,
    "R_size": 6,
    "Rmin": 4,
    "affordability_enabled": false,
    "disallow_penalty_multiplier": 100.0,
    "D_is_scaled_to_A_base_not_A": true,
    "Q_condition_number": 77221.4315677439,
    "Q_eigenvalue_min": -3591442.930265888,
    "Q_eigenvalue_max": 20829370.877054334,
    "Q_eigenvalue_range": [
      -3591442.930265888,
      20829370.877054334
    ],
    "Q_eigenvalue_percentiles": {
      "p0": -3591442.930265888,
      "p25": -393641.1661395706,
      "p50": 162841.8411617555,
      "p75": 646607.5734699143,
      "p100": 20829370.877054334
    },
    "Q_eigenvalue_count_negative": 14,
    "Q_eigenvalue_count_positive": 38,
    "Q_eigenvalue_count_near_zero": 0,
    "note": "Condition number measures numerical stability; bounded growth with N suggests stable QUBO structure."
  }
}