{
  "scenario": "S4_affordability",
  "scenario_file": "config_qubo_S4.yaml",
  "seed": 1002,
  "ordering": "v = [x_1..x_N, y_1..y_M, z_1..z_K, t_0..t_{L-1}]",
  "N": 40,
  "M": 4,
  "K": 5,
  "L_reg_slack": 3,
  "n_total": 52,
  "x_range": [
    0,
    39
  ],
  "y_range": [
    40,
    43
  ],
  "z_range": [
    44,
    48
  ],
  "t_range": [
    49,
    51
  ],
  "C_scale": 39364.11661395706,
  "scale_factor": 10.0,
  "onehot_multiplier": 0.5,
  "reg_multiplier": 1.0,
  "A_base": 393641.16613957065,
  "A_onehot": 196820.58306978532,
  "B_reg": 393641.16613957065,
  "lambda_risk": 0.0,
  "R_size": 6,
  "Rmin": 4,
  "R_indices_zero_based": [
    1,
    12,
    15,
    25,
    27,
    33
  ],
  "R_feature_ids_1based": [
    2,
    13,
    16,
    26,
    28,
    34,
    45,
    51,
    58,
    63,
    67,
    75,
    81,
    92,
    95,
    103,
    112,
    115,
    121,
    127,
    137,
    142,
    152,
    155,
    164,
    170,
    174,
    181,
    192,
    199,
    201,
    212,
    216,
    221,
    229,
    240,
    246,
    250,
    256,
    264,
    270,
    276,
    281,
    288,
    295
  ],
  "premium_bands": [
    1200.0,
    1400.0,
    1500.0,
    1800.0,
    2000.0
  ],
  "deductible_bands": [
    0.0,
    150.0,
    300.0,
    600.0
  ],
  "affordability_enabled": true,
  "disallow_premium_bands": [
    4,
    5
  ],
  "disallow_penalty_multiplier": 100.0,
  "D_affordability": 39364116.61395706,
  "use_tight_regulation": false,
  "qubo_file": "qubo_Q_S4_affordability_N40.npz",
  "regulation_encoding": "surplus T>=0 with (sum_{i in R} x_i) - (sum_l 2^l t_l) = Rmin",
  "diagnostics": {
    "cfg_hash_sha256": "1e7103c1b1e10a12818c1b738cc93a83929a4ea68f3d19b49c7c44ab4504906d",
    "C_scale": 39364.11661395706,
    "scale_factor": 10.0,
    "A_base": 393641.16613957065,
    "A_onehot": 196820.58306978532,
    "B_reg": 393641.16613957065,
    "onehot_multiplier": 0.5,
    "reg_multiplier": 1.0,
    "objective_magnitude_bound": 41364.11661395706,
    "A_over_obj_bound": 4.758244565130497,
    "B_over_obj_bound": 9.516489130260995,
    "premium_max_abs": 2000.0,
    "sigma_abs_sum": 785508962.2087035,
    "R_size": 6,
    "Rmin": 4,
    "affordability_enabled": true,
    "disallow_penalty_multiplier": 100.0,
    "D_is_scaled_to_A_base_not_A": true,
    "Q_condition_number": 349667.93045649736,
    "Q_eigenvalue_min": -3148784.0181744834,
    "Q_eigenvalue_max": 39368150.10984752,
    "Q_eigenvalue_range": [
      -3148784.0181744834,
      39368150.10984752
    ],
    "Q_eigenvalue_percentiles": {
      "p0": -3148784.0181744834,
      "p25": 129.6556008008203,
      "p50": 515.7072949535549,
      "p75": 1676.6523703874172,
      "p100": 39368150.10984752
    },
    "Q_eigenvalue_count_negative": 11,
    "Q_eigenvalue_count_positive": 41,
    "Q_eigenvalue_count_near_zero": 0,
    "note": "Condition number measures numerical stability; bounded growth with N suggests stable QUBO structure.",
    "D_affordability": 39364116.61395706,
    "D_over_premium_max_abs": 19682.05830697853,
    "D_over_obj_bound": 951.6489130260995
  }
}