{
  "scenario": "S1_cost_only",
  "scenario_file": "config_qubo_S1.yaml",
  "seed": 1002,
  "ordering": "v = [x_1..x_N, y_1..y_M, z_1..z_K, t_0..t_{L-1}]",
  "N": 30,
  "M": 4,
  "K": 5,
  "L_reg_slack": 2,
  "n_total": 41,
  "x_range": [
    0,
    29
  ],
  "y_range": [
    30,
    33
  ],
  "z_range": [
    34,
    38
  ],
  "t_range": [
    39,
    40
  ],
  "C_scale": 32163.27197927554,
  "scale_factor": 10.0,
  "onehot_multiplier": 0.5,
  "reg_multiplier": 1.0,
  "A_base": 321632.71979275544,
  "A_onehot": 160816.35989637772,
  "B_reg": 321632.71979275544,
  "lambda_risk": 0.0,
  "R_size": 5,
  "Rmin": 3,
  "R_indices_zero_based": [
    1,
    12,
    15,
    25,
    27
  ],
  "R_feature_ids_1based": [
    2,
    13,
    16,
    26,
    28,
    34,
    45,
    51,
    58,
    63,
    67,
    75,
    81,
    92,
    95,
    103,
    112,
    115,
    121,
    127,
    137,
    142,
    152,
    155,
    164,
    170,
    174,
    181,
    192,
    199,
    201,
    212,
    216,
    221,
    229,
    240,
    246,
    250,
    256,
    264,
    270,
    276,
    281,
    288,
    295
  ],
  "premium_bands": [
    1200.0,
    1400.0,
    1500.0,
    1800.0,
    2000.0
  ],
  "deductible_bands": [
    0.0,
    150.0,
    300.0,
    600.0
  ],
  "affordability_enabled": false,
  "disallow_premium_bands": [],
  "disallow_penalty_multiplier": 100.0,
  "D_affordability": null,
  "use_tight_regulation": false,
  "qubo_file": "qubo_Q_S1_cost_only_N30.npz",
  "regulation_encoding": "surplus T>=0 with (sum_{i in R} x_i) - (sum_l 2^l t_l) = Rmin",
  "diagnostics": {
    "cfg_hash_sha256": "082851efebee62c3cbb924d7599ef43ecd34e01efbbec3543aa51fed36226726",
    "C_scale": 32163.27197927554,
    "scale_factor": 10.0,
    "A_base": 321632.71979275544,
    "A_onehot": 160816.35989637772,
    "B_reg": 321632.71979275544,
    "onehot_multiplier": 0.5,
    "reg_multiplier": 1.0,
    "objective_magnitude_bound": 34163.27197927554,
    "A_over_obj_bound": 4.707287990270187,
    "B_over_obj_bound": 9.414575980540373,
    "premium_max_abs": 2000.0,
    "sigma_abs_sum": 608095318.2098346,
    "R_size": 5,
    "Rmin": 3,
    "affordability_enabled": false,
    "disallow_penalty_multiplier": 100.0,
    "D_is_scaled_to_A_base_not_A": true,
    "Q_condition_number": 50528.061897712796,
    "Q_eigenvalue_min": -1929428.8619097143,
    "Q_eigenvalue_max": 5688815.451198857,
    "Q_eigenvalue_range": [
      -1929428.8619097143,
      5688815.451198857
    ],
    "Q_eigenvalue_percentiles": {
      "p0": -1929428.8619097143,
      "p25": -321632.7197927551,
      "p50": 288.8231593340492,
      "p75": 1192.3470165893862,
      "p100": 5688815.451198857
    },
    "Q_eigenvalue_count_negative": 12,
    "Q_eigenvalue_count_positive": 29,
    "Q_eigenvalue_count_near_zero": 0,
    "note": "Condition number measures numerical stability; bounded growth with N suggests stable QUBO structure."
  }
}