{
  "scenario": "S1_cost_only",
  "scenario_file": "config_qubo_S1.yaml",
  "seed": 1002,
  "ordering": "v = [x_1..x_N, y_1..y_M, z_1..z_K, t_0..t_{L-1}]",
  "N": 20,
  "M": 4,
  "K": 5,
  "L_reg_slack": 2,
  "n_total": 31,
  "x_range": [
    0,
    19
  ],
  "y_range": [
    20,
    23
  ],
  "z_range": [
    24,
    28
  ],
  "t_range": [
    29,
    30
  ],
  "C_scale": 16294.856221000231,
  "scale_factor": 10.0,
  "onehot_multiplier": 0.5,
  "reg_multiplier": 1.0,
  "A_base": 162948.5622100023,
  "A_onehot": 81474.28110500115,
  "B_reg": 162948.5622100023,
  "lambda_risk": 0.0,
  "R_size": 3,
  "Rmin": 2,
  "R_indices_zero_based": [
    1,
    12,
    15
  ],
  "R_feature_ids_1based": [
    2,
    13,
    16,
    26,
    28,
    34,
    45,
    51,
    58,
    63,
    67,
    75,
    81,
    92,
    95,
    103,
    112,
    115,
    121,
    127,
    137,
    142,
    152,
    155,
    164,
    170,
    174,
    181,
    192,
    199,
    201,
    212,
    216,
    221,
    229,
    240,
    246,
    250,
    256,
    264,
    270,
    276,
    281,
    288,
    295
  ],
  "premium_bands": [
    1200.0,
    1400.0,
    1500.0,
    1800.0,
    2000.0
  ],
  "deductible_bands": [
    0.0,
    150.0,
    300.0,
    600.0
  ],
  "affordability_enabled": false,
  "disallow_premium_bands": [],
  "disallow_penalty_multiplier": 100.0,
  "D_affordability": null,
  "use_tight_regulation": false,
  "qubo_file": "qubo_Q_S1_cost_only_N20.npz",
  "regulation_encoding": "surplus T>=0 with (sum_{i in R} x_i) - (sum_l 2^l t_l) = Rmin",
  "diagnostics": {
    "cfg_hash_sha256": "f1ef52ef7d57824e521164e26562b7bcd9991edb5c8095235bc894302f42aa2b",
    "C_scale": 16294.856221000231,
    "scale_factor": 10.0,
    "A_base": 162948.5622100023,
    "A_onehot": 81474.28110500115,
    "B_reg": 162948.5622100023,
    "onehot_multiplier": 0.5,
    "reg_multiplier": 1.0,
    "objective_magnitude_bound": 18294.85622100023,
    "A_over_obj_bound": 4.45339827330694,
    "B_over_obj_bound": 8.90679654661388,
    "premium_max_abs": 2000.0,
    "sigma_abs_sum": 96273170.45581137,
    "R_size": 3,
    "Rmin": 2,
    "affordability_enabled": false,
    "disallow_penalty_multiplier": 100.0,
    "D_is_scaled_to_A_base_not_A": true,
    "Q_condition_number": 16770.934620330027,
    "Q_eigenvalue_min": -651344.5613891204,
    "Q_eigenvalue_max": 2204087.330713778,
    "Q_eigenvalue_range": [
      -651344.5613891204,
      2204087.330713778
    ],
    "Q_eigenvalue_percentiles": {
      "p0": -651344.5613891204,
      "p25": -162948.56221000242,
      "p50": 235.21022638320247,
      "p75": 1066.2509315255181,
      "p100": 2204087.330713778
    },
    "Q_eigenvalue_count_negative": 10,
    "Q_eigenvalue_count_positive": 21,
    "Q_eigenvalue_count_near_zero": 0,
    "note": "Condition number measures numerical stability; bounded growth with N suggests stable QUBO structure."
  }
}