{
  "scenario": "S2_risk_adjusted",
  "scenario_file": "config_qubo_S2.yaml",
  "seed": 1013,
  "ordering": "v = [x_1..x_N, y_1..y_M, z_1..z_K, t_0..t_{L-1}]",
  "N": 50,
  "M": 4,
  "K": 5,
  "L_reg_slack": 3,
  "n_total": 62,
  "x_range": [
    0,
    49
  ],
  "y_range": [
    50,
    53
  ],
  "z_range": [
    54,
    58
  ],
  "t_range": [
    59,
    61
  ],
  "C_scale": 85655.94411181672,
  "scale_factor": 10.0,
  "onehot_multiplier": 0.5,
  "reg_multiplier": 1.0,
  "A_base": 856559.4411181671,
  "A_onehot": 428279.72055908357,
  "B_reg": 856559.4411181671,
  "lambda_risk": 0.1,
  "R_size": 7,
  "Rmin": 5,
  "R_indices_zero_based": [
    2,
    7,
    18,
    23,
    28,
    36,
    43
  ],
  "R_feature_ids_1based": [
    3,
    8,
    19,
    24,
    29,
    37,
    44,
    51,
    56,
    63,
    69,
    76,
    83,
    88,
    95,
    103,
    108,
    119,
    125,
    127,
    138,
    145,
    147,
    154,
    164,
    168,
    177,
    184,
    187,
    200,
    201,
    213,
    216,
    226,
    227,
    237,
    242,
    251,
    256,
    266,
    271,
    274,
    286,
    293,
    296
  ],
  "premium_bands": [
    1200.0,
    1400.0,
    1500.0,
    1800.0,
    2000.0
  ],
  "deductible_bands": [
    0.0,
    150.0,
    300.0,
    600.0
  ],
  "affordability_enabled": false,
  "disallow_premium_bands": [],
  "disallow_penalty_multiplier": 100.0,
  "D_affordability": null,
  "use_tight_regulation": false,
  "qubo_file": "qubo_Q_S2_risk_adjusted_N50.npz",
  "regulation_encoding": "surplus T>=0 with (sum_{i in R} x_i) - (sum_l 2^l t_l) = Rmin",
  "diagnostics": {
    "cfg_hash_sha256": "710512b6e9d8aa99cd4bb38da5e9ddd52502860b6d34291348d652f901967295",
    "C_scale": 85655.94411181672,
    "scale_factor": 10.0,
    "A_base": 856559.4411181671,
    "A_onehot": 428279.72055908357,
    "B_reg": 856559.4411181671,
    "onehot_multiplier": 0.5,
    "reg_multiplier": 1.0,
    "objective_magnitude_bound": 228626009.31997138,
    "A_over_obj_bound": 0.0018732764563094337,
    "B_over_obj_bound": 0.0037465529126188674,
    "premium_max_abs": 2000.0,
    "sigma_abs_sum": 2285383533.7585955,
    "R_size": 7,
    "Rmin": 5,
    "affordability_enabled": false,
    "disallow_penalty_multiplier": 100.0,
    "D_is_scaled_to_A_base_not_A": true,
    "Q_condition_number": 1504.603250903731,
    "Q_eigenvalue_min": -8418522.057997435,
    "Q_eigenvalue_max": 51836491.83325128,
    "Q_eigenvalue_range": [
      -8418522.057997435,
      51836491.83325128
    ],
    "Q_eigenvalue_percentiles": {
      "p0": -8418522.057997435,
      "p25": -856559.441118167,
      "p50": 443954.4727272142,
      "p75": 1403137.9038501235,
      "p100": 51836491.83325128
    },
    "Q_eigenvalue_count_negative": 19,
    "Q_eigenvalue_count_positive": 43,
    "Q_eigenvalue_count_near_zero": 0,
    "note": "Condition number measures numerical stability; bounded growth with N suggests stable QUBO structure."
  }
}