{
  "scenario": "S4_affordability",
  "scenario_file": "config_qubo_S4.yaml",
  "seed": 1013,
  "ordering": "v = [x_1..x_N, y_1..y_M, z_1..z_K, t_0..t_{L-1}]",
  "N": 40,
  "M": 4,
  "K": 5,
  "L_reg_slack": 3,
  "n_total": 52,
  "x_range": [
    0,
    39
  ],
  "y_range": [
    40,
    43
  ],
  "z_range": [
    44,
    48
  ],
  "t_range": [
    49,
    51
  ],
  "C_scale": 69009.10492059571,
  "scale_factor": 10.0,
  "onehot_multiplier": 0.5,
  "reg_multiplier": 1.0,
  "A_base": 690091.0492059571,
  "A_onehot": 345045.52460297855,
  "B_reg": 690091.0492059571,
  "lambda_risk": 0.0,
  "R_size": 6,
  "Rmin": 4,
  "R_indices_zero_based": [
    2,
    7,
    18,
    23,
    28,
    36
  ],
  "R_feature_ids_1based": [
    3,
    8,
    19,
    24,
    29,
    37,
    44,
    51,
    56,
    63,
    69,
    76,
    83,
    88,
    95,
    103,
    108,
    119,
    125,
    127,
    138,
    145,
    147,
    154,
    164,
    168,
    177,
    184,
    187,
    200,
    201,
    213,
    216,
    226,
    227,
    237,
    242,
    251,
    256,
    266,
    271,
    274,
    286,
    293,
    296
  ],
  "premium_bands": [
    1200.0,
    1400.0,
    1500.0,
    1800.0,
    2000.0
  ],
  "deductible_bands": [
    0.0,
    150.0,
    300.0,
    600.0
  ],
  "affordability_enabled": true,
  "disallow_premium_bands": [
    4,
    5
  ],
  "disallow_penalty_multiplier": 100.0,
  "D_affordability": 69009104.9205957,
  "use_tight_regulation": false,
  "qubo_file": "qubo_Q_S4_affordability_N40.npz",
  "regulation_encoding": "surplus T>=0 with (sum_{i in R} x_i) - (sum_l 2^l t_l) = Rmin",
  "diagnostics": {
    "cfg_hash_sha256": "e9c8a4df677fa0f069b102ee434db8bd395478e351c927ff5b879fcd60c7c391",
    "C_scale": 69009.10492059571,
    "scale_factor": 10.0,
    "A_base": 690091.0492059571,
    "A_onehot": 345045.52460297855,
    "B_reg": 690091.0492059571,
    "onehot_multiplier": 0.5,
    "reg_multiplier": 1.0,
    "objective_magnitude_bound": 71009.10492059571,
    "A_over_obj_bound": 4.85917298899652,
    "B_over_obj_bound": 9.71834597799304,
    "premium_max_abs": 2000.0,
    "sigma_abs_sum": 1521326784.661252,
    "R_size": 6,
    "Rmin": 4,
    "affordability_enabled": true,
    "disallow_penalty_multiplier": 100.0,
    "D_is_scaled_to_A_base_not_A": true,
    "Q_condition_number": 572193.5467929521,
    "Q_eigenvalue_min": -5520274.778589239,
    "Q_eigenvalue_max": 69017606.8225377,
    "Q_eigenvalue_range": [
      -5520274.778589239,
      69017606.8225377
    ],
    "Q_eigenvalue_percentiles": {
      "p0": -5520274.778589239,
      "p25": 172.0149610684715,
      "p50": 1627.6738290088153,
      "p75": 2941.8436391197656,
      "p100": 69017606.8225377
    },
    "Q_eigenvalue_count_negative": 11,
    "Q_eigenvalue_count_positive": 41,
    "Q_eigenvalue_count_near_zero": 0,
    "note": "Condition number measures numerical stability; bounded growth with N suggests stable QUBO structure.",
    "D_affordability": 69009104.9205957,
    "D_over_premium_max_abs": 34504.552460297855,
    "D_over_obj_bound": 971.8345977993039
  }
}