{
  "scenario": "S2_risk_adjusted",
  "scenario_file": "config_qubo_S2.yaml",
  "seed": 1013,
  "ordering": "v = [x_1..x_N, y_1..y_M, z_1..z_K, t_0..t_{L-1}]",
  "N": 30,
  "M": 4,
  "K": 5,
  "L_reg_slack": 2,
  "n_total": 41,
  "x_range": [
    0,
    29
  ],
  "y_range": [
    30,
    33
  ],
  "z_range": [
    34,
    38
  ],
  "t_range": [
    39,
    40
  ],
  "C_scale": 47971.49637021022,
  "scale_factor": 10.0,
  "onehot_multiplier": 0.5,
  "reg_multiplier": 1.0,
  "A_base": 479714.9637021022,
  "A_onehot": 239857.4818510511,
  "B_reg": 479714.9637021022,
  "lambda_risk": 0.1,
  "R_size": 5,
  "Rmin": 3,
  "R_indices_zero_based": [
    2,
    7,
    18,
    23,
    28
  ],
  "R_feature_ids_1based": [
    3,
    8,
    19,
    24,
    29,
    37,
    44,
    51,
    56,
    63,
    69,
    76,
    83,
    88,
    95,
    103,
    108,
    119,
    125,
    127,
    138,
    145,
    147,
    154,
    164,
    168,
    177,
    184,
    187,
    200,
    201,
    213,
    216,
    226,
    227,
    237,
    242,
    251,
    256,
    266,
    271,
    274,
    286,
    293,
    296
  ],
  "premium_bands": [
    1200.0,
    1400.0,
    1500.0,
    1800.0,
    2000.0
  ],
  "deductible_bands": [
    0.0,
    150.0,
    300.0,
    600.0
  ],
  "affordability_enabled": false,
  "disallow_premium_bands": [],
  "disallow_penalty_multiplier": 100.0,
  "D_affordability": null,
  "use_tight_regulation": false,
  "qubo_file": "qubo_Q_S2_risk_adjusted_N30.npz",
  "regulation_encoding": "surplus T>=0 with (sum_{i in R} x_i) - (sum_l 2^l t_l) = Rmin",
  "diagnostics": {
    "cfg_hash_sha256": "b58913a6758678b1ca2891ffaf6e4e63e2021c4eb5e5f2f5d4637a3bc53b1810",
    "C_scale": 47971.49637021022,
    "scale_factor": 10.0,
    "A_base": 479714.9637021022,
    "A_onehot": 239857.4818510511,
    "B_reg": 479714.9637021022,
    "onehot_multiplier": 0.5,
    "reg_multiplier": 1.0,
    "objective_magnitude_bound": 95471797.14612277,
    "A_over_obj_bound": 0.0025123386070123013,
    "B_over_obj_bound": 0.005024677214024603,
    "premium_max_abs": 2000.0,
    "sigma_abs_sum": 954218256.4975255,
    "R_size": 5,
    "Rmin": 3,
    "affordability_enabled": false,
    "disallow_penalty_multiplier": 100.0,
    "D_is_scaled_to_A_base_not_A": true,
    "Q_condition_number": 333.7306272993752,
    "Q_eigenvalue_min": -3566455.7386962767,
    "Q_eigenvalue_max": 11168755.273219466,
    "Q_eigenvalue_range": [
      -3566455.7386962767,
      11168755.273219466
    ],
    "Q_eigenvalue_percentiles": {
      "p0": -3566455.7386962767,
      "p25": -479714.9637021028,
      "p50": 338960.4932570132,
      "p75": 1066434.1502534933,
      "p100": 11168755.273219466
    },
    "Q_eigenvalue_count_negative": 13,
    "Q_eigenvalue_count_positive": 28,
    "Q_eigenvalue_count_near_zero": 0,
    "note": "Condition number measures numerical stability; bounded growth with N suggests stable QUBO structure."
  }
}