{
  "scenario": "S4_affordability",
  "scenario_file": "config_qubo_S4.yaml",
  "seed": 1013,
  "ordering": "v = [x_1..x_N, y_1..y_M, z_1..z_K, t_0..t_{L-1}]",
  "N": 50,
  "M": 4,
  "K": 5,
  "L_reg_slack": 3,
  "n_total": 62,
  "x_range": [
    0,
    49
  ],
  "y_range": [
    50,
    53
  ],
  "z_range": [
    54,
    58
  ],
  "t_range": [
    59,
    61
  ],
  "C_scale": 85655.94411181672,
  "scale_factor": 10.0,
  "onehot_multiplier": 0.5,
  "reg_multiplier": 1.0,
  "A_base": 856559.4411181671,
  "A_onehot": 428279.72055908357,
  "B_reg": 856559.4411181671,
  "lambda_risk": 0.0,
  "R_size": 7,
  "Rmin": 5,
  "R_indices_zero_based": [
    2,
    7,
    18,
    23,
    28,
    36,
    43
  ],
  "R_feature_ids_1based": [
    3,
    8,
    19,
    24,
    29,
    37,
    44,
    51,
    56,
    63,
    69,
    76,
    83,
    88,
    95,
    103,
    108,
    119,
    125,
    127,
    138,
    145,
    147,
    154,
    164,
    168,
    177,
    184,
    187,
    200,
    201,
    213,
    216,
    226,
    227,
    237,
    242,
    251,
    256,
    266,
    271,
    274,
    286,
    293,
    296
  ],
  "premium_bands": [
    1200.0,
    1400.0,
    1500.0,
    1800.0,
    2000.0
  ],
  "deductible_bands": [
    0.0,
    150.0,
    300.0,
    600.0
  ],
  "affordability_enabled": true,
  "disallow_premium_bands": [
    4,
    5
  ],
  "disallow_penalty_multiplier": 100.0,
  "D_affordability": 85655944.11181672,
  "use_tight_regulation": false,
  "qubo_file": "qubo_Q_S4_affordability_N50.npz",
  "regulation_encoding": "surplus T>=0 with (sum_{i in R} x_i) - (sum_l 2^l t_l) = Rmin",
  "diagnostics": {
    "cfg_hash_sha256": "0377ef47ce083a717aeb99c12e100d6d8f2e1292a1c0c9a8470f7ef5e1afefb2",
    "C_scale": 85655.94411181672,
    "scale_factor": 10.0,
    "A_base": 856559.4411181671,
    "A_onehot": 428279.72055908357,
    "B_reg": 856559.4411181671,
    "onehot_multiplier": 0.5,
    "reg_multiplier": 1.0,
    "objective_magnitude_bound": 87655.94411181672,
    "A_over_obj_bound": 4.885917605459321,
    "B_over_obj_bound": 9.771835210918642,
    "premium_max_abs": 2000.0,
    "sigma_abs_sum": 2285383533.7585955,
    "R_size": 7,
    "Rmin": 5,
    "affordability_enabled": true,
    "disallow_penalty_multiplier": 100.0,
    "D_is_scaled_to_A_base_not_A": true,
    "Q_condition_number": 710225.7119052539,
    "Q_eigenvalue_min": -8565268.728076527,
    "Q_eigenvalue_max": 85666955.20461833,
    "Q_eigenvalue_range": [
      -8565268.728076527,
      85666955.20461833
    ],
    "Q_eigenvalue_percentiles": {
      "p0": -8565268.728076527,
      "p25": 265.6922272698463,
      "p50": 1627.6738290100548,
      "p75": 2752.265936504704,
      "p100": 85666955.20461833
    },
    "Q_eigenvalue_count_negative": 12,
    "Q_eigenvalue_count_positive": 50,
    "Q_eigenvalue_count_near_zero": 0,
    "note": "Condition number measures numerical stability; bounded growth with N suggests stable QUBO structure.",
    "D_affordability": 85655944.11181672,
    "D_over_premium_max_abs": 42827.97205590836,
    "D_over_obj_bound": 977.1835210918642
  }
}