{
  "scenario": "S3_tight_regulation",
  "scenario_file": "config_qubo_S3.yaml",
  "seed": 1013,
  "ordering": "v = [x_1..x_N, y_1..y_M, z_1..z_K, t_0..t_{L-1}]",
  "N": 30,
  "M": 4,
  "K": 5,
  "L_reg_slack": 3,
  "n_total": 42,
  "x_range": [
    0,
    29
  ],
  "y_range": [
    30,
    33
  ],
  "z_range": [
    34,
    38
  ],
  "t_range": [
    39,
    41
  ],
  "C_scale": 47971.49637021022,
  "scale_factor": 10.0,
  "onehot_multiplier": 0.5,
  "reg_multiplier": 1.0,
  "A_base": 479714.9637021022,
  "A_onehot": 239857.4818510511,
  "B_reg": 479714.9637021022,
  "lambda_risk": 0.0,
  "R_size": 5,
  "Rmin": 5,
  "R_indices_zero_based": [
    2,
    7,
    18,
    23,
    28
  ],
  "R_feature_ids_1based": [
    3,
    8,
    19,
    24,
    29,
    37,
    44,
    51,
    56,
    63,
    69,
    76,
    83,
    88,
    95,
    103,
    108,
    119,
    125,
    127,
    138,
    145,
    147,
    154,
    164,
    168,
    177,
    184,
    187,
    200,
    201,
    213,
    216,
    226,
    227,
    237,
    242,
    251,
    256,
    266,
    271,
    274,
    286,
    293,
    296
  ],
  "premium_bands": [
    1200.0,
    1400.0,
    1500.0,
    1800.0,
    2000.0
  ],
  "deductible_bands": [
    0.0,
    150.0,
    300.0,
    600.0
  ],
  "affordability_enabled": false,
  "disallow_premium_bands": [],
  "disallow_penalty_multiplier": 100.0,
  "D_affordability": null,
  "use_tight_regulation": true,
  "qubo_file": "qubo_Q_S3_tight_regulation_N30.npz",
  "regulation_encoding": "surplus T>=0 with (sum_{i in R} x_i) - (sum_l 2^l t_l) = Rmin",
  "diagnostics": {
    "cfg_hash_sha256": "fce781bc26c3e4f29187b18075ec5b9aabaa3306f7ecb65fae7fc253ba03b531",
    "C_scale": 47971.49637021022,
    "scale_factor": 10.0,
    "A_base": 479714.9637021022,
    "A_onehot": 239857.4818510511,
    "B_reg": 479714.9637021022,
    "onehot_multiplier": 0.5,
    "reg_multiplier": 1.0,
    "objective_magnitude_bound": 49971.49637021022,
    "A_over_obj_bound": 4.799885920447214,
    "B_over_obj_bound": 9.599771840894428,
    "premium_max_abs": 2000.0,
    "sigma_abs_sum": 954218256.4975255,
    "R_size": 5,
    "Rmin": 5,
    "affordability_enabled": false,
    "disallow_penalty_multiplier": 100.0,
    "D_is_scaled_to_A_base_not_A": true,
    "Q_condition_number": 237857.11533133342,
    "Q_eigenvalue_min": -4796687.704467355,
    "Q_eigenvalue_max": 28690167.790360007,
    "Q_eigenvalue_range": [
      -4796687.704467355,
      28690167.790360007
    ],
    "Q_eigenvalue_percentiles": {
      "p0": -4796687.704467355,
      "p25": -479714.9637021024,
      "p50": 1001.4313702835472,
      "p75": 2589.2510550899983,
      "p100": 28690167.790360007
    },
    "Q_eigenvalue_count_negative": 12,
    "Q_eigenvalue_count_positive": 30,
    "Q_eigenvalue_count_near_zero": 0,
    "note": "Condition number measures numerical stability; bounded growth with N suggests stable QUBO structure."
  }
}