{
  "scenario": "S2_risk_adjusted",
  "scenario_file": "config_qubo_S2.yaml",
  "seed": 1013,
  "ordering": "v = [x_1..x_N, y_1..y_M, z_1..z_K, t_0..t_{L-1}]",
  "N": 20,
  "M": 4,
  "K": 5,
  "L_reg_slack": 2,
  "n_total": 31,
  "x_range": [
    0,
    19
  ],
  "y_range": [
    20,
    23
  ],
  "z_range": [
    24,
    28
  ],
  "t_range": [
    29,
    30
  ],
  "C_scale": 30128.71669968436,
  "scale_factor": 10.0,
  "onehot_multiplier": 0.5,
  "reg_multiplier": 1.0,
  "A_base": 301287.1669968436,
  "A_onehot": 150643.5834984218,
  "B_reg": 301287.1669968436,
  "lambda_risk": 0.1,
  "R_size": 3,
  "Rmin": 2,
  "R_indices_zero_based": [
    2,
    7,
    18
  ],
  "R_feature_ids_1based": [
    3,
    8,
    19,
    24,
    29,
    37,
    44,
    51,
    56,
    63,
    69,
    76,
    83,
    88,
    95,
    103,
    108,
    119,
    125,
    127,
    138,
    145,
    147,
    154,
    164,
    168,
    177,
    184,
    187,
    200,
    201,
    213,
    216,
    226,
    227,
    237,
    242,
    251,
    256,
    266,
    271,
    274,
    286,
    293,
    296
  ],
  "premium_bands": [
    1200.0,
    1400.0,
    1500.0,
    1800.0,
    2000.0
  ],
  "deductible_bands": [
    0.0,
    150.0,
    300.0,
    600.0
  ],
  "affordability_enabled": false,
  "disallow_premium_bands": [],
  "disallow_penalty_multiplier": 100.0,
  "D_affordability": null,
  "use_tight_regulation": false,
  "qubo_file": "qubo_Q_S2_risk_adjusted_N20.npz",
  "regulation_encoding": "surplus T>=0 with (sum_{i in R} x_i) - (sum_l 2^l t_l) = Rmin",
  "diagnostics": {
    "cfg_hash_sha256": "0984eeddb7fbf312425920eb7325520a34976d5163a916aea4fa56421cf263cf",
    "C_scale": 30128.71669968436,
    "scale_factor": 10.0,
    "A_base": 301287.1669968436,
    "A_onehot": 150643.5834984218,
    "B_reg": 301287.1669968436,
    "onehot_multiplier": 0.5,
    "reg_multiplier": 1.0,
    "objective_magnitude_bound": 35181115.04720838,
    "A_over_obj_bound": 0.00428194454031028,
    "B_over_obj_bound": 0.00856388908062056,
    "premium_max_abs": 2000.0,
    "sigma_abs_sum": 351489863.305087,
    "R_size": 3,
    "Rmin": 2,
    "affordability_enabled": false,
    "disallow_penalty_multiplier": 100.0,
    "D_is_scaled_to_A_base_not_A": true,
    "Q_condition_number": 191.2988121519917,
    "Q_eigenvalue_min": -1917613.4804882419,
    "Q_eigenvalue_max": 6645613.136019661,
    "Q_eigenvalue_range": [
      -1917613.4804882419,
      6645613.136019661
    ],
    "Q_eigenvalue_percentiles": {
      "p0": -1917613.4804882419,
      "p25": -301287.16699684353,
      "p50": 301287.1669968436,
      "p75": 1098219.248149285,
      "p100": 6645613.136019661
    },
    "Q_eigenvalue_count_negative": 10,
    "Q_eigenvalue_count_positive": 21,
    "Q_eigenvalue_count_near_zero": 0,
    "note": "Condition number measures numerical stability; bounded growth with N suggests stable QUBO structure."
  }
}