{
  "scenario": "S2_risk_adjusted",
  "scenario_file": "config_qubo_S2.yaml",
  "seed": 1013,
  "ordering": "v = [x_1..x_N, y_1..y_M, z_1..z_K, t_0..t_{L-1}]",
  "N": 40,
  "M": 4,
  "K": 5,
  "L_reg_slack": 3,
  "n_total": 52,
  "x_range": [
    0,
    39
  ],
  "y_range": [
    40,
    43
  ],
  "z_range": [
    44,
    48
  ],
  "t_range": [
    49,
    51
  ],
  "C_scale": 69009.10492059571,
  "scale_factor": 10.0,
  "onehot_multiplier": 0.5,
  "reg_multiplier": 1.0,
  "A_base": 690091.0492059571,
  "A_onehot": 345045.52460297855,
  "B_reg": 690091.0492059571,
  "lambda_risk": 0.1,
  "R_size": 6,
  "Rmin": 4,
  "R_indices_zero_based": [
    2,
    7,
    18,
    23,
    28,
    36
  ],
  "R_feature_ids_1based": [
    3,
    8,
    19,
    24,
    29,
    37,
    44,
    51,
    56,
    63,
    69,
    76,
    83,
    88,
    95,
    103,
    108,
    119,
    125,
    127,
    138,
    145,
    147,
    154,
    164,
    168,
    177,
    184,
    187,
    200,
    201,
    213,
    216,
    226,
    227,
    237,
    242,
    251,
    256,
    266,
    271,
    274,
    286,
    293,
    296
  ],
  "premium_bands": [
    1200.0,
    1400.0,
    1500.0,
    1800.0,
    2000.0
  ],
  "deductible_bands": [
    0.0,
    150.0,
    300.0,
    600.0
  ],
  "affordability_enabled": false,
  "disallow_premium_bands": [],
  "disallow_penalty_multiplier": 100.0,
  "D_affordability": null,
  "use_tight_regulation": false,
  "qubo_file": "qubo_Q_S2_risk_adjusted_N40.npz",
  "regulation_encoding": "surplus T>=0 with (sum_{i in R} x_i) - (sum_l 2^l t_l) = Rmin",
  "diagnostics": {
    "cfg_hash_sha256": "abb1d2d753a471f23b0a62ecbf8a72593ffd4c6964b3990e3057ff24cbe5cb8c",
    "C_scale": 69009.10492059571,
    "scale_factor": 10.0,
    "A_base": 690091.0492059571,
    "A_onehot": 345045.52460297855,
    "B_reg": 690091.0492059571,
    "onehot_multiplier": 0.5,
    "reg_multiplier": 1.0,
    "objective_magnitude_bound": 152203687.57104582,
    "A_over_obj_bound": 0.00226699845522414,
    "B_over_obj_bound": 0.00453399691044828,
    "premium_max_abs": 2000.0,
    "sigma_abs_sum": 1521326784.661252,
    "R_size": 6,
    "Rmin": 4,
    "affordability_enabled": false,
    "disallow_penalty_multiplier": 100.0,
    "D_is_scaled_to_A_base_not_A": true,
    "Q_condition_number": 1052.8351531256649,
    "Q_eigenvalue_min": -5550862.195295653,
    "Q_eigenvalue_max": 36484920.69495523,
    "Q_eigenvalue_range": [
      -5550862.195295653,
      36484920.69495523
    ],
    "Q_eigenvalue_percentiles": {
      "p0": -5550862.195295653,
      "p25": -690091.0492059572,
      "p50": 391438.6902607597,
      "p75": 1390282.5740818612,
      "p100": 36484920.69495523
    },
    "Q_eigenvalue_count_negative": 15,
    "Q_eigenvalue_count_positive": 37,
    "Q_eigenvalue_count_near_zero": 0,
    "note": "Condition number measures numerical stability; bounded growth with N suggests stable QUBO structure."
  }
}