{
  "scenario": "S2_risk_adjusted",
  "scenario_file": "config_qubo_S2.yaml",
  "seed": 1006,
  "ordering": "v = [x_1..x_N, y_1..y_M, z_1..z_K, t_0..t_{L-1}]",
  "N": 30,
  "M": 4,
  "K": 5,
  "L_reg_slack": 2,
  "n_total": 41,
  "x_range": [
    0,
    29
  ],
  "y_range": [
    30,
    33
  ],
  "z_range": [
    34,
    38
  ],
  "t_range": [
    39,
    40
  ],
  "C_scale": 39996.84809150306,
  "scale_factor": 10.0,
  "onehot_multiplier": 0.5,
  "reg_multiplier": 1.0,
  "A_base": 399968.4809150306,
  "A_onehot": 199984.2404575153,
  "B_reg": 399968.4809150306,
  "lambda_risk": 0.1,
  "R_size": 4,
  "Rmin": 3,
  "R_indices_zero_based": [
    3,
    12,
    16,
    23
  ],
  "R_feature_ids_1based": [
    4,
    13,
    17,
    24,
    31,
    35,
    42,
    50,
    56,
    65,
    70,
    78,
    81,
    87,
    96,
    106,
    110,
    118,
    124,
    129,
    137,
    142,
    148,
    158,
    163,
    171,
    175,
    181,
    188,
    199,
    202,
    207,
    220,
    225,
    229,
    239,
    245,
    253,
    254,
    263,
    271,
    278,
    285,
    289,
    299
  ],
  "premium_bands": [
    1200.0,
    1400.0,
    1500.0,
    1800.0,
    2000.0
  ],
  "deductible_bands": [
    0.0,
    150.0,
    300.0,
    600.0
  ],
  "affordability_enabled": false,
  "disallow_premium_bands": [],
  "disallow_penalty_multiplier": 100.0,
  "D_affordability": null,
  "use_tight_regulation": false,
  "qubo_file": "qubo_Q_S2_risk_adjusted_N30.npz",
  "regulation_encoding": "surplus T>=0 with (sum_{i in R} x_i) - (sum_l 2^l t_l) = Rmin",
  "diagnostics": {
    "cfg_hash_sha256": "ef52a109d1c390e57195f193833331b8358bec2296a242de1a60e9c1a35ca551",
    "C_scale": 39996.84809150306,
    "scale_factor": 10.0,
    "A_base": 399968.4809150306,
    "A_onehot": 199984.2404575153,
    "B_reg": 399968.4809150306,
    "onehot_multiplier": 0.5,
    "reg_multiplier": 1.0,
    "objective_magnitude_bound": 69333046.54706804,
    "A_over_obj_bound": 0.002884400014382063,
    "B_over_obj_bound": 0.005768800028764126,
    "premium_max_abs": 2000.0,
    "sigma_abs_sum": 692910496.9897654,
    "R_size": 4,
    "Rmin": 3,
    "affordability_enabled": false,
    "disallow_penalty_multiplier": 100.0,
    "D_is_scaled_to_A_base_not_A": true,
    "Q_condition_number": 22710.196497481993,
    "Q_eigenvalue_min": -3563343.8339660643,
    "Q_eigenvalue_max": 9805077.762529999,
    "Q_eigenvalue_range": [
      -3563343.8339660643,
      9805077.762529999
    ],
    "Q_eigenvalue_percentiles": {
      "p0": -3563343.8339660643,
      "p25": -399968.4809150305,
      "p50": 210176.11891635435,
      "p75": 598372.8029742693,
      "p100": 9805077.762529999
    },
    "Q_eigenvalue_count_negative": 13,
    "Q_eigenvalue_count_positive": 28,
    "Q_eigenvalue_count_near_zero": 0,
    "note": "Condition number measures numerical stability; bounded growth with N suggests stable QUBO structure."
  }
}