{
  "scenario": "S4_affordability",
  "scenario_file": "config_qubo_S4.yaml",
  "seed": 1006,
  "ordering": "v = [x_1..x_N, y_1..y_M, z_1..z_K, t_0..t_{L-1}]",
  "N": 50,
  "M": 4,
  "K": 5,
  "L_reg_slack": 3,
  "n_total": 62,
  "x_range": [
    0,
    49
  ],
  "y_range": [
    50,
    53
  ],
  "z_range": [
    54,
    58
  ],
  "t_range": [
    59,
    61
  ],
  "C_scale": 63220.1577873184,
  "scale_factor": 10.0,
  "onehot_multiplier": 0.5,
  "reg_multiplier": 1.0,
  "A_base": 632201.577873184,
  "A_onehot": 316100.788936592,
  "B_reg": 632201.577873184,
  "lambda_risk": 0.0,
  "R_size": 8,
  "Rmin": 5,
  "R_indices_zero_based": [
    3,
    12,
    16,
    23,
    30,
    34,
    41,
    49
  ],
  "R_feature_ids_1based": [
    4,
    13,
    17,
    24,
    31,
    35,
    42,
    50,
    56,
    65,
    70,
    78,
    81,
    87,
    96,
    106,
    110,
    118,
    124,
    129,
    137,
    142,
    148,
    158,
    163,
    171,
    175,
    181,
    188,
    199,
    202,
    207,
    220,
    225,
    229,
    239,
    245,
    253,
    254,
    263,
    271,
    278,
    285,
    289,
    299
  ],
  "premium_bands": [
    1200.0,
    1400.0,
    1500.0,
    1800.0,
    2000.0
  ],
  "deductible_bands": [
    0.0,
    150.0,
    300.0,
    600.0
  ],
  "affordability_enabled": true,
  "disallow_premium_bands": [
    4,
    5
  ],
  "disallow_penalty_multiplier": 100.0,
  "D_affordability": 63220157.7873184,
  "use_tight_regulation": false,
  "qubo_file": "qubo_Q_S4_affordability_N50.npz",
  "regulation_encoding": "surplus T>=0 with (sum_{i in R} x_i) - (sum_l 2^l t_l) = Rmin",
  "diagnostics": {
    "cfg_hash_sha256": "9abb5b6e6b392ea4cfaa990b42228ea41d603065d87e860bbd033a2c1efdf859",
    "C_scale": 63220.1577873184,
    "scale_factor": 10.0,
    "A_base": 632201.577873184,
    "A_onehot": 316100.788936592,
    "B_reg": 632201.577873184,
    "onehot_multiplier": 0.5,
    "reg_multiplier": 1.0,
    "objective_magnitude_bound": 65220.1577873184,
    "A_over_obj_bound": 4.846673170699621,
    "B_over_obj_bound": 9.693346341399241,
    "premium_max_abs": 2000.0,
    "sigma_abs_sum": 1223222461.1182792,
    "R_size": 8,
    "Rmin": 5,
    "affordability_enabled": true,
    "disallow_penalty_multiplier": 100.0,
    "D_is_scaled_to_A_base_not_A": true,
    "Q_condition_number": 518065.2236711648,
    "Q_eigenvalue_min": -6321635.892539041,
    "Q_eigenvalue_max": 63227787.1171542,
    "Q_eigenvalue_range": [
      -6321635.892539041,
      63227787.1171542
    ],
    "Q_eigenvalue_percentiles": {
      "p0": -6321635.892539041,
      "p25": 227.16656272139375,
      "p50": 633.1828156672523,
      "p75": 2477.277153120078,
      "p100": 63227787.1171542
    },
    "Q_eigenvalue_count_negative": 13,
    "Q_eigenvalue_count_positive": 49,
    "Q_eigenvalue_count_near_zero": 0,
    "note": "Condition number measures numerical stability; bounded growth with N suggests stable QUBO structure.",
    "D_affordability": 63220157.7873184,
    "D_over_premium_max_abs": 31610.0788936592,
    "D_over_obj_bound": 969.3346341399241
  }
}