{
  "scenario": "S3_tight_regulation",
  "scenario_file": "config_qubo_S3.yaml",
  "seed": 1006,
  "ordering": "v = [x_1..x_N, y_1..y_M, z_1..z_K, t_0..t_{L-1}]",
  "N": 40,
  "M": 4,
  "K": 5,
  "L_reg_slack": 3,
  "n_total": 52,
  "x_range": [
    0,
    39
  ],
  "y_range": [
    40,
    43
  ],
  "z_range": [
    44,
    48
  ],
  "t_range": [
    49,
    51
  ],
  "C_scale": 48742.897219340564,
  "scale_factor": 10.0,
  "onehot_multiplier": 0.5,
  "reg_multiplier": 1.0,
  "A_base": 487428.9721934056,
  "A_onehot": 243714.4860967028,
  "B_reg": 487428.9721934056,
  "lambda_risk": 0.0,
  "R_size": 6,
  "Rmin": 6,
  "R_indices_zero_based": [
    3,
    12,
    16,
    23,
    30,
    34
  ],
  "R_feature_ids_1based": [
    4,
    13,
    17,
    24,
    31,
    35,
    42,
    50,
    56,
    65,
    70,
    78,
    81,
    87,
    96,
    106,
    110,
    118,
    124,
    129,
    137,
    142,
    148,
    158,
    163,
    171,
    175,
    181,
    188,
    199,
    202,
    207,
    220,
    225,
    229,
    239,
    245,
    253,
    254,
    263,
    271,
    278,
    285,
    289,
    299
  ],
  "premium_bands": [
    1200.0,
    1400.0,
    1500.0,
    1800.0,
    2000.0
  ],
  "deductible_bands": [
    0.0,
    150.0,
    300.0,
    600.0
  ],
  "affordability_enabled": false,
  "disallow_premium_bands": [],
  "disallow_penalty_multiplier": 100.0,
  "D_affordability": null,
  "use_tight_regulation": true,
  "qubo_file": "qubo_Q_S3_tight_regulation_N40.npz",
  "regulation_encoding": "surplus T>=0 with (sum_{i in R} x_i) - (sum_l 2^l t_l) = Rmin",
  "diagnostics": {
    "cfg_hash_sha256": "32a517fc6738ab6b03a7a0a180f46953dc071a3e4ca309a6f465a5cb62e570e7",
    "C_scale": 48742.897219340564,
    "scale_factor": 10.0,
    "A_base": 487428.9721934056,
    "A_onehot": 243714.4860967028,
    "B_reg": 487428.9721934056,
    "onehot_multiplier": 0.5,
    "reg_multiplier": 1.0,
    "objective_magnitude_bound": 50742.897219340564,
    "A_over_obj_bound": 4.802928083574453,
    "B_over_obj_bound": 9.605856167148906,
    "premium_max_abs": 2000.0,
    "sigma_abs_sum": 846239826.9294031,
    "R_size": 6,
    "Rmin": 6,
    "affordability_enabled": false,
    "disallow_penalty_multiplier": 100.0,
    "D_is_scaled_to_A_base_not_A": true,
    "Q_condition_number": 270109.20205885544,
    "Q_eigenvalue_min": -5848766.620087024,
    "Q_eigenvalue_max": 32965747.063367724,
    "Q_eigenvalue_range": [
      -5848766.620087024,
      32965747.063367724
    ],
    "Q_eigenvalue_percentiles": {
      "p0": -5848766.620087024,
      "p25": -121765.70855004818,
      "p50": 625.0746517539859,
      "p75": 1953.4460899452165,
      "p100": 32965747.063367724
    },
    "Q_eigenvalue_count_negative": 13,
    "Q_eigenvalue_count_positive": 39,
    "Q_eigenvalue_count_near_zero": 0,
    "note": "Condition number measures numerical stability; bounded growth with N suggests stable QUBO structure."
  }
}