{
  "scenario": "S2_risk_adjusted",
  "scenario_file": "config_qubo_S2.yaml",
  "seed": 1006,
  "ordering": "v = [x_1..x_N, y_1..y_M, z_1..z_K, t_0..t_{L-1}]",
  "N": 50,
  "M": 4,
  "K": 5,
  "L_reg_slack": 3,
  "n_total": 62,
  "x_range": [
    0,
    49
  ],
  "y_range": [
    50,
    53
  ],
  "z_range": [
    54,
    58
  ],
  "t_range": [
    59,
    61
  ],
  "C_scale": 63220.1577873184,
  "scale_factor": 10.0,
  "onehot_multiplier": 0.5,
  "reg_multiplier": 1.0,
  "A_base": 632201.577873184,
  "A_onehot": 316100.788936592,
  "B_reg": 632201.577873184,
  "lambda_risk": 0.1,
  "R_size": 8,
  "Rmin": 5,
  "R_indices_zero_based": [
    3,
    12,
    16,
    23,
    30,
    34,
    41,
    49
  ],
  "R_feature_ids_1based": [
    4,
    13,
    17,
    24,
    31,
    35,
    42,
    50,
    56,
    65,
    70,
    78,
    81,
    87,
    96,
    106,
    110,
    118,
    124,
    129,
    137,
    142,
    148,
    158,
    163,
    171,
    175,
    181,
    188,
    199,
    202,
    207,
    220,
    225,
    229,
    239,
    245,
    253,
    254,
    263,
    271,
    278,
    285,
    289,
    299
  ],
  "premium_bands": [
    1200.0,
    1400.0,
    1500.0,
    1800.0,
    2000.0
  ],
  "deductible_bands": [
    0.0,
    150.0,
    300.0,
    600.0
  ],
  "affordability_enabled": false,
  "disallow_premium_bands": [],
  "disallow_penalty_multiplier": 100.0,
  "D_affordability": null,
  "use_tight_regulation": false,
  "qubo_file": "qubo_Q_S2_risk_adjusted_N50.npz",
  "regulation_encoding": "surplus T>=0 with (sum_{i in R} x_i) - (sum_l 2^l t_l) = Rmin",
  "diagnostics": {
    "cfg_hash_sha256": "1965fcea5d820a1d3645461d58aee6e81dfefb511b47a24de829736ad76b519b",
    "C_scale": 63220.1577873184,
    "scale_factor": 10.0,
    "A_base": 632201.577873184,
    "A_onehot": 316100.788936592,
    "B_reg": 632201.577873184,
    "onehot_multiplier": 0.5,
    "reg_multiplier": 1.0,
    "objective_magnitude_bound": 122387466.26961525,
    "A_over_obj_bound": 0.0025827872622204073,
    "B_over_obj_bound": 0.005165574524440815,
    "premium_max_abs": 2000.0,
    "sigma_abs_sum": 1223222461.1182792,
    "R_size": 8,
    "Rmin": 5,
    "affordability_enabled": false,
    "disallow_penalty_multiplier": 100.0,
    "D_is_scaled_to_A_base_not_A": true,
    "Q_condition_number": 20747.465756540045,
    "Q_eigenvalue_min": -6827191.986861804,
    "Q_eigenvalue_max": 38468963.68967475,
    "Q_eigenvalue_range": [
      -6827191.986861804,
      38468963.68967475
    ],
    "Q_eigenvalue_percentiles": {
      "p0": -6827191.986861804,
      "p25": -590044.7277297017,
      "p50": 200748.75624583103,
      "p75": 665108.1449024893,
      "p100": 38468963.68967475
    },
    "Q_eigenvalue_count_negative": 18,
    "Q_eigenvalue_count_positive": 44,
    "Q_eigenvalue_count_near_zero": 0,
    "note": "Condition number measures numerical stability; bounded growth with N suggests stable QUBO structure."
  }
}