{
  "scenario": "S3_tight_regulation",
  "scenario_file": "config_qubo_S3.yaml",
  "seed": 1006,
  "ordering": "v = [x_1..x_N, y_1..y_M, z_1..z_K, t_0..t_{L-1}]",
  "N": 30,
  "M": 4,
  "K": 5,
  "L_reg_slack": 3,
  "n_total": 42,
  "x_range": [
    0,
    29
  ],
  "y_range": [
    30,
    33
  ],
  "z_range": [
    34,
    38
  ],
  "t_range": [
    39,
    41
  ],
  "C_scale": 39996.84809150306,
  "scale_factor": 10.0,
  "onehot_multiplier": 0.5,
  "reg_multiplier": 1.0,
  "A_base": 399968.4809150306,
  "A_onehot": 199984.2404575153,
  "B_reg": 399968.4809150306,
  "lambda_risk": 0.0,
  "R_size": 4,
  "Rmin": 4,
  "R_indices_zero_based": [
    3,
    12,
    16,
    23
  ],
  "R_feature_ids_1based": [
    4,
    13,
    17,
    24,
    31,
    35,
    42,
    50,
    56,
    65,
    70,
    78,
    81,
    87,
    96,
    106,
    110,
    118,
    124,
    129,
    137,
    142,
    148,
    158,
    163,
    171,
    175,
    181,
    188,
    199,
    202,
    207,
    220,
    225,
    229,
    239,
    245,
    253,
    254,
    263,
    271,
    278,
    285,
    289,
    299
  ],
  "premium_bands": [
    1200.0,
    1400.0,
    1500.0,
    1800.0,
    2000.0
  ],
  "deductible_bands": [
    0.0,
    150.0,
    300.0,
    600.0
  ],
  "affordability_enabled": false,
  "disallow_premium_bands": [],
  "disallow_penalty_multiplier": 100.0,
  "D_affordability": null,
  "use_tight_regulation": true,
  "qubo_file": "qubo_Q_S3_tight_regulation_N30.npz",
  "regulation_encoding": "surplus T>=0 with (sum_{i in R} x_i) - (sum_l 2^l t_l) = Rmin",
  "diagnostics": {
    "cfg_hash_sha256": "1e7b27743afd3e364d8ca8476f1cb7ffab6080f3b2b543b80c9388c230789580",
    "C_scale": 39996.84809150306,
    "scale_factor": 10.0,
    "A_base": 399968.4809150306,
    "A_onehot": 199984.2404575153,
    "B_reg": 399968.4809150306,
    "onehot_multiplier": 0.5,
    "reg_multiplier": 1.0,
    "objective_magnitude_bound": 41996.84809150306,
    "A_over_obj_bound": 4.761886892601751,
    "B_over_obj_bound": 9.523773785203502,
    "premium_max_abs": 2000.0,
    "sigma_abs_sum": 692910496.9897654,
    "R_size": 4,
    "Rmin": 4,
    "affordability_enabled": false,
    "disallow_penalty_multiplier": 100.0,
    "D_is_scaled_to_A_base_not_A": true,
    "Q_condition_number": 170451.39967997308,
    "Q_eigenvalue_min": -3199223.935567436,
    "Q_eigenvalue_max": 20802911.139938742,
    "Q_eigenvalue_range": [
      -3199223.935567436,
      20802911.139938742
    ],
    "Q_eigenvalue_percentiles": {
      "p0": -3199223.935567436,
      "p25": -299945.84918683575,
      "p50": 671.0744989496465,
      "p75": 2286.867281006527,
      "p100": 20802911.139938742
    },
    "Q_eigenvalue_count_negative": 11,
    "Q_eigenvalue_count_positive": 31,
    "Q_eigenvalue_count_near_zero": 0,
    "note": "Condition number measures numerical stability; bounded growth with N suggests stable QUBO structure."
  }
}