{
  "scenario": "S4_affordability",
  "scenario_file": "config_qubo_S4.yaml",
  "seed": 1006,
  "ordering": "v = [x_1..x_N, y_1..y_M, z_1..z_K, t_0..t_{L-1}]",
  "N": 20,
  "M": 4,
  "K": 5,
  "L_reg_slack": 2,
  "n_total": 31,
  "x_range": [
    0,
    19
  ],
  "y_range": [
    20,
    23
  ],
  "z_range": [
    24,
    28
  ],
  "t_range": [
    29,
    30
  ],
  "C_scale": 23739.067265101396,
  "scale_factor": 10.0,
  "onehot_multiplier": 0.5,
  "reg_multiplier": 1.0,
  "A_base": 237390.67265101394,
  "A_onehot": 118695.33632550697,
  "B_reg": 237390.67265101394,
  "lambda_risk": 0.0,
  "R_size": 3,
  "Rmin": 2,
  "R_indices_zero_based": [
    3,
    12,
    16
  ],
  "R_feature_ids_1based": [
    4,
    13,
    17,
    24,
    31,
    35,
    42,
    50,
    56,
    65,
    70,
    78,
    81,
    87,
    96,
    106,
    110,
    118,
    124,
    129,
    137,
    142,
    148,
    158,
    163,
    171,
    175,
    181,
    188,
    199,
    202,
    207,
    220,
    225,
    229,
    239,
    245,
    253,
    254,
    263,
    271,
    278,
    285,
    289,
    299
  ],
  "premium_bands": [
    1200.0,
    1400.0,
    1500.0,
    1800.0,
    2000.0
  ],
  "deductible_bands": [
    0.0,
    150.0,
    300.0,
    600.0
  ],
  "affordability_enabled": true,
  "disallow_premium_bands": [
    4,
    5
  ],
  "disallow_penalty_multiplier": 100.0,
  "D_affordability": 23739067.265101396,
  "use_tight_regulation": false,
  "qubo_file": "qubo_Q_S4_affordability_N20.npz",
  "regulation_encoding": "surplus T>=0 with (sum_{i in R} x_i) - (sum_l 2^l t_l) = Rmin",
  "diagnostics": {
    "cfg_hash_sha256": "6246fa301b058bf45b1a7878a3d77b5b2a7dfe293de2e9da5ba25546d7fa7569",
    "C_scale": 23739.067265101396,
    "scale_factor": 10.0,
    "A_base": 237390.67265101394,
    "A_onehot": 118695.33632550697,
    "B_reg": 237390.67265101394,
    "onehot_multiplier": 0.5,
    "reg_multiplier": 1.0,
    "objective_magnitude_bound": 25739.067265101396,
    "A_over_obj_bound": 4.611485532983605,
    "B_over_obj_bound": 9.22297106596721,
    "premium_max_abs": 2000.0,
    "sigma_abs_sum": 177452442.55178425,
    "R_size": 3,
    "Rmin": 2,
    "affordability_enabled": true,
    "disallow_penalty_multiplier": 100.0,
    "D_is_scaled_to_A_base_not_A": true,
    "Q_condition_number": 194522.93430094337,
    "Q_eigenvalue_min": -949029.3079633961,
    "Q_eigenvalue_max": 23740745.59916703,
    "Q_eigenvalue_range": [
      -949029.3079633961,
      23740745.59916703
    ],
    "Q_eigenvalue_percentiles": {
      "p0": -949029.3079633961,
      "p25": -118634.3133266388,
      "p50": 723.6433941132236,
      "p75": 2863.7795679203427,
      "p100": 23740745.59916703
    },
    "Q_eigenvalue_count_negative": 8,
    "Q_eigenvalue_count_positive": 23,
    "Q_eigenvalue_count_near_zero": 0,
    "note": "Condition number measures numerical stability; bounded growth with N suggests stable QUBO structure.",
    "D_affordability": 23739067.265101396,
    "D_over_premium_max_abs": 11869.533632550698,
    "D_over_obj_bound": 922.297106596721
  }
}