{
  "scenario": "S3_tight_regulation",
  "scenario_file": "config_qubo_S3.yaml",
  "seed": 1014,
  "ordering": "v = [x_1..x_N, y_1..y_M, z_1..z_K, t_0..t_{L-1}]",
  "N": 40,
  "M": 4,
  "K": 5,
  "L_reg_slack": 3,
  "n_total": 52,
  "x_range": [
    0,
    39
  ],
  "y_range": [
    40,
    43
  ],
  "z_range": [
    44,
    48
  ],
  "t_range": [
    49,
    51
  ],
  "C_scale": 48473.1550490702,
  "scale_factor": 10.0,
  "onehot_multiplier": 0.5,
  "reg_multiplier": 1.0,
  "A_base": 484731.550490702,
  "A_onehot": 242365.775245351,
  "B_reg": 484731.550490702,
  "lambda_risk": 0.0,
  "R_size": 6,
  "Rmin": 6,
  "R_indices_zero_based": [
    5,
    11,
    18,
    20,
    26,
    37
  ],
  "R_feature_ids_1based": [
    6,
    12,
    19,
    21,
    27,
    38,
    44,
    51,
    60,
    64,
    68,
    77,
    83,
    92,
    94,
    103,
    109,
    117,
    124,
    133,
    135,
    142,
    152,
    157,
    162,
    171,
    180,
    181,
    191,
    198,
    203,
    208,
    220,
    226,
    227,
    234,
    241,
    251,
    259,
    263,
    273,
    275,
    283,
    287,
    300
  ],
  "premium_bands": [
    1200.0,
    1400.0,
    1500.0,
    1800.0,
    2000.0
  ],
  "deductible_bands": [
    0.0,
    150.0,
    300.0,
    600.0
  ],
  "affordability_enabled": false,
  "disallow_premium_bands": [],
  "disallow_penalty_multiplier": 100.0,
  "D_affordability": null,
  "use_tight_regulation": true,
  "qubo_file": "qubo_Q_S3_tight_regulation_N40.npz",
  "regulation_encoding": "surplus T>=0 with (sum_{i in R} x_i) - (sum_l 2^l t_l) = Rmin",
  "diagnostics": {
    "cfg_hash_sha256": "ee8fd67871e3ea5bd1757010c259a703fc896c6141a46bbf578e864926380963",
    "C_scale": 48473.1550490702,
    "scale_factor": 10.0,
    "A_base": 484731.550490702,
    "A_onehot": 242365.775245351,
    "B_reg": 484731.550490702,
    "onehot_multiplier": 0.5,
    "reg_multiplier": 1.0,
    "objective_magnitude_bound": 50473.1550490702,
    "A_over_obj_bound": 4.801874878036097,
    "B_over_obj_bound": 9.603749756072194,
    "premium_max_abs": 2000.0,
    "sigma_abs_sum": 468911339.5761763,
    "R_size": 6,
    "Rmin": 6,
    "affordability_enabled": false,
    "disallow_penalty_multiplier": 100.0,
    "D_is_scaled_to_A_base_not_A": true,
    "Q_condition_number": 277455.37209187937,
    "Q_eigenvalue_min": -5816087.3699489385,
    "Q_eigenvalue_max": 32783331.083732393,
    "Q_eigenvalue_range": [
      -5816087.3699489385,
      32783331.083732393
    ],
    "Q_eigenvalue_percentiles": {
      "p0": -5816087.3699489385,
      "p25": -121094.26977351497,
      "p50": 600.775508553078,
      "p75": 1666.3305017775726,
      "p100": 32783331.083732393
    },
    "Q_eigenvalue_count_negative": 13,
    "Q_eigenvalue_count_positive": 39,
    "Q_eigenvalue_count_near_zero": 0,
    "note": "Condition number measures numerical stability; bounded growth with N suggests stable QUBO structure."
  }
}