{
  "scenario": "S2_risk_adjusted",
  "scenario_file": "config_qubo_S2.yaml",
  "seed": 1014,
  "ordering": "v = [x_1..x_N, y_1..y_M, z_1..z_K, t_0..t_{L-1}]",
  "N": 30,
  "M": 4,
  "K": 5,
  "L_reg_slack": 2,
  "n_total": 41,
  "x_range": [
    0,
    29
  ],
  "y_range": [
    30,
    33
  ],
  "z_range": [
    34,
    38
  ],
  "t_range": [
    39,
    40
  ],
  "C_scale": 35258.78683458411,
  "scale_factor": 10.0,
  "onehot_multiplier": 0.5,
  "reg_multiplier": 1.0,
  "A_base": 352587.8683458411,
  "A_onehot": 176293.93417292056,
  "B_reg": 352587.8683458411,
  "lambda_risk": 0.1,
  "R_size": 5,
  "Rmin": 3,
  "R_indices_zero_based": [
    5,
    11,
    18,
    20,
    26
  ],
  "R_feature_ids_1based": [
    6,
    12,
    19,
    21,
    27,
    38,
    44,
    51,
    60,
    64,
    68,
    77,
    83,
    92,
    94,
    103,
    109,
    117,
    124,
    133,
    135,
    142,
    152,
    157,
    162,
    171,
    180,
    181,
    191,
    198,
    203,
    208,
    220,
    226,
    227,
    234,
    241,
    251,
    259,
    263,
    273,
    275,
    283,
    287,
    300
  ],
  "premium_bands": [
    1200.0,
    1400.0,
    1500.0,
    1800.0,
    2000.0
  ],
  "deductible_bands": [
    0.0,
    150.0,
    300.0,
    600.0
  ],
  "affordability_enabled": false,
  "disallow_premium_bands": [],
  "disallow_penalty_multiplier": 100.0,
  "D_affordability": null,
  "use_tight_regulation": false,
  "qubo_file": "qubo_Q_S2_risk_adjusted_N30.npz",
  "regulation_encoding": "surplus T>=0 with (sum_{i in R} x_i) - (sum_l 2^l t_l) = Rmin",
  "diagnostics": {
    "cfg_hash_sha256": "7e3e9c6ba9497244f2386931bf7ffc7773f2d8e133fa5fd844ca4804bce3b616",
    "C_scale": 35258.78683458411,
    "scale_factor": 10.0,
    "A_base": 352587.8683458411,
    "A_onehot": 176293.93417292056,
    "B_reg": 352587.8683458411,
    "onehot_multiplier": 0.5,
    "reg_multiplier": 1.0,
    "objective_magnitude_bound": 29617902.26736225,
    "A_over_obj_bound": 0.005952276180180035,
    "B_over_obj_bound": 0.01190455236036007,
    "premium_max_abs": 2000.0,
    "sigma_abs_sum": 295806434.80527663,
    "R_size": 5,
    "Rmin": 3,
    "affordability_enabled": false,
    "disallow_penalty_multiplier": 100.0,
    "D_is_scaled_to_A_base_not_A": true,
    "Q_condition_number": 13548.034868709225,
    "Q_eigenvalue_min": -1819854.3775554025,
    "Q_eigenvalue_max": 6334852.6672408795,
    "Q_eigenvalue_range": [
      -1819854.3775554025,
      6334852.6672408795
    ],
    "Q_eigenvalue_percentiles": {
      "p0": -1819854.3775554025,
      "p25": -205639.23270422255,
      "p50": 223265.7506483584,
      "p75": 553184.0218429529,
      "p100": 6334852.6672408795
    },
    "Q_eigenvalue_count_negative": 12,
    "Q_eigenvalue_count_positive": 29,
    "Q_eigenvalue_count_near_zero": 0,
    "note": "Condition number measures numerical stability; bounded growth with N suggests stable QUBO structure."
  }
}