{
  "scenario": "S2_risk_adjusted",
  "scenario_file": "config_qubo_S2.yaml",
  "seed": 1014,
  "ordering": "v = [x_1..x_N, y_1..y_M, z_1..z_K, t_0..t_{L-1}]",
  "N": 40,
  "M": 4,
  "K": 5,
  "L_reg_slack": 3,
  "n_total": 52,
  "x_range": [
    0,
    39
  ],
  "y_range": [
    40,
    43
  ],
  "z_range": [
    44,
    48
  ],
  "t_range": [
    49,
    51
  ],
  "C_scale": 48473.1550490702,
  "scale_factor": 10.0,
  "onehot_multiplier": 0.5,
  "reg_multiplier": 1.0,
  "A_base": 484731.550490702,
  "A_onehot": 242365.775245351,
  "B_reg": 484731.550490702,
  "lambda_risk": 0.1,
  "R_size": 6,
  "Rmin": 4,
  "R_indices_zero_based": [
    5,
    11,
    18,
    20,
    26,
    37
  ],
  "R_feature_ids_1based": [
    6,
    12,
    19,
    21,
    27,
    38,
    44,
    51,
    60,
    64,
    68,
    77,
    83,
    92,
    94,
    103,
    109,
    117,
    124,
    133,
    135,
    142,
    152,
    157,
    162,
    171,
    180,
    181,
    191,
    198,
    203,
    208,
    220,
    226,
    227,
    234,
    241,
    251,
    259,
    263,
    273,
    275,
    283,
    287,
    300
  ],
  "premium_bands": [
    1200.0,
    1400.0,
    1500.0,
    1800.0,
    2000.0
  ],
  "deductible_bands": [
    0.0,
    150.0,
    300.0,
    600.0
  ],
  "affordability_enabled": false,
  "disallow_premium_bands": [],
  "disallow_penalty_multiplier": 100.0,
  "D_affordability": null,
  "use_tight_regulation": false,
  "qubo_file": "qubo_Q_S2_risk_adjusted_N40.npz",
  "regulation_encoding": "surplus T>=0 with (sum_{i in R} x_i) - (sum_l 2^l t_l) = Rmin",
  "diagnostics": {
    "cfg_hash_sha256": "4716f8d99c87bd00eef462a486835f6395fccc78fc9267a387a6f7abee92d8e0",
    "C_scale": 48473.1550490702,
    "scale_factor": 10.0,
    "A_base": 484731.550490702,
    "A_onehot": 242365.775245351,
    "B_reg": 484731.550490702,
    "onehot_multiplier": 0.5,
    "reg_multiplier": 1.0,
    "objective_magnitude_bound": 46941607.112666704,
    "A_over_obj_bound": 0.005163133308658091,
    "B_over_obj_bound": 0.010326266617316181,
    "premium_max_abs": 2000.0,
    "sigma_abs_sum": 468911339.5761763,
    "R_size": 6,
    "Rmin": 4,
    "affordability_enabled": false,
    "disallow_penalty_multiplier": 100.0,
    "D_is_scaled_to_A_base_not_A": true,
    "Q_condition_number": 55604.68058463832,
    "Q_eigenvalue_min": -3572112.278771929,
    "Q_eigenvalue_max": 25625029.01043183,
    "Q_eigenvalue_range": [
      -3572112.278771929,
      25625029.01043183
    ],
    "Q_eigenvalue_percentiles": {
      "p0": -3572112.278771929,
      "p25": -267498.3827412127,
      "p50": 217919.99256536685,
      "p75": 674231.4295773916,
      "p100": 25625029.01043183
    },
    "Q_eigenvalue_count_negative": 16,
    "Q_eigenvalue_count_positive": 36,
    "Q_eigenvalue_count_near_zero": 0,
    "note": "Condition number measures numerical stability; bounded growth with N suggests stable QUBO structure."
  }
}