{
  "scenario": "S4_affordability",
  "scenario_file": "config_qubo_S4.yaml",
  "seed": 1014,
  "ordering": "v = [x_1..x_N, y_1..y_M, z_1..z_K, t_0..t_{L-1}]",
  "N": 30,
  "M": 4,
  "K": 5,
  "L_reg_slack": 2,
  "n_total": 41,
  "x_range": [
    0,
    29
  ],
  "y_range": [
    30,
    33
  ],
  "z_range": [
    34,
    38
  ],
  "t_range": [
    39,
    40
  ],
  "C_scale": 35258.78683458411,
  "scale_factor": 10.0,
  "onehot_multiplier": 0.5,
  "reg_multiplier": 1.0,
  "A_base": 352587.8683458411,
  "A_onehot": 176293.93417292056,
  "B_reg": 352587.8683458411,
  "lambda_risk": 0.0,
  "R_size": 5,
  "Rmin": 3,
  "R_indices_zero_based": [
    5,
    11,
    18,
    20,
    26
  ],
  "R_feature_ids_1based": [
    6,
    12,
    19,
    21,
    27,
    38,
    44,
    51,
    60,
    64,
    68,
    77,
    83,
    92,
    94,
    103,
    109,
    117,
    124,
    133,
    135,
    142,
    152,
    157,
    162,
    171,
    180,
    181,
    191,
    198,
    203,
    208,
    220,
    226,
    227,
    234,
    241,
    251,
    259,
    263,
    273,
    275,
    283,
    287,
    300
  ],
  "premium_bands": [
    1200.0,
    1400.0,
    1500.0,
    1800.0,
    2000.0
  ],
  "deductible_bands": [
    0.0,
    150.0,
    300.0,
    600.0
  ],
  "affordability_enabled": true,
  "disallow_premium_bands": [
    4,
    5
  ],
  "disallow_penalty_multiplier": 100.0,
  "D_affordability": 35258786.83458411,
  "use_tight_regulation": false,
  "qubo_file": "qubo_Q_S4_affordability_N30.npz",
  "regulation_encoding": "surplus T>=0 with (sum_{i in R} x_i) - (sum_l 2^l t_l) = Rmin",
  "diagnostics": {
    "cfg_hash_sha256": "0203767621a5f9a477dfec40cfc1b9e9b6617787b3effedcc0e58b8dc4a9b648",
    "C_scale": 35258.78683458411,
    "scale_factor": 10.0,
    "A_base": 352587.8683458411,
    "A_onehot": 176293.93417292056,
    "B_reg": 352587.8683458411,
    "onehot_multiplier": 0.5,
    "reg_multiplier": 1.0,
    "objective_magnitude_bound": 37258.78683458411,
    "A_over_obj_bound": 4.731606934911851,
    "B_over_obj_bound": 9.463213869823702,
    "premium_max_abs": 2000.0,
    "sigma_abs_sum": 295806434.80527663,
    "R_size": 5,
    "Rmin": 3,
    "affordability_enabled": true,
    "disallow_penalty_multiplier": 100.0,
    "D_is_scaled_to_A_base_not_A": true,
    "Q_condition_number": 298434.81195312785,
    "Q_eigenvalue_min": -2114748.216454434,
    "Q_eigenvalue_max": 35262201.53319266,
    "Q_eigenvalue_range": [
      -2114748.216454434,
      35262201.53319266
    ],
    "Q_eigenvalue_percentiles": {
      "p0": -2114748.216454434,
      "p25": 118.15713221395544,
      "p50": 553.7335980406702,
      "p75": 1948.043330696808,
      "p100": 35262201.53319266
    },
    "Q_eigenvalue_count_negative": 10,
    "Q_eigenvalue_count_positive": 31,
    "Q_eigenvalue_count_near_zero": 0,
    "note": "Condition number measures numerical stability; bounded growth with N suggests stable QUBO structure.",
    "D_affordability": 35258786.83458411,
    "D_over_premium_max_abs": 17629.393417292056,
    "D_over_obj_bound": 946.3213869823701
  }
}