{
  "scenario": "S3_tight_regulation",
  "scenario_file": "config_qubo_S3.yaml",
  "seed": 1014,
  "ordering": "v = [x_1..x_N, y_1..y_M, z_1..z_K, t_0..t_{L-1}]",
  "N": 50,
  "M": 4,
  "K": 5,
  "L_reg_slack": 3,
  "n_total": 62,
  "x_range": [
    0,
    49
  ],
  "y_range": [
    50,
    53
  ],
  "z_range": [
    54,
    58
  ],
  "t_range": [
    59,
    61
  ],
  "C_scale": 61135.49134936561,
  "scale_factor": 10.0,
  "onehot_multiplier": 0.5,
  "reg_multiplier": 1.0,
  "A_base": 611354.9134936561,
  "A_onehot": 305677.45674682804,
  "B_reg": 611354.9134936561,
  "lambda_risk": 0.0,
  "R_size": 7,
  "Rmin": 6,
  "R_indices_zero_based": [
    5,
    11,
    18,
    20,
    26,
    37,
    43
  ],
  "R_feature_ids_1based": [
    6,
    12,
    19,
    21,
    27,
    38,
    44,
    51,
    60,
    64,
    68,
    77,
    83,
    92,
    94,
    103,
    109,
    117,
    124,
    133,
    135,
    142,
    152,
    157,
    162,
    171,
    180,
    181,
    191,
    198,
    203,
    208,
    220,
    226,
    227,
    234,
    241,
    251,
    259,
    263,
    273,
    275,
    283,
    287,
    300
  ],
  "premium_bands": [
    1200.0,
    1400.0,
    1500.0,
    1800.0,
    2000.0
  ],
  "deductible_bands": [
    0.0,
    150.0,
    300.0,
    600.0
  ],
  "affordability_enabled": false,
  "disallow_premium_bands": [],
  "disallow_penalty_multiplier": 100.0,
  "D_affordability": null,
  "use_tight_regulation": true,
  "qubo_file": "qubo_Q_S3_tight_regulation_N50.npz",
  "regulation_encoding": "surplus T>=0 with (sum_{i in R} x_i) - (sum_l 2^l t_l) = Rmin",
  "diagnostics": {
    "cfg_hash_sha256": "5a43c21f52766f3bb59a30d2a3afdf02e81d1d967df9d04c3c1c3cb0ff7f5c8e",
    "C_scale": 61135.49134936561,
    "scale_factor": 10.0,
    "A_base": 611354.9134936561,
    "A_onehot": 305677.45674682804,
    "B_reg": 611354.9134936561,
    "onehot_multiplier": 0.5,
    "reg_multiplier": 1.0,
    "objective_magnitude_bound": 63135.49134936561,
    "A_over_obj_bound": 4.841610482689298,
    "B_over_obj_bound": 9.683220965378595,
    "premium_max_abs": 2000.0,
    "sigma_abs_sum": 676638050.5295653,
    "R_size": 7,
    "Rmin": 6,
    "affordability_enabled": false,
    "disallow_penalty_multiplier": 100.0,
    "D_is_scaled_to_A_base_not_A": true,
    "Q_condition_number": 351395.5029478294,
    "Q_eigenvalue_min": -7335765.102175051,
    "Q_eigenvalue_max": 41519884.90119604,
    "Q_eigenvalue_range": [
      -7335765.102175051,
      41519884.90119604
    ],
    "Q_eigenvalue_percentiles": {
      "p0": -7335765.102175051,
      "p25": 180.27904081070392,
      "p50": 679.4232438730189,
      "p75": 1701.9070432849712,
      "p100": 41519884.90119604
    },
    "Q_eigenvalue_count_negative": 14,
    "Q_eigenvalue_count_positive": 48,
    "Q_eigenvalue_count_near_zero": 0,
    "note": "Condition number measures numerical stability; bounded growth with N suggests stable QUBO structure."
  }
}