{
  "scenario": "S2_risk_adjusted",
  "scenario_file": "config_qubo_S2.yaml",
  "seed": 1014,
  "ordering": "v = [x_1..x_N, y_1..y_M, z_1..z_K, t_0..t_{L-1}]",
  "N": 20,
  "M": 4,
  "K": 5,
  "L_reg_slack": 2,
  "n_total": 31,
  "x_range": [
    0,
    19
  ],
  "y_range": [
    20,
    23
  ],
  "z_range": [
    24,
    28
  ],
  "t_range": [
    29,
    30
  ],
  "C_scale": 24184.908803653863,
  "scale_factor": 10.0,
  "onehot_multiplier": 0.5,
  "reg_multiplier": 1.0,
  "A_base": 241849.08803653863,
  "A_onehot": 120924.54401826931,
  "B_reg": 241849.08803653863,
  "lambda_risk": 0.1,
  "R_size": 3,
  "Rmin": 2,
  "R_indices_zero_based": [
    5,
    11,
    18
  ],
  "R_feature_ids_1based": [
    6,
    12,
    19,
    21,
    27,
    38,
    44,
    51,
    60,
    64,
    68,
    77,
    83,
    92,
    94,
    103,
    109,
    117,
    124,
    133,
    135,
    142,
    152,
    157,
    162,
    171,
    180,
    181,
    191,
    198,
    203,
    208,
    220,
    226,
    227,
    234,
    241,
    251,
    259,
    263,
    273,
    275,
    283,
    287,
    300
  ],
  "premium_bands": [
    1200.0,
    1400.0,
    1500.0,
    1800.0,
    2000.0
  ],
  "deductible_bands": [
    0.0,
    150.0,
    300.0,
    600.0
  ],
  "affordability_enabled": false,
  "disallow_premium_bands": [],
  "disallow_penalty_multiplier": 100.0,
  "D_affordability": null,
  "use_tight_regulation": false,
  "qubo_file": "qubo_Q_S2_risk_adjusted_N20.npz",
  "regulation_encoding": "surplus T>=0 with (sum_{i in R} x_i) - (sum_l 2^l t_l) = Rmin",
  "diagnostics": {
    "cfg_hash_sha256": "3a2f2f9edb207dde18af7af2e47bd9186d94c029417dc8512c1ef9bab5d6c9ea",
    "C_scale": 24184.908803653863,
    "scale_factor": 10.0,
    "A_base": 241849.08803653863,
    "A_onehot": 120924.54401826931,
    "B_reg": 241849.08803653863,
    "onehot_multiplier": 0.5,
    "reg_multiplier": 1.0,
    "objective_magnitude_bound": 17188034.60868645,
    "A_over_obj_bound": 0.007035391001432865,
    "B_over_obj_bound": 0.01407078200286573,
    "premium_max_abs": 2000.0,
    "sigma_abs_sum": 171618496.99882796,
    "R_size": 3,
    "Rmin": 2,
    "affordability_enabled": false,
    "disallow_penalty_multiplier": 100.0,
    "D_is_scaled_to_A_base_not_A": true,
    "Q_condition_number": 7432.743995006649,
    "Q_eigenvalue_min": -243775.3106810488,
    "Q_eigenvalue_max": 3475436.7388318144,
    "Q_eigenvalue_range": [
      -243775.3106810488,
      3475436.7388318144
    ],
    "Q_eigenvalue_percentiles": {
      "p0": -243775.3106810488,
      "p25": 16834.43294953573,
      "p50": 285742.1937036273,
      "p75": 558375.600916984,
      "p100": 3475436.7388318144
    },
    "Q_eigenvalue_count_negative": 7,
    "Q_eigenvalue_count_positive": 24,
    "Q_eigenvalue_count_near_zero": 0,
    "note": "Condition number measures numerical stability; bounded growth with N suggests stable QUBO structure."
  }
}