{
  "scenario": "S3_tight_regulation",
  "scenario_file": "config_qubo_S3.yaml",
  "seed": 1014,
  "ordering": "v = [x_1..x_N, y_1..y_M, z_1..z_K, t_0..t_{L-1}]",
  "N": 20,
  "M": 4,
  "K": 5,
  "L_reg_slack": 2,
  "n_total": 31,
  "x_range": [
    0,
    19
  ],
  "y_range": [
    20,
    23
  ],
  "z_range": [
    24,
    28
  ],
  "t_range": [
    29,
    30
  ],
  "C_scale": 24184.908803653863,
  "scale_factor": 10.0,
  "onehot_multiplier": 0.5,
  "reg_multiplier": 1.0,
  "A_base": 241849.08803653863,
  "A_onehot": 120924.54401826931,
  "B_reg": 241849.08803653863,
  "lambda_risk": 0.0,
  "R_size": 3,
  "Rmin": 3,
  "R_indices_zero_based": [
    5,
    11,
    18
  ],
  "R_feature_ids_1based": [
    6,
    12,
    19,
    21,
    27,
    38,
    44,
    51,
    60,
    64,
    68,
    77,
    83,
    92,
    94,
    103,
    109,
    117,
    124,
    133,
    135,
    142,
    152,
    157,
    162,
    171,
    180,
    181,
    191,
    198,
    203,
    208,
    220,
    226,
    227,
    234,
    241,
    251,
    259,
    263,
    273,
    275,
    283,
    287,
    300
  ],
  "premium_bands": [
    1200.0,
    1400.0,
    1500.0,
    1800.0,
    2000.0
  ],
  "deductible_bands": [
    0.0,
    150.0,
    300.0,
    600.0
  ],
  "affordability_enabled": false,
  "disallow_premium_bands": [],
  "disallow_penalty_multiplier": 100.0,
  "D_affordability": null,
  "use_tight_regulation": true,
  "qubo_file": "qubo_Q_S3_tight_regulation_N20.npz",
  "regulation_encoding": "surplus T>=0 with (sum_{i in R} x_i) - (sum_l 2^l t_l) = Rmin",
  "diagnostics": {
    "cfg_hash_sha256": "05953029690ff4e65010c44a00c3f422bd52c922ac98af7919ef37c6929f8104",
    "C_scale": 24184.908803653863,
    "scale_factor": 10.0,
    "A_base": 241849.08803653863,
    "A_onehot": 120924.54401826931,
    "B_reg": 241849.08803653863,
    "onehot_multiplier": 0.5,
    "reg_multiplier": 1.0,
    "objective_magnitude_bound": 26184.908803653863,
    "A_over_obj_bound": 4.618100636707026,
    "B_over_obj_bound": 9.236201273414052,
    "premium_max_abs": 2000.0,
    "sigma_abs_sum": 171618496.99882796,
    "R_size": 3,
    "Rmin": 3,
    "affordability_enabled": false,
    "disallow_penalty_multiplier": 100.0,
    "D_is_scaled_to_A_base_not_A": true,
    "Q_condition_number": 35054.23146940143,
    "Q_eigenvalue_min": -1448639.6205056321,
    "Q_eigenvalue_max": 4141907.4623886617,
    "Q_eigenvalue_range": [
      -1448639.6205056321,
      4141907.4623886617
    ],
    "Q_eigenvalue_percentiles": {
      "p0": -1448639.6205056321,
      "p25": -241849.08803653863,
      "p50": 499.4609879344424,
      "p75": 1180.609681711971,
      "p100": 4141907.4623886617
    },
    "Q_eigenvalue_count_negative": 10,
    "Q_eigenvalue_count_positive": 21,
    "Q_eigenvalue_count_near_zero": 0,
    "note": "Condition number measures numerical stability; bounded growth with N suggests stable QUBO structure."
  }
}