{
  "scenario": "S1_cost_only",
  "scenario_file": "config_qubo_S1.yaml",
  "seed": 1010,
  "ordering": "v = [x_1..x_N, y_1..y_M, z_1..z_K, t_0..t_{L-1}]",
  "N": 20,
  "M": 4,
  "K": 5,
  "L_reg_slack": 2,
  "n_total": 31,
  "x_range": [
    0,
    19
  ],
  "y_range": [
    20,
    23
  ],
  "z_range": [
    24,
    28
  ],
  "t_range": [
    29,
    30
  ],
  "C_scale": 29657.6679058335,
  "scale_factor": 10.0,
  "onehot_multiplier": 0.5,
  "reg_multiplier": 1.0,
  "A_base": 296576.679058335,
  "A_onehot": 148288.3395291675,
  "B_reg": 296576.679058335,
  "lambda_risk": 0.0,
  "R_size": 3,
  "Rmin": 2,
  "R_indices_zero_based": [
    4,
    7,
    18
  ],
  "R_feature_ids_1based": [
    5,
    8,
    19,
    23,
    27,
    39,
    41,
    51,
    59,
    62,
    73,
    75,
    85,
    90,
    100,
    103,
    108,
    120,
    125,
    128,
    137,
    143,
    147,
    155,
    161,
    168,
    176,
    181,
    192,
    196,
    201,
    212,
    217,
    223,
    227,
    240,
    242,
    247,
    260,
    264,
    269,
    278,
    286,
    288,
    299
  ],
  "premium_bands": [
    1200.0,
    1400.0,
    1500.0,
    1800.0,
    2000.0
  ],
  "deductible_bands": [
    0.0,
    150.0,
    300.0,
    600.0
  ],
  "affordability_enabled": false,
  "disallow_premium_bands": [],
  "disallow_penalty_multiplier": 100.0,
  "D_affordability": null,
  "use_tight_regulation": false,
  "qubo_file": "qubo_Q_S1_cost_only_N20.npz",
  "regulation_encoding": "surplus T>=0 with (sum_{i in R} x_i) - (sum_l 2^l t_l) = Rmin",
  "diagnostics": {
    "cfg_hash_sha256": "10515f494d06854c1587d70442a381668f970dd7881f4167813feb86b992f415",
    "C_scale": 29657.6679058335,
    "scale_factor": 10.0,
    "A_base": 296576.679058335,
    "A_onehot": 148288.3395291675,
    "B_reg": 296576.679058335,
    "onehot_multiplier": 0.5,
    "reg_multiplier": 1.0,
    "objective_magnitude_bound": 31657.6679058335,
    "A_over_obj_bound": 4.684120762472295,
    "B_over_obj_bound": 9.36824152494459,
    "premium_max_abs": 2000.0,
    "sigma_abs_sum": 454251637.9977267,
    "R_size": 3,
    "Rmin": 2,
    "affordability_enabled": false,
    "disallow_penalty_multiplier": 100.0,
    "D_is_scaled_to_A_base_not_A": true,
    "Q_condition_number": 26304.205328952725,
    "Q_eigenvalue_min": -1185701.3048851327,
    "Q_eigenvalue_max": 4011583.1819632323,
    "Q_eigenvalue_range": [
      -1185701.3048851327,
      4011583.1819632323
    ],
    "Q_eigenvalue_percentiles": {
      "p0": -1185701.3048851327,
      "p25": -296576.67905833514,
      "p50": 544.5586542106973,
      "p75": 2326.887709050621,
      "p100": 4011583.1819632323
    },
    "Q_eigenvalue_count_negative": 10,
    "Q_eigenvalue_count_positive": 21,
    "Q_eigenvalue_count_near_zero": 0,
    "note": "Condition number measures numerical stability; bounded growth with N suggests stable QUBO structure."
  }
}