{
  "scenario": "S2_risk_adjusted",
  "scenario_file": "config_qubo_S2.yaml",
  "seed": 1010,
  "ordering": "v = [x_1..x_N, y_1..y_M, z_1..z_K, t_0..t_{L-1}]",
  "N": 50,
  "M": 4,
  "K": 5,
  "L_reg_slack": 3,
  "n_total": 62,
  "x_range": [
    0,
    49
  ],
  "y_range": [
    50,
    53
  ],
  "z_range": [
    54,
    58
  ],
  "t_range": [
    59,
    61
  ],
  "C_scale": 74142.53466564909,
  "scale_factor": 10.0,
  "onehot_multiplier": 0.5,
  "reg_multiplier": 1.0,
  "A_base": 741425.3466564908,
  "A_onehot": 370712.6733282454,
  "B_reg": 741425.3466564908,
  "lambda_risk": 0.1,
  "R_size": 7,
  "Rmin": 5,
  "R_indices_zero_based": [
    4,
    7,
    18,
    22,
    26,
    38,
    40
  ],
  "R_feature_ids_1based": [
    5,
    8,
    19,
    23,
    27,
    39,
    41,
    51,
    59,
    62,
    73,
    75,
    85,
    90,
    100,
    103,
    108,
    120,
    125,
    128,
    137,
    143,
    147,
    155,
    161,
    168,
    176,
    181,
    192,
    196,
    201,
    212,
    217,
    223,
    227,
    240,
    242,
    247,
    260,
    264,
    269,
    278,
    286,
    288,
    299
  ],
  "premium_bands": [
    1200.0,
    1400.0,
    1500.0,
    1800.0,
    2000.0
  ],
  "deductible_bands": [
    0.0,
    150.0,
    300.0,
    600.0
  ],
  "affordability_enabled": false,
  "disallow_premium_bands": [],
  "disallow_penalty_multiplier": 100.0,
  "D_affordability": null,
  "use_tight_regulation": false,
  "qubo_file": "qubo_Q_S2_risk_adjusted_N50.npz",
  "regulation_encoding": "surplus T>=0 with (sum_{i in R} x_i) - (sum_l 2^l t_l) = Rmin",
  "diagnostics": {
    "cfg_hash_sha256": "f473faee358d2964d7a670074c967f9e70c46325cb5006cf9a63481e6499e9f7",
    "C_scale": 74142.53466564909,
    "scale_factor": 10.0,
    "A_base": 741425.3466564908,
    "A_onehot": 370712.6733282454,
    "B_reg": 741425.3466564908,
    "onehot_multiplier": 0.5,
    "reg_multiplier": 1.0,
    "objective_magnitude_bound": 130000264.45834541,
    "A_over_obj_bound": 0.00285163014762196,
    "B_over_obj_bound": 0.00570326029524392,
    "premium_max_abs": 2000.0,
    "sigma_abs_sum": 1299241219.2367976,
    "R_size": 7,
    "Rmin": 5,
    "affordability_enabled": false,
    "disallow_penalty_multiplier": 100.0,
    "D_is_scaled_to_A_base_not_A": true,
    "Q_condition_number": 35940.11101345465,
    "Q_eigenvalue_min": -7315465.759125618,
    "Q_eigenvalue_max": 44866035.06941952,
    "Q_eigenvalue_range": [
      -7315465.759125618,
      44866035.06941952
    ],
    "Q_eigenvalue_percentiles": {
      "p0": -7315465.759125618,
      "p25": -555756.9211186534,
      "p50": 297838.4291813837,
      "p75": 1226372.479800979,
      "p100": 44866035.06941952
    },
    "Q_eigenvalue_count_negative": 16,
    "Q_eigenvalue_count_positive": 46,
    "Q_eigenvalue_count_near_zero": 0,
    "note": "Condition number measures numerical stability; bounded growth with N suggests stable QUBO structure."
  }
}