{
  "scenario": "S4_affordability",
  "scenario_file": "config_qubo_S4.yaml",
  "seed": 1010,
  "ordering": "v = [x_1..x_N, y_1..y_M, z_1..z_K, t_0..t_{L-1}]",
  "N": 40,
  "M": 4,
  "K": 5,
  "L_reg_slack": 3,
  "n_total": 52,
  "x_range": [
    0,
    39
  ],
  "y_range": [
    40,
    43
  ],
  "z_range": [
    44,
    48
  ],
  "t_range": [
    49,
    51
  ],
  "C_scale": 58198.5373143755,
  "scale_factor": 10.0,
  "onehot_multiplier": 0.5,
  "reg_multiplier": 1.0,
  "A_base": 581985.373143755,
  "A_onehot": 290992.6865718775,
  "B_reg": 581985.373143755,
  "lambda_risk": 0.0,
  "R_size": 6,
  "Rmin": 4,
  "R_indices_zero_based": [
    4,
    7,
    18,
    22,
    26,
    38
  ],
  "R_feature_ids_1based": [
    5,
    8,
    19,
    23,
    27,
    39,
    41,
    51,
    59,
    62,
    73,
    75,
    85,
    90,
    100,
    103,
    108,
    120,
    125,
    128,
    137,
    143,
    147,
    155,
    161,
    168,
    176,
    181,
    192,
    196,
    201,
    212,
    217,
    223,
    227,
    240,
    242,
    247,
    260,
    264,
    269,
    278,
    286,
    288,
    299
  ],
  "premium_bands": [
    1200.0,
    1400.0,
    1500.0,
    1800.0,
    2000.0
  ],
  "deductible_bands": [
    0.0,
    150.0,
    300.0,
    600.0
  ],
  "affordability_enabled": true,
  "disallow_premium_bands": [
    4,
    5
  ],
  "disallow_penalty_multiplier": 100.0,
  "D_affordability": 58198537.314375505,
  "use_tight_regulation": false,
  "qubo_file": "qubo_Q_S4_affordability_N40.npz",
  "regulation_encoding": "surplus T>=0 with (sum_{i in R} x_i) - (sum_l 2^l t_l) = Rmin",
  "diagnostics": {
    "cfg_hash_sha256": "66eba07f5d89f49677e46708a843e61a86c8206d537546835ade220f30e8a370",
    "C_scale": 58198.5373143755,
    "scale_factor": 10.0,
    "A_base": 581985.373143755,
    "A_onehot": 290992.6865718775,
    "B_reg": 581985.373143755,
    "onehot_multiplier": 0.5,
    "reg_multiplier": 1.0,
    "objective_magnitude_bound": 60198.5373143755,
    "A_over_obj_bound": 4.833883007027615,
    "B_over_obj_bound": 9.66776601405523,
    "premium_max_abs": 2000.0,
    "sigma_abs_sum": 963362325.8281205,
    "R_size": 6,
    "Rmin": 4,
    "affordability_enabled": true,
    "disallow_penalty_multiplier": 100.0,
    "D_is_scaled_to_A_base_not_A": true,
    "Q_condition_number": 381656.56285787484,
    "Q_eigenvalue_min": -4655536.2503212355,
    "Q_eigenvalue_max": 58205409.732007325,
    "Q_eigenvalue_range": [
      -4655536.2503212355,
      58205409.732007325
    ],
    "Q_eigenvalue_percentiles": {
      "p0": -4655536.2503212355,
      "p25": 277.7020171203142,
      "p50": 1017.2586273659613,
      "p75": 2737.9316235791607,
      "p100": 58205409.732007325
    },
    "Q_eigenvalue_count_negative": 11,
    "Q_eigenvalue_count_positive": 41,
    "Q_eigenvalue_count_near_zero": 0,
    "note": "Condition number measures numerical stability; bounded growth with N suggests stable QUBO structure.",
    "D_affordability": 58198537.314375505,
    "D_over_premium_max_abs": 29099.268657187753,
    "D_over_obj_bound": 966.776601405523
  }
}