{
  "scenario": "S2_risk_adjusted",
  "scenario_file": "config_qubo_S2.yaml",
  "seed": 1010,
  "ordering": "v = [x_1..x_N, y_1..y_M, z_1..z_K, t_0..t_{L-1}]",
  "N": 30,
  "M": 4,
  "K": 5,
  "L_reg_slack": 2,
  "n_total": 41,
  "x_range": [
    0,
    29
  ],
  "y_range": [
    30,
    33
  ],
  "z_range": [
    34,
    38
  ],
  "t_range": [
    39,
    40
  ],
  "C_scale": 43220.06137647863,
  "scale_factor": 10.0,
  "onehot_multiplier": 0.5,
  "reg_multiplier": 1.0,
  "A_base": 432200.61376478634,
  "A_onehot": 216100.30688239317,
  "B_reg": 432200.61376478634,
  "lambda_risk": 0.1,
  "R_size": 5,
  "Rmin": 3,
  "R_indices_zero_based": [
    4,
    7,
    18,
    22,
    26
  ],
  "R_feature_ids_1based": [
    5,
    8,
    19,
    23,
    27,
    39,
    41,
    51,
    59,
    62,
    73,
    75,
    85,
    90,
    100,
    103,
    108,
    120,
    125,
    128,
    137,
    143,
    147,
    155,
    161,
    168,
    176,
    181,
    192,
    196,
    201,
    212,
    217,
    223,
    227,
    240,
    242,
    247,
    260,
    264,
    269,
    278,
    286,
    288,
    299
  ],
  "premium_bands": [
    1200.0,
    1400.0,
    1500.0,
    1800.0,
    2000.0
  ],
  "deductible_bands": [
    0.0,
    150.0,
    300.0,
    600.0
  ],
  "affordability_enabled": false,
  "disallow_premium_bands": [],
  "disallow_penalty_multiplier": 100.0,
  "D_affordability": null,
  "use_tight_regulation": false,
  "qubo_file": "qubo_Q_S2_risk_adjusted_N30.npz",
  "regulation_encoding": "surplus T>=0 with (sum_{i in R} x_i) - (sum_l 2^l t_l) = Rmin",
  "diagnostics": {
    "cfg_hash_sha256": "3849ae73ba16545d103c04468b0a69b739280aa604d77a453ae04398ec8f8b19",
    "C_scale": 43220.06137647863,
    "scale_factor": 10.0,
    "A_base": 432200.61376478634,
    "A_onehot": 216100.30688239317,
    "B_reg": 432200.61376478634,
    "onehot_multiplier": 0.5,
    "reg_multiplier": 1.0,
    "objective_magnitude_bound": 66360415.103804454,
    "A_over_obj_bound": 0.003256464061358834,
    "B_over_obj_bound": 0.006512928122717668,
    "premium_max_abs": 2000.0,
    "sigma_abs_sum": 663151950.4242797,
    "R_size": 5,
    "Rmin": 3,
    "affordability_enabled": false,
    "disallow_penalty_multiplier": 100.0,
    "D_is_scaled_to_A_base_not_A": true,
    "Q_condition_number": 6189.433584133094,
    "Q_eigenvalue_min": -2424677.2892877767,
    "Q_eigenvalue_max": 7726687.819049399,
    "Q_eigenvalue_range": [
      -2424677.2892877767,
      7726687.819049399
    ],
    "Q_eigenvalue_percentiles": {
      "p0": -2424677.2892877767,
      "p25": -432200.6137647883,
      "p50": 235161.60452416533,
      "p75": 860285.6039301505,
      "p100": 7726687.819049399
    },
    "Q_eigenvalue_count_negative": 13,
    "Q_eigenvalue_count_positive": 28,
    "Q_eigenvalue_count_near_zero": 0,
    "note": "Condition number measures numerical stability; bounded growth with N suggests stable QUBO structure."
  }
}