{
  "scenario": "S4_affordability",
  "scenario_file": "config_qubo_S4.yaml",
  "seed": 1019,
  "ordering": "v = [x_1..x_N, y_1..y_M, z_1..z_K, t_0..t_{L-1}]",
  "N": 30,
  "M": 4,
  "K": 5,
  "L_reg_slack": 2,
  "n_total": 41,
  "x_range": [
    0,
    29
  ],
  "y_range": [
    30,
    33
  ],
  "z_range": [
    34,
    38
  ],
  "t_range": [
    39,
    40
  ],
  "C_scale": 41186.67294531386,
  "scale_factor": 10.0,
  "onehot_multiplier": 0.5,
  "reg_multiplier": 1.0,
  "A_base": 411866.7294531386,
  "A_onehot": 205933.3647265693,
  "B_reg": 411866.7294531386,
  "lambda_risk": 0.0,
  "R_size": 5,
  "Rmin": 3,
  "R_indices_zero_based": [
    1,
    8,
    14,
    20,
    27
  ],
  "R_feature_ids_1based": [
    2,
    9,
    15,
    21,
    28,
    38,
    42,
    47,
    54,
    65,
    67,
    76,
    84,
    91,
    100,
    106,
    110,
    117,
    121,
    130,
    139,
    143,
    151,
    157,
    166,
    171,
    178,
    182,
    190,
    198,
    205,
    211,
    214,
    225,
    231,
    237,
    241,
    253,
    258,
    266,
    270,
    279,
    282,
    288,
    296
  ],
  "premium_bands": [
    1200.0,
    1400.0,
    1500.0,
    1800.0,
    2000.0
  ],
  "deductible_bands": [
    0.0,
    150.0,
    300.0,
    600.0
  ],
  "affordability_enabled": true,
  "disallow_premium_bands": [
    4,
    5
  ],
  "disallow_penalty_multiplier": 100.0,
  "D_affordability": 41186672.94531386,
  "use_tight_regulation": false,
  "qubo_file": "qubo_Q_S4_affordability_N30.npz",
  "regulation_encoding": "surplus T>=0 with (sum_{i in R} x_i) - (sum_l 2^l t_l) = Rmin",
  "diagnostics": {
    "cfg_hash_sha256": "0750bdd36b35ccfa876faa79bf23e4cb3617fa14b38e6428a6dac91175e98d36",
    "C_scale": 41186.67294531386,
    "scale_factor": 10.0,
    "A_base": 411866.7294531386,
    "A_onehot": 205933.3647265693,
    "B_reg": 411866.7294531386,
    "onehot_multiplier": 0.5,
    "reg_multiplier": 1.0,
    "objective_magnitude_bound": 43186.67294531386,
    "A_over_obj_bound": 4.768447085223195,
    "B_over_obj_bound": 9.53689417044639,
    "premium_max_abs": 2000.0,
    "sigma_abs_sum": 554663959.0876265,
    "R_size": 5,
    "Rmin": 3,
    "affordability_enabled": true,
    "disallow_penalty_multiplier": 100.0,
    "D_is_scaled_to_A_base_not_A": true,
    "Q_condition_number": 176672.0130695157,
    "Q_eigenvalue_min": -2470983.6842347956,
    "Q_eigenvalue_max": 41190981.15571664,
    "Q_eigenvalue_range": [
      -2470983.6842347956,
      41190981.15571664
    ],
    "Q_eigenvalue_percentiles": {
      "p0": -2470983.6842347956,
      "p25": 233.14944138610736,
      "p50": 801.8561612132456,
      "p75": 2506.431492204828,
      "p100": 41190981.15571664
    },
    "Q_eigenvalue_count_negative": 10,
    "Q_eigenvalue_count_positive": 31,
    "Q_eigenvalue_count_near_zero": 0,
    "note": "Condition number measures numerical stability; bounded growth with N suggests stable QUBO structure.",
    "D_affordability": 41186672.94531386,
    "D_over_premium_max_abs": 20593.33647265693,
    "D_over_obj_bound": 953.6894170446391
  }
}