{
  "scenario": "S2_risk_adjusted",
  "scenario_file": "config_qubo_S2.yaml",
  "seed": 1019,
  "ordering": "v = [x_1..x_N, y_1..y_M, z_1..z_K, t_0..t_{L-1}]",
  "N": 40,
  "M": 4,
  "K": 5,
  "L_reg_slack": 3,
  "n_total": 52,
  "x_range": [
    0,
    39
  ],
  "y_range": [
    40,
    43
  ],
  "z_range": [
    44,
    48
  ],
  "t_range": [
    49,
    51
  ],
  "C_scale": 52394.10899624754,
  "scale_factor": 10.0,
  "onehot_multiplier": 0.5,
  "reg_multiplier": 1.0,
  "A_base": 523941.08996247535,
  "A_onehot": 261970.54498123768,
  "B_reg": 523941.08996247535,
  "lambda_risk": 0.1,
  "R_size": 6,
  "Rmin": 4,
  "R_indices_zero_based": [
    1,
    8,
    14,
    20,
    27,
    37
  ],
  "R_feature_ids_1based": [
    2,
    9,
    15,
    21,
    28,
    38,
    42,
    47,
    54,
    65,
    67,
    76,
    84,
    91,
    100,
    106,
    110,
    117,
    121,
    130,
    139,
    143,
    151,
    157,
    166,
    171,
    178,
    182,
    190,
    198,
    205,
    211,
    214,
    225,
    231,
    237,
    241,
    253,
    258,
    266,
    270,
    279,
    282,
    288,
    296
  ],
  "premium_bands": [
    1200.0,
    1400.0,
    1500.0,
    1800.0,
    2000.0
  ],
  "deductible_bands": [
    0.0,
    150.0,
    300.0,
    600.0
  ],
  "affordability_enabled": false,
  "disallow_premium_bands": [],
  "disallow_penalty_multiplier": 100.0,
  "D_affordability": null,
  "use_tight_regulation": false,
  "qubo_file": "qubo_Q_S2_risk_adjusted_N40.npz",
  "regulation_encoding": "surplus T>=0 with (sum_{i in R} x_i) - (sum_l 2^l t_l) = Rmin",
  "diagnostics": {
    "cfg_hash_sha256": "83cacd34c2783ff2d6b2d3fbbf5f4dbea1d97e55a6c8433821010bb73532ac4d",
    "C_scale": 52394.10899624754,
    "scale_factor": 10.0,
    "A_base": 523941.08996247535,
    "A_onehot": 261970.54498123768,
    "B_reg": 523941.08996247535,
    "onehot_multiplier": 0.5,
    "reg_multiplier": 1.0,
    "objective_magnitude_bound": 72094535.5678698,
    "A_over_obj_bound": 0.0036337087536213977,
    "B_over_obj_bound": 0.0072674175072427955,
    "premium_max_abs": 2000.0,
    "sigma_abs_sum": 720401414.5887356,
    "R_size": 6,
    "Rmin": 4,
    "affordability_enabled": false,
    "disallow_penalty_multiplier": 100.0,
    "D_is_scaled_to_A_base_not_A": true,
    "Q_condition_number": 37926.94604745767,
    "Q_eigenvalue_min": -5293494.714202888,
    "Q_eigenvalue_max": 27733854.78703002,
    "Q_eigenvalue_range": [
      -5293494.714202888,
      27733854.78703002
    ],
    "Q_eigenvalue_percentiles": {
      "p0": -5293494.714202888,
      "p25": -279515.63282520813,
      "p50": 336162.8501762417,
      "p75": 804439.1331703952,
      "p100": 27733854.78703002
    },
    "Q_eigenvalue_count_negative": 15,
    "Q_eigenvalue_count_positive": 37,
    "Q_eigenvalue_count_near_zero": 0,
    "note": "Condition number measures numerical stability; bounded growth with N suggests stable QUBO structure."
  }
}