{
  "scenario": "S4_affordability",
  "scenario_file": "config_qubo_S4.yaml",
  "seed": 1019,
  "ordering": "v = [x_1..x_N, y_1..y_M, z_1..z_K, t_0..t_{L-1}]",
  "N": 40,
  "M": 4,
  "K": 5,
  "L_reg_slack": 3,
  "n_total": 52,
  "x_range": [
    0,
    39
  ],
  "y_range": [
    40,
    43
  ],
  "z_range": [
    44,
    48
  ],
  "t_range": [
    49,
    51
  ],
  "C_scale": 52394.10899624754,
  "scale_factor": 10.0,
  "onehot_multiplier": 0.5,
  "reg_multiplier": 1.0,
  "A_base": 523941.08996247535,
  "A_onehot": 261970.54498123768,
  "B_reg": 523941.08996247535,
  "lambda_risk": 0.0,
  "R_size": 6,
  "Rmin": 4,
  "R_indices_zero_based": [
    1,
    8,
    14,
    20,
    27,
    37
  ],
  "R_feature_ids_1based": [
    2,
    9,
    15,
    21,
    28,
    38,
    42,
    47,
    54,
    65,
    67,
    76,
    84,
    91,
    100,
    106,
    110,
    117,
    121,
    130,
    139,
    143,
    151,
    157,
    166,
    171,
    178,
    182,
    190,
    198,
    205,
    211,
    214,
    225,
    231,
    237,
    241,
    253,
    258,
    266,
    270,
    279,
    282,
    288,
    296
  ],
  "premium_bands": [
    1200.0,
    1400.0,
    1500.0,
    1800.0,
    2000.0
  ],
  "deductible_bands": [
    0.0,
    150.0,
    300.0,
    600.0
  ],
  "affordability_enabled": true,
  "disallow_premium_bands": [
    4,
    5
  ],
  "disallow_penalty_multiplier": 100.0,
  "D_affordability": 52394108.99624754,
  "use_tight_regulation": false,
  "qubo_file": "qubo_Q_S4_affordability_N40.npz",
  "regulation_encoding": "surplus T>=0 with (sum_{i in R} x_i) - (sum_l 2^l t_l) = Rmin",
  "diagnostics": {
    "cfg_hash_sha256": "1a877dc510348a5e3daf29115d65aff95aead9e7a320de391302e0449907705a",
    "C_scale": 52394.10899624754,
    "scale_factor": 10.0,
    "A_base": 523941.08996247535,
    "A_onehot": 261970.54498123768,
    "B_reg": 523941.08996247535,
    "onehot_multiplier": 0.5,
    "reg_multiplier": 1.0,
    "objective_magnitude_bound": 54394.10899624754,
    "A_over_obj_bound": 4.816156562088555,
    "B_over_obj_bound": 9.63231312417711,
    "premium_max_abs": 2000.0,
    "sigma_abs_sum": 720401414.5887356,
    "R_size": 6,
    "Rmin": 4,
    "affordability_enabled": true,
    "disallow_penalty_multiplier": 100.0,
    "D_is_scaled_to_A_base_not_A": true,
    "Q_condition_number": 224749.01160764377,
    "Q_eigenvalue_min": -4191329.641308383,
    "Q_eigenvalue_max": 52400106.50884772,
    "Q_eigenvalue_range": [
      -4191329.641308383,
      52400106.50884772
    ],
    "Q_eigenvalue_percentiles": {
      "p0": -4191329.641308383,
      "p25": 293.10957319548635,
      "p50": 840.9673379259946,
      "p75": 2375.748389875934,
      "p100": 52400106.50884772
    },
    "Q_eigenvalue_count_negative": 11,
    "Q_eigenvalue_count_positive": 41,
    "Q_eigenvalue_count_near_zero": 0,
    "note": "Condition number measures numerical stability; bounded growth with N suggests stable QUBO structure.",
    "D_affordability": 52394108.99624754,
    "D_over_premium_max_abs": 26197.05449812377,
    "D_over_obj_bound": 963.231312417711
  }
}