{
  "scenario": "S2_risk_adjusted",
  "scenario_file": "config_qubo_S2.yaml",
  "seed": 1019,
  "ordering": "v = [x_1..x_N, y_1..y_M, z_1..z_K, t_0..t_{L-1}]",
  "N": 50,
  "M": 4,
  "K": 5,
  "L_reg_slack": 3,
  "n_total": 62,
  "x_range": [
    0,
    49
  ],
  "y_range": [
    50,
    53
  ],
  "z_range": [
    54,
    58
  ],
  "t_range": [
    59,
    61
  ],
  "C_scale": 67727.47147896799,
  "scale_factor": 10.0,
  "onehot_multiplier": 0.5,
  "reg_multiplier": 1.0,
  "A_base": 677274.7147896799,
  "A_onehot": 338637.3573948399,
  "B_reg": 677274.7147896799,
  "lambda_risk": 0.1,
  "R_size": 8,
  "Rmin": 5,
  "R_indices_zero_based": [
    1,
    8,
    14,
    20,
    27,
    37,
    41,
    46
  ],
  "R_feature_ids_1based": [
    2,
    9,
    15,
    21,
    28,
    38,
    42,
    47,
    54,
    65,
    67,
    76,
    84,
    91,
    100,
    106,
    110,
    117,
    121,
    130,
    139,
    143,
    151,
    157,
    166,
    171,
    178,
    182,
    190,
    198,
    205,
    211,
    214,
    225,
    231,
    237,
    241,
    253,
    258,
    266,
    270,
    279,
    282,
    288,
    296
  ],
  "premium_bands": [
    1200.0,
    1400.0,
    1500.0,
    1800.0,
    2000.0
  ],
  "deductible_bands": [
    0.0,
    150.0,
    300.0,
    600.0
  ],
  "affordability_enabled": false,
  "disallow_premium_bands": [],
  "disallow_penalty_multiplier": 100.0,
  "D_affordability": null,
  "use_tight_regulation": false,
  "qubo_file": "qubo_Q_S2_risk_adjusted_N50.npz",
  "regulation_encoding": "surplus T>=0 with (sum_{i in R} x_i) - (sum_l 2^l t_l) = Rmin",
  "diagnostics": {
    "cfg_hash_sha256": "7d823428f158707a20480aebfa5f1cc8522ee225ca4d6d38186bbebfee809c80",
    "C_scale": 67727.47147896799,
    "scale_factor": 10.0,
    "A_base": 677274.7147896799,
    "A_onehot": 338637.3573948399,
    "B_reg": 677274.7147896799,
    "onehot_multiplier": 0.5,
    "reg_multiplier": 1.0,
    "objective_magnitude_bound": 158161232.09519985,
    "A_over_obj_bound": 0.0021410895255988428,
    "B_over_obj_bound": 0.0042821790511976855,
    "premium_max_abs": 2000.0,
    "sigma_abs_sum": 1580915046.2372088,
    "R_size": 8,
    "Rmin": 5,
    "affordability_enabled": false,
    "disallow_penalty_multiplier": 100.0,
    "D_is_scaled_to_A_base_not_A": true,
    "Q_condition_number": 56416.26450910734,
    "Q_eigenvalue_min": -7859301.42558684,
    "Q_eigenvalue_max": 41254059.463875055,
    "Q_eigenvalue_range": [
      -7859301.42558684,
      41254059.463875055
    ],
    "Q_eigenvalue_percentiles": {
      "p0": -7859301.42558684,
      "p25": -677274.714789679,
      "p50": 293918.27807183954,
      "p75": 761805.2688657411,
      "p100": 41254059.463875055
    },
    "Q_eigenvalue_count_negative": 18,
    "Q_eigenvalue_count_positive": 44,
    "Q_eigenvalue_count_near_zero": 0,
    "note": "Condition number measures numerical stability; bounded growth with N suggests stable QUBO structure."
  }
}