{
  "scenario": "S4_affordability",
  "scenario_file": "config_qubo_S4.yaml",
  "seed": 1019,
  "ordering": "v = [x_1..x_N, y_1..y_M, z_1..z_K, t_0..t_{L-1}]",
  "N": 50,
  "M": 4,
  "K": 5,
  "L_reg_slack": 3,
  "n_total": 62,
  "x_range": [
    0,
    49
  ],
  "y_range": [
    50,
    53
  ],
  "z_range": [
    54,
    58
  ],
  "t_range": [
    59,
    61
  ],
  "C_scale": 67727.47147896799,
  "scale_factor": 10.0,
  "onehot_multiplier": 0.5,
  "reg_multiplier": 1.0,
  "A_base": 677274.7147896799,
  "A_onehot": 338637.3573948399,
  "B_reg": 677274.7147896799,
  "lambda_risk": 0.0,
  "R_size": 8,
  "Rmin": 5,
  "R_indices_zero_based": [
    1,
    8,
    14,
    20,
    27,
    37,
    41,
    46
  ],
  "R_feature_ids_1based": [
    2,
    9,
    15,
    21,
    28,
    38,
    42,
    47,
    54,
    65,
    67,
    76,
    84,
    91,
    100,
    106,
    110,
    117,
    121,
    130,
    139,
    143,
    151,
    157,
    166,
    171,
    178,
    182,
    190,
    198,
    205,
    211,
    214,
    225,
    231,
    237,
    241,
    253,
    258,
    266,
    270,
    279,
    282,
    288,
    296
  ],
  "premium_bands": [
    1200.0,
    1400.0,
    1500.0,
    1800.0,
    2000.0
  ],
  "deductible_bands": [
    0.0,
    150.0,
    300.0,
    600.0
  ],
  "affordability_enabled": true,
  "disallow_premium_bands": [
    4,
    5
  ],
  "disallow_penalty_multiplier": 100.0,
  "D_affordability": 67727471.47896798,
  "use_tight_regulation": false,
  "qubo_file": "qubo_Q_S4_affordability_N50.npz",
  "regulation_encoding": "surplus T>=0 with (sum_{i in R} x_i) - (sum_l 2^l t_l) = Rmin",
  "diagnostics": {
    "cfg_hash_sha256": "2400995b14e15ac35f7b68b05ad985989d1fe137aa0b51eecf62360185fdf592",
    "C_scale": 67727.47147896799,
    "scale_factor": 10.0,
    "A_base": 677274.7147896799,
    "A_onehot": 338637.3573948399,
    "B_reg": 677274.7147896799,
    "onehot_multiplier": 0.5,
    "reg_multiplier": 1.0,
    "objective_magnitude_bound": 69727.47147896799,
    "A_over_obj_bound": 4.856584502665978,
    "B_over_obj_bound": 9.713169005331956,
    "premium_max_abs": 2000.0,
    "sigma_abs_sum": 1580915046.2372088,
    "R_size": 8,
    "Rmin": 5,
    "affordability_enabled": true,
    "disallow_penalty_multiplier": 100.0,
    "D_is_scaled_to_A_base_not_A": true,
    "Q_condition_number": 535992.0283402283,
    "Q_eigenvalue_min": -6772550.464466329,
    "Q_eigenvalue_max": 67735780.1993733,
    "Q_eigenvalue_range": [
      -6772550.464466329,
      67735780.1993733
    ],
    "Q_eigenvalue_percentiles": {
      "p0": -6772550.464466329,
      "p25": 284.00453730601,
      "p50": 823.7340124614689,
      "p75": 2358.977719791892,
      "p100": 67735780.1993733
    },
    "Q_eigenvalue_count_negative": 13,
    "Q_eigenvalue_count_positive": 49,
    "Q_eigenvalue_count_near_zero": 0,
    "note": "Condition number measures numerical stability; bounded growth with N suggests stable QUBO structure.",
    "D_affordability": 67727471.47896798,
    "D_over_premium_max_abs": 33863.73573948399,
    "D_over_obj_bound": 971.3169005331956
  }
}