{
  "scenario": "S3_tight_regulation",
  "scenario_file": "config_qubo_S3.yaml",
  "seed": 1019,
  "ordering": "v = [x_1..x_N, y_1..y_M, z_1..z_K, t_0..t_{L-1}]",
  "N": 30,
  "M": 4,
  "K": 5,
  "L_reg_slack": 3,
  "n_total": 42,
  "x_range": [
    0,
    29
  ],
  "y_range": [
    30,
    33
  ],
  "z_range": [
    34,
    38
  ],
  "t_range": [
    39,
    41
  ],
  "C_scale": 41186.67294531386,
  "scale_factor": 10.0,
  "onehot_multiplier": 0.5,
  "reg_multiplier": 1.0,
  "A_base": 411866.7294531386,
  "A_onehot": 205933.3647265693,
  "B_reg": 411866.7294531386,
  "lambda_risk": 0.0,
  "R_size": 5,
  "Rmin": 5,
  "R_indices_zero_based": [
    1,
    8,
    14,
    20,
    27
  ],
  "R_feature_ids_1based": [
    2,
    9,
    15,
    21,
    28,
    38,
    42,
    47,
    54,
    65,
    67,
    76,
    84,
    91,
    100,
    106,
    110,
    117,
    121,
    130,
    139,
    143,
    151,
    157,
    166,
    171,
    178,
    182,
    190,
    198,
    205,
    211,
    214,
    225,
    231,
    237,
    241,
    253,
    258,
    266,
    270,
    279,
    282,
    288,
    296
  ],
  "premium_bands": [
    1200.0,
    1400.0,
    1500.0,
    1800.0,
    2000.0
  ],
  "deductible_bands": [
    0.0,
    150.0,
    300.0,
    600.0
  ],
  "affordability_enabled": false,
  "disallow_premium_bands": [],
  "disallow_penalty_multiplier": 100.0,
  "D_affordability": null,
  "use_tight_regulation": true,
  "qubo_file": "qubo_Q_S3_tight_regulation_N30.npz",
  "regulation_encoding": "surplus T>=0 with (sum_{i in R} x_i) - (sum_l 2^l t_l) = Rmin",
  "diagnostics": {
    "cfg_hash_sha256": "a1806a5ce98bcd363af912a7d25108d668876af77b129e2bcdb819e6944e3cd6",
    "C_scale": 41186.67294531386,
    "scale_factor": 10.0,
    "A_base": 411866.7294531386,
    "A_onehot": 205933.3647265693,
    "B_reg": 411866.7294531386,
    "onehot_multiplier": 0.5,
    "reg_multiplier": 1.0,
    "objective_magnitude_bound": 43186.67294531386,
    "A_over_obj_bound": 4.768447085223195,
    "B_over_obj_bound": 9.53689417044639,
    "premium_max_abs": 2000.0,
    "sigma_abs_sum": 554663959.0876265,
    "R_size": 5,
    "Rmin": 5,
    "affordability_enabled": false,
    "disallow_penalty_multiplier": 100.0,
    "D_is_scaled_to_A_base_not_A": true,
    "Q_condition_number": 105650.68740638392,
    "Q_eigenvalue_min": -4118450.6031265412,
    "Q_eigenvalue_max": 24632398.75111725,
    "Q_eigenvalue_range": [
      -4118450.6031265412,
      24632398.75111725
    ],
    "Q_eigenvalue_percentiles": {
      "p0": -4118450.6031265412,
      "p25": -411866.72945313784,
      "p50": 739.1732608002219,
      "p75": 2236.0385296675463,
      "p100": 24632398.75111725
    },
    "Q_eigenvalue_count_negative": 12,
    "Q_eigenvalue_count_positive": 30,
    "Q_eigenvalue_count_near_zero": 0,
    "note": "Condition number measures numerical stability; bounded growth with N suggests stable QUBO structure."
  }
}