{
  "scenario": "S4_affordability",
  "scenario_file": "config_qubo_S4.yaml",
  "seed": 1019,
  "ordering": "v = [x_1..x_N, y_1..y_M, z_1..z_K, t_0..t_{L-1}]",
  "N": 20,
  "M": 4,
  "K": 5,
  "L_reg_slack": 2,
  "n_total": 31,
  "x_range": [
    0,
    19
  ],
  "y_range": [
    20,
    23
  ],
  "z_range": [
    24,
    28
  ],
  "t_range": [
    29,
    30
  ],
  "C_scale": 26911.140488196263,
  "scale_factor": 10.0,
  "onehot_multiplier": 0.5,
  "reg_multiplier": 1.0,
  "A_base": 269111.40488196263,
  "A_onehot": 134555.70244098132,
  "B_reg": 269111.40488196263,
  "lambda_risk": 0.0,
  "R_size": 3,
  "Rmin": 2,
  "R_indices_zero_based": [
    1,
    8,
    14
  ],
  "R_feature_ids_1based": [
    2,
    9,
    15,
    21,
    28,
    38,
    42,
    47,
    54,
    65,
    67,
    76,
    84,
    91,
    100,
    106,
    110,
    117,
    121,
    130,
    139,
    143,
    151,
    157,
    166,
    171,
    178,
    182,
    190,
    198,
    205,
    211,
    214,
    225,
    231,
    237,
    241,
    253,
    258,
    266,
    270,
    279,
    282,
    288,
    296
  ],
  "premium_bands": [
    1200.0,
    1400.0,
    1500.0,
    1800.0,
    2000.0
  ],
  "deductible_bands": [
    0.0,
    150.0,
    300.0,
    600.0
  ],
  "affordability_enabled": true,
  "disallow_premium_bands": [
    4,
    5
  ],
  "disallow_penalty_multiplier": 100.0,
  "D_affordability": 26911140.488196265,
  "use_tight_regulation": false,
  "qubo_file": "qubo_Q_S4_affordability_N20.npz",
  "regulation_encoding": "surplus T>=0 with (sum_{i in R} x_i) - (sum_l 2^l t_l) = Rmin",
  "diagnostics": {
    "cfg_hash_sha256": "117dc9d465b84087f63d5d627ec0485077fe31e9dbd167cbecb8be5311c75a65",
    "C_scale": 26911.140488196263,
    "scale_factor": 10.0,
    "A_base": 269111.40488196263,
    "A_onehot": 134555.70244098132,
    "B_reg": 269111.40488196263,
    "onehot_multiplier": 0.5,
    "reg_multiplier": 1.0,
    "objective_magnitude_bound": 28911.140488196263,
    "A_over_obj_bound": 4.654112572830437,
    "B_over_obj_bound": 9.308225145660874,
    "premium_max_abs": 2000.0,
    "sigma_abs_sum": 226619293.24057934,
    "R_size": 3,
    "Rmin": 2,
    "affordability_enabled": true,
    "disallow_penalty_multiplier": 100.0,
    "D_is_scaled_to_A_base_not_A": true,
    "Q_condition_number": 96307.39834478006,
    "Q_eigenvalue_min": -1075870.4016399083,
    "Q_eigenvalue_max": 26913296.946933188,
    "Q_eigenvalue_range": [
      -1075870.4016399083,
      26913296.946933188
    ],
    "Q_eigenvalue_percentiles": {
      "p0": -1075870.4016399083,
      "p25": -134415.97643129644,
      "p50": 799.3300811647127,
      "p75": 2935.1142207112352,
      "p100": 26913296.946933188
    },
    "Q_eigenvalue_count_negative": 8,
    "Q_eigenvalue_count_positive": 23,
    "Q_eigenvalue_count_near_zero": 0,
    "note": "Condition number measures numerical stability; bounded growth with N suggests stable QUBO structure.",
    "D_affordability": 26911140.488196265,
    "D_over_premium_max_abs": 13455.570244098133,
    "D_over_obj_bound": 930.8225145660874
  }
}