{
  "scenario": "S4_affordability",
  "scenario_file": "config_qubo_S4.yaml",
  "seed": 1008,
  "ordering": "v = [x_1..x_N, y_1..y_M, z_1..z_K, t_0..t_{L-1}]",
  "N": 30,
  "M": 4,
  "K": 5,
  "L_reg_slack": 2,
  "n_total": 41,
  "x_range": [
    0,
    29
  ],
  "y_range": [
    30,
    33
  ],
  "z_range": [
    34,
    38
  ],
  "t_range": [
    39,
    40
  ],
  "C_scale": 37623.61895710616,
  "scale_factor": 10.0,
  "onehot_multiplier": 0.5,
  "reg_multiplier": 1.0,
  "A_base": 376236.18957106164,
  "A_onehot": 188118.09478553082,
  "B_reg": 376236.18957106164,
  "lambda_risk": 0.0,
  "R_size": 5,
  "Rmin": 3,
  "R_indices_zero_based": [
    4,
    10,
    15,
    21,
    26
  ],
  "R_feature_ids_1based": [
    5,
    11,
    16,
    22,
    27,
    34,
    46,
    47,
    59,
    65,
    71,
    80,
    83,
    91,
    96,
    106,
    108,
    117,
    123,
    132,
    140,
    146,
    149,
    156,
    166,
    172,
    176,
    184,
    187,
    200,
    201,
    213,
    217,
    224,
    233,
    237,
    246,
    252,
    256,
    262,
    270,
    274,
    281,
    287,
    295
  ],
  "premium_bands": [
    1200.0,
    1400.0,
    1500.0,
    1800.0,
    2000.0
  ],
  "deductible_bands": [
    0.0,
    150.0,
    300.0,
    600.0
  ],
  "affordability_enabled": true,
  "disallow_premium_bands": [
    4,
    5
  ],
  "disallow_penalty_multiplier": 100.0,
  "D_affordability": 37623618.957106166,
  "use_tight_regulation": false,
  "qubo_file": "qubo_Q_S4_affordability_N30.npz",
  "regulation_encoding": "surplus T>=0 with (sum_{i in R} x_i) - (sum_l 2^l t_l) = Rmin",
  "diagnostics": {
    "cfg_hash_sha256": "433fc5fb83b59e21d8593e122fecd9a688708b86542f60b0ae5daf484f1499a3",
    "C_scale": 37623.61895710616,
    "scale_factor": 10.0,
    "A_base": 376236.18957106164,
    "A_onehot": 188118.09478553082,
    "B_reg": 376236.18957106164,
    "onehot_multiplier": 0.5,
    "reg_multiplier": 1.0,
    "objective_magnitude_bound": 39623.61895710616,
    "A_over_obj_bound": 4.747625273430342,
    "B_over_obj_bound": 9.495250546860683,
    "premium_max_abs": 2000.0,
    "sigma_abs_sum": 384773525.64378846,
    "R_size": 5,
    "Rmin": 3,
    "affordability_enabled": true,
    "disallow_penalty_multiplier": 100.0,
    "D_is_scaled_to_A_base_not_A": true,
    "Q_condition_number": 235431.38045179256,
    "Q_eigenvalue_min": -2256844.8921922804,
    "Q_eigenvalue_max": 37627390.10731529,
    "Q_eigenvalue_range": [
      -2256844.8921922804,
      37627390.10731529
    ],
    "Q_eigenvalue_percentiles": {
      "p0": -2256844.8921922804,
      "p25": 159.82317240424095,
      "p50": 880.403112772107,
      "p75": 2737.353221525249,
      "p100": 37627390.10731529
    },
    "Q_eigenvalue_count_negative": 10,
    "Q_eigenvalue_count_positive": 31,
    "Q_eigenvalue_count_near_zero": 0,
    "note": "Condition number measures numerical stability; bounded growth with N suggests stable QUBO structure.",
    "D_affordability": 37623618.957106166,
    "D_over_premium_max_abs": 18811.80947855308,
    "D_over_obj_bound": 949.5250546860684
  }
}