{
  "scenario": "S3_tight_regulation",
  "scenario_file": "config_qubo_S3.yaml",
  "seed": 1008,
  "ordering": "v = [x_1..x_N, y_1..y_M, z_1..z_K, t_0..t_{L-1}]",
  "N": 40,
  "M": 4,
  "K": 5,
  "L_reg_slack": 3,
  "n_total": 52,
  "x_range": [
    0,
    39
  ],
  "y_range": [
    40,
    43
  ],
  "z_range": [
    44,
    48
  ],
  "t_range": [
    49,
    51
  ],
  "C_scale": 46660.3440901254,
  "scale_factor": 10.0,
  "onehot_multiplier": 0.5,
  "reg_multiplier": 1.0,
  "A_base": 466603.440901254,
  "A_onehot": 233301.720450627,
  "B_reg": 466603.440901254,
  "lambda_risk": 0.0,
  "R_size": 6,
  "Rmin": 6,
  "R_indices_zero_based": [
    4,
    10,
    15,
    21,
    26,
    33
  ],
  "R_feature_ids_1based": [
    5,
    11,
    16,
    22,
    27,
    34,
    46,
    47,
    59,
    65,
    71,
    80,
    83,
    91,
    96,
    106,
    108,
    117,
    123,
    132,
    140,
    146,
    149,
    156,
    166,
    172,
    176,
    184,
    187,
    200,
    201,
    213,
    217,
    224,
    233,
    237,
    246,
    252,
    256,
    262,
    270,
    274,
    281,
    287,
    295
  ],
  "premium_bands": [
    1200.0,
    1400.0,
    1500.0,
    1800.0,
    2000.0
  ],
  "deductible_bands": [
    0.0,
    150.0,
    300.0,
    600.0
  ],
  "affordability_enabled": false,
  "disallow_premium_bands": [],
  "disallow_penalty_multiplier": 100.0,
  "D_affordability": null,
  "use_tight_regulation": true,
  "qubo_file": "qubo_Q_S3_tight_regulation_N40.npz",
  "regulation_encoding": "surplus T>=0 with (sum_{i in R} x_i) - (sum_l 2^l t_l) = Rmin",
  "diagnostics": {
    "cfg_hash_sha256": "a5ef3955a7edeb258ebcb347bd16f661bb38710028c727b3f938d463197731bf",
    "C_scale": 46660.3440901254,
    "scale_factor": 10.0,
    "A_base": 466603.440901254,
    "A_onehot": 233301.720450627,
    "B_reg": 466603.440901254,
    "onehot_multiplier": 0.5,
    "reg_multiplier": 1.0,
    "objective_magnitude_bound": 48660.3440901254,
    "A_over_obj_bound": 4.794493849417122,
    "B_over_obj_bound": 9.588987698834243,
    "premium_max_abs": 2000.0,
    "sigma_abs_sum": 482304089.2459414,
    "R_size": 6,
    "Rmin": 6,
    "affordability_enabled": false,
    "disallow_penalty_multiplier": 100.0,
    "D_is_scaled_to_A_base_not_A": true,
    "Q_condition_number": 225718.59415979235,
    "Q_eigenvalue_min": -5598877.270128476,
    "Q_eigenvalue_max": 31557273.77281347,
    "Q_eigenvalue_range": [
      -5598877.270128476,
      31557273.77281347
    ],
    "Q_eigenvalue_percentiles": {
      "p0": -5598877.270128476,
      "p25": -116546.00419686925,
      "p50": 707.3831534063147,
      "p75": 2035.0072568793748,
      "p100": 31557273.77281347
    },
    "Q_eigenvalue_count_negative": 13,
    "Q_eigenvalue_count_positive": 39,
    "Q_eigenvalue_count_near_zero": 0,
    "note": "Condition number measures numerical stability; bounded growth with N suggests stable QUBO structure."
  }
}