{
  "scenario": "S1_cost_only",
  "scenario_file": "config_qubo_S1.yaml",
  "seed": 1008,
  "ordering": "v = [x_1..x_N, y_1..y_M, z_1..z_K, t_0..t_{L-1}]",
  "N": 20,
  "M": 4,
  "K": 5,
  "L_reg_slack": 2,
  "n_total": 31,
  "x_range": [
    0,
    19
  ],
  "y_range": [
    20,
    23
  ],
  "z_range": [
    24,
    28
  ],
  "t_range": [
    29,
    30
  ],
  "C_scale": 24434.047259814633,
  "scale_factor": 10.0,
  "onehot_multiplier": 0.5,
  "reg_multiplier": 1.0,
  "A_base": 244340.47259814633,
  "A_onehot": 122170.23629907316,
  "B_reg": 244340.47259814633,
  "lambda_risk": 0.0,
  "R_size": 3,
  "Rmin": 2,
  "R_indices_zero_based": [
    4,
    10,
    15
  ],
  "R_feature_ids_1based": [
    5,
    11,
    16,
    22,
    27,
    34,
    46,
    47,
    59,
    65,
    71,
    80,
    83,
    91,
    96,
    106,
    108,
    117,
    123,
    132,
    140,
    146,
    149,
    156,
    166,
    172,
    176,
    184,
    187,
    200,
    201,
    213,
    217,
    224,
    233,
    237,
    246,
    252,
    256,
    262,
    270,
    274,
    281,
    287,
    295
  ],
  "premium_bands": [
    1200.0,
    1400.0,
    1500.0,
    1800.0,
    2000.0
  ],
  "deductible_bands": [
    0.0,
    150.0,
    300.0,
    600.0
  ],
  "affordability_enabled": false,
  "disallow_premium_bands": [],
  "disallow_penalty_multiplier": 100.0,
  "D_affordability": null,
  "use_tight_regulation": false,
  "qubo_file": "qubo_Q_S1_cost_only_N20.npz",
  "regulation_encoding": "surplus T>=0 with (sum_{i in R} x_i) - (sum_l 2^l t_l) = Rmin",
  "diagnostics": {
    "cfg_hash_sha256": "caa1b8e642a3a050b8a49bbfc60a246adedfad9e15fde5684ec6a2df321bd79b",
    "C_scale": 24434.047259814633,
    "scale_factor": 10.0,
    "A_base": 244340.47259814633,
    "A_onehot": 122170.23629907316,
    "B_reg": 244340.47259814633,
    "onehot_multiplier": 0.5,
    "reg_multiplier": 1.0,
    "objective_magnitude_bound": 26434.047259814633,
    "A_over_obj_bound": 4.621700002965413,
    "B_over_obj_bound": 9.243400005930827,
    "premium_max_abs": 2000.0,
    "sigma_abs_sum": 212324182.90348572,
    "R_size": 3,
    "Rmin": 2,
    "affordability_enabled": false,
    "disallow_penalty_multiplier": 100.0,
    "D_is_scaled_to_A_base_not_A": true,
    "Q_condition_number": 9827.452804165596,
    "Q_eigenvalue_min": -976434.5061760903,
    "Q_eigenvalue_max": 3305018.812034183,
    "Q_eigenvalue_range": [
      -976434.5061760903,
      3305018.812034183
    ],
    "Q_eigenvalue_percentiles": {
      "p0": -976434.5061760903,
      "p25": -244340.47259814636,
      "p50": 805.5070065018635,
      "p75": 1649.6955707807783,
      "p100": 3305018.812034183
    },
    "Q_eigenvalue_count_negative": 10,
    "Q_eigenvalue_count_positive": 21,
    "Q_eigenvalue_count_near_zero": 0,
    "note": "Condition number measures numerical stability; bounded growth with N suggests stable QUBO structure."
  }
}