{
  "scenario": "S4_affordability",
  "scenario_file": "config_qubo_S4.yaml",
  "seed": 1008,
  "ordering": "v = [x_1..x_N, y_1..y_M, z_1..z_K, t_0..t_{L-1}]",
  "N": 50,
  "M": 4,
  "K": 5,
  "L_reg_slack": 3,
  "n_total": 62,
  "x_range": [
    0,
    49
  ],
  "y_range": [
    50,
    53
  ],
  "z_range": [
    54,
    58
  ],
  "t_range": [
    59,
    61
  ],
  "C_scale": 57972.884682891316,
  "scale_factor": 10.0,
  "onehot_multiplier": 0.5,
  "reg_multiplier": 1.0,
  "A_base": 579728.8468289132,
  "A_onehot": 289864.4234144566,
  "B_reg": 579728.8468289132,
  "lambda_risk": 0.0,
  "R_size": 8,
  "Rmin": 5,
  "R_indices_zero_based": [
    4,
    10,
    15,
    21,
    26,
    33,
    45,
    46
  ],
  "R_feature_ids_1based": [
    5,
    11,
    16,
    22,
    27,
    34,
    46,
    47,
    59,
    65,
    71,
    80,
    83,
    91,
    96,
    106,
    108,
    117,
    123,
    132,
    140,
    146,
    149,
    156,
    166,
    172,
    176,
    184,
    187,
    200,
    201,
    213,
    217,
    224,
    233,
    237,
    246,
    252,
    256,
    262,
    270,
    274,
    281,
    287,
    295
  ],
  "premium_bands": [
    1200.0,
    1400.0,
    1500.0,
    1800.0,
    2000.0
  ],
  "deductible_bands": [
    0.0,
    150.0,
    300.0,
    600.0
  ],
  "affordability_enabled": true,
  "disallow_premium_bands": [
    4,
    5
  ],
  "disallow_penalty_multiplier": 100.0,
  "D_affordability": 57972884.68289132,
  "use_tight_regulation": false,
  "qubo_file": "qubo_Q_S4_affordability_N50.npz",
  "regulation_encoding": "surplus T>=0 with (sum_{i in R} x_i) - (sum_l 2^l t_l) = Rmin",
  "diagnostics": {
    "cfg_hash_sha256": "3fef1c861d29e86b216cd23f1860e47aca6868f4ccc252e47712e211f3d2aaeb",
    "C_scale": 57972.884682891316,
    "scale_factor": 10.0,
    "A_base": 579728.8468289132,
    "A_onehot": 289864.4234144566,
    "B_reg": 579728.8468289132,
    "onehot_multiplier": 0.5,
    "reg_multiplier": 1.0,
    "objective_magnitude_bound": 59972.884682891316,
    "A_over_obj_bound": 4.833257978953734,
    "B_over_obj_bound": 9.666515957907468,
    "premium_max_abs": 2000.0,
    "sigma_abs_sum": 626766259.9704285,
    "R_size": 8,
    "Rmin": 5,
    "affordability_enabled": true,
    "disallow_penalty_multiplier": 100.0,
    "D_is_scaled_to_A_base_not_A": true,
    "Q_condition_number": 414709.5113271199,
    "Q_eigenvalue_min": -5796952.693676429,
    "Q_eigenvalue_max": 57979723.087756924,
    "Q_eigenvalue_range": [
      -5796952.693676429,
      57979723.087756924
    ],
    "Q_eigenvalue_percentiles": {
      "p0": -5796952.693676429,
      "p25": 225.9601219991388,
      "p50": 731.6625741248686,
      "p75": 2180.9678242465297,
      "p100": 57979723.087756924
    },
    "Q_eigenvalue_count_negative": 13,
    "Q_eigenvalue_count_positive": 49,
    "Q_eigenvalue_count_near_zero": 0,
    "note": "Condition number measures numerical stability; bounded growth with N suggests stable QUBO structure.",
    "D_affordability": 57972884.68289132,
    "D_over_premium_max_abs": 28986.442341445658,
    "D_over_obj_bound": 966.6515957907467
  }
}