{
  "scenario": "S4_affordability",
  "scenario_file": "config_qubo_S4.yaml",
  "seed": 2007,
  "ordering": "v = [x_1..x_N, y_1..y_M, z_1..z_K, t_0..t_{L-1}]",
  "N": 200,
  "M": 4,
  "K": 5,
  "L_reg_slack": 5,
  "n_total": 214,
  "x_range": [
    0,
    199
  ],
  "y_range": [
    200,
    203
  ],
  "z_range": [
    204,
    208
  ],
  "t_range": [
    209,
    213
  ],
  "C_scale": 260142.44922012102,
  "scale_factor": 10.0,
  "onehot_multiplier": 0.5,
  "reg_multiplier": 1.0,
  "A_base": 2601424.49220121,
  "A_onehot": 1300712.246100605,
  "B_reg": 2601424.49220121,
  "lambda_risk": 0.0,
  "R_size": 30,
  "Rmin": 18,
  "R_indices_zero_based": [
    3,
    6,
    19,
    24,
    29,
    37,
    41,
    47,
    57,
    60,
    71,
    79,
    83,
    90,
    99,
    103,
    111,
    119,
    122,
    129,
    134,
    142,
    149,
    158,
    164,
    170,
    174,
    182,
    189,
    195
  ],
  "R_feature_ids_1based": [
    4,
    7,
    20,
    25,
    30,
    38,
    42,
    48,
    58,
    61,
    72,
    80,
    84,
    91,
    100,
    104,
    112,
    120,
    123,
    130,
    135,
    143,
    150,
    159,
    165,
    171,
    175,
    183,
    190,
    196,
    201,
    211,
    219,
    224,
    232,
    238,
    241,
    248,
    258,
    264,
    273,
    275,
    282,
    292,
    298
  ],
  "premium_bands": [
    1200.0,
    1400.0,
    1500.0,
    1800.0,
    2000.0
  ],
  "deductible_bands": [
    0.0,
    150.0,
    300.0,
    600.0
  ],
  "affordability_enabled": true,
  "disallow_premium_bands": [
    4,
    5
  ],
  "disallow_penalty_multiplier": 100.0,
  "D_affordability": 260142449.220121,
  "use_tight_regulation": false,
  "qubo_file": "qubo_Q_S4_affordability_N200.npz",
  "regulation_encoding": "surplus T>=0 with (sum_{i in R} x_i) - (sum_l 2^l t_l) = Rmin",
  "diagnostics": {
    "cfg_hash_sha256": "97338b8867f8d99a55a9076edce00511d2c0fae75612f5a8d3b2ca1d555d6d32",
    "C_scale": 260142.44922012102,
    "scale_factor": 10.0,
    "A_base": 2601424.49220121,
    "A_onehot": 1300712.246100605,
    "B_reg": 2601424.49220121,
    "onehot_multiplier": 0.5,
    "reg_multiplier": 1.0,
    "objective_magnitude_bound": 262142.44922012102,
    "A_over_obj_bound": 4.961852801674241,
    "B_over_obj_bound": 9.923705603348482,
    "premium_max_abs": 2000.0,
    "sigma_abs_sum": 10952697302.015816,
    "R_size": 30,
    "Rmin": 18,
    "affordability_enabled": true,
    "disallow_penalty_multiplier": 100.0,
    "D_is_scaled_to_A_base_not_A": true,
    "Q_condition_number": 18342266.95410007,
    "Q_eigenvalue_min": -93651126.38281892,
    "Q_eigenvalue_max": 2298679267.644577,
    "Q_eigenvalue_range": [
      -93651126.38281892,
      2298679267.644577
    ],
    "Q_eigenvalue_percentiles": {
      "p0": -93651126.38281892,
      "p25": 285.49371201998946,
      "p50": 858.2269656330659,
      "p75": 2030.5390803661846,
      "p100": 2298679267.644577
    },
    "Q_eigenvalue_count_negative": 35,
    "Q_eigenvalue_count_positive": 179,
    "Q_eigenvalue_count_near_zero": 0,
    "note": "Condition number measures numerical stability; bounded growth with N suggests stable QUBO structure.",
    "D_affordability": 260142449.220121,
    "D_over_premium_max_abs": 130071.2246100605,
    "D_over_obj_bound": 992.3705603348483
  }
}