{
  "scenario": "S1_cost_only",
  "scenario_file": "config_qubo_S1.yaml",
  "seed": 2007,
  "ordering": "v = [x_1..x_N, y_1..y_M, z_1..z_K, t_0..t_{L-1}]",
  "N": 60,
  "M": 4,
  "K": 5,
  "L_reg_slack": 3,
  "n_total": 72,
  "x_range": [
    0,
    59
  ],
  "y_range": [
    60,
    63
  ],
  "z_range": [
    64,
    68
  ],
  "t_range": [
    69,
    71
  ],
  "C_scale": 81982.90791981612,
  "scale_factor": 10.0,
  "onehot_multiplier": 0.5,
  "reg_multiplier": 1.0,
  "A_base": 819829.0791981611,
  "A_onehot": 409914.53959908057,
  "B_reg": 819829.0791981611,
  "lambda_risk": 0.0,
  "R_size": 9,
  "Rmin": 6,
  "R_indices_zero_based": [
    3,
    6,
    19,
    24,
    29,
    37,
    41,
    47,
    57
  ],
  "R_feature_ids_1based": [
    4,
    7,
    20,
    25,
    30,
    38,
    42,
    48,
    58,
    61,
    72,
    80,
    84,
    91,
    100,
    104,
    112,
    120,
    123,
    130,
    135,
    143,
    150,
    159,
    165,
    171,
    175,
    183,
    190,
    196,
    201,
    211,
    219,
    224,
    232,
    238,
    241,
    248,
    258,
    264,
    273,
    275,
    282,
    292,
    298
  ],
  "premium_bands": [
    1200.0,
    1400.0,
    1500.0,
    1800.0,
    2000.0
  ],
  "deductible_bands": [
    0.0,
    150.0,
    300.0,
    600.0
  ],
  "affordability_enabled": false,
  "disallow_premium_bands": [],
  "disallow_penalty_multiplier": 100.0,
  "D_affordability": null,
  "use_tight_regulation": false,
  "qubo_file": "qubo_Q_S1_cost_only_N60.npz",
  "regulation_encoding": "surplus T>=0 with (sum_{i in R} x_i) - (sum_l 2^l t_l) = Rmin",
  "diagnostics": {
    "cfg_hash_sha256": "7ec7c060974ee2373eacf3f0f8a8d0334fd58d2cd5b7f7cbf7ceccedeb1cd4b3",
    "C_scale": 81982.90791981612,
    "scale_factor": 10.0,
    "A_base": 819829.0791981611,
    "A_onehot": 409914.53959908057,
    "B_reg": 819829.0791981611,
    "onehot_multiplier": 0.5,
    "reg_multiplier": 1.0,
    "objective_magnitude_bound": 83982.90791981612,
    "A_over_obj_bound": 4.880928152552807,
    "B_over_obj_bound": 9.761856305105614,
    "premium_max_abs": 2000.0,
    "sigma_abs_sum": 1870126820.1159499,
    "R_size": 9,
    "Rmin": 6,
    "affordability_enabled": false,
    "disallow_penalty_multiplier": 100.0,
    "D_is_scaled_to_A_base_not_A": true,
    "Q_condition_number": 399121.54138860473,
    "Q_eigenvalue_min": -9837674.91713851,
    "Q_eigenvalue_max": 56155884.23383878,
    "Q_eigenvalue_range": [
      -9837674.91713851,
      56155884.23383878
    ],
    "Q_eigenvalue_percentiles": {
      "p0": -9837674.91713851,
      "p25": 177.00723947933764,
      "p50": 1006.0287597103688,
      "p75": 2244.602380950024,
      "p100": 56155884.23383878
    },
    "Q_eigenvalue_count_negative": 16,
    "Q_eigenvalue_count_positive": 56,
    "Q_eigenvalue_count_near_zero": 0,
    "note": "Condition number measures numerical stability; bounded growth with N suggests stable QUBO structure."
  }
}