{
  "scenario": "S2_risk_adjusted",
  "scenario_file": "config_qubo_S2.yaml",
  "seed": 2007,
  "ordering": "v = [x_1..x_N, y_1..y_M, z_1..z_K, t_0..t_{L-1}]",
  "N": 200,
  "M": 4,
  "K": 5,
  "L_reg_slack": 5,
  "n_total": 214,
  "x_range": [
    0,
    199
  ],
  "y_range": [
    200,
    203
  ],
  "z_range": [
    204,
    208
  ],
  "t_range": [
    209,
    213
  ],
  "C_scale": 260142.44922012102,
  "scale_factor": 10.0,
  "onehot_multiplier": 0.5,
  "reg_multiplier": 1.0,
  "A_base": 2601424.49220121,
  "A_onehot": 1300712.246100605,
  "B_reg": 2601424.49220121,
  "lambda_risk": 0.1,
  "R_size": 30,
  "Rmin": 18,
  "R_indices_zero_based": [
    3,
    6,
    19,
    24,
    29,
    37,
    41,
    47,
    57,
    60,
    71,
    79,
    83,
    90,
    99,
    103,
    111,
    119,
    122,
    129,
    134,
    142,
    149,
    158,
    164,
    170,
    174,
    182,
    189,
    195
  ],
  "R_feature_ids_1based": [
    4,
    7,
    20,
    25,
    30,
    38,
    42,
    48,
    58,
    61,
    72,
    80,
    84,
    91,
    100,
    104,
    112,
    120,
    123,
    130,
    135,
    143,
    150,
    159,
    165,
    171,
    175,
    183,
    190,
    196,
    201,
    211,
    219,
    224,
    232,
    238,
    241,
    248,
    258,
    264,
    273,
    275,
    282,
    292,
    298
  ],
  "premium_bands": [
    1200.0,
    1400.0,
    1500.0,
    1800.0,
    2000.0
  ],
  "deductible_bands": [
    0.0,
    150.0,
    300.0,
    600.0
  ],
  "affordability_enabled": false,
  "disallow_premium_bands": [],
  "disallow_penalty_multiplier": 100.0,
  "D_affordability": null,
  "use_tight_regulation": false,
  "qubo_file": "qubo_Q_S2_risk_adjusted_N200.npz",
  "regulation_encoding": "surplus T>=0 with (sum_{i in R} x_i) - (sum_l 2^l t_l) = Rmin",
  "diagnostics": {
    "cfg_hash_sha256": "e77fcc8bc09203736090eafd7cccd11cc01465355f851a2580bc15116f07a626",
    "C_scale": 260142.44922012102,
    "scale_factor": 10.0,
    "A_base": 2601424.49220121,
    "A_onehot": 1300712.246100605,
    "B_reg": 2601424.49220121,
    "onehot_multiplier": 0.5,
    "reg_multiplier": 1.0,
    "objective_magnitude_bound": 1095531872.650802,
    "A_over_obj_bound": 0.0011872883651968416,
    "B_over_obj_bound": 0.0023745767303936832,
    "premium_max_abs": 2000.0,
    "sigma_abs_sum": 10952697302.015818,
    "R_size": 30,
    "Rmin": 18,
    "affordability_enabled": false,
    "disallow_penalty_multiplier": 100.0,
    "D_is_scaled_to_A_base_not_A": true,
    "Q_condition_number": 3078351.1691536396,
    "Q_eigenvalue_min": -94516720.81213948,
    "Q_eigenvalue_max": 2298693193.8680906,
    "Q_eigenvalue_range": [
      -94516720.81213948,
      2298693193.8680906
    ],
    "Q_eigenvalue_percentiles": {
      "p0": -94516720.81213948,
      "p25": -170688.68271602425,
      "p50": 276634.5304219499,
      "p75": 898338.2834139667,
      "p100": 2298693193.8680906
    },
    "Q_eigenvalue_count_negative": 60,
    "Q_eigenvalue_count_positive": 154,
    "Q_eigenvalue_count_near_zero": 0,
    "note": "Condition number measures numerical stability; bounded growth with N suggests stable QUBO structure."
  }
}