{
  "scenario": "S2_risk_adjusted",
  "scenario_file": "config_qubo_S2.yaml",
  "seed": 2007,
  "ordering": "v = [x_1..x_N, y_1..y_M, z_1..z_K, t_0..t_{L-1}]",
  "N": 150,
  "M": 4,
  "K": 5,
  "L_reg_slack": 4,
  "n_total": 163,
  "x_range": [
    0,
    149
  ],
  "y_range": [
    150,
    153
  ],
  "z_range": [
    154,
    158
  ],
  "t_range": [
    159,
    162
  ],
  "C_scale": 198871.8733303539,
  "scale_factor": 10.0,
  "onehot_multiplier": 0.5,
  "reg_multiplier": 1.0,
  "A_base": 1988718.733303539,
  "A_onehot": 994359.3666517695,
  "B_reg": 1988718.733303539,
  "lambda_risk": 0.1,
  "R_size": 23,
  "Rmin": 14,
  "R_indices_zero_based": [
    3,
    6,
    19,
    24,
    29,
    37,
    41,
    47,
    57,
    60,
    71,
    79,
    83,
    90,
    99,
    103,
    111,
    119,
    122,
    129,
    134,
    142,
    149
  ],
  "R_feature_ids_1based": [
    4,
    7,
    20,
    25,
    30,
    38,
    42,
    48,
    58,
    61,
    72,
    80,
    84,
    91,
    100,
    104,
    112,
    120,
    123,
    130,
    135,
    143,
    150,
    159,
    165,
    171,
    175,
    183,
    190,
    196,
    201,
    211,
    219,
    224,
    232,
    238,
    241,
    248,
    258,
    264,
    273,
    275,
    282,
    292,
    298
  ],
  "premium_bands": [
    1200.0,
    1400.0,
    1500.0,
    1800.0,
    2000.0
  ],
  "deductible_bands": [
    0.0,
    150.0,
    300.0,
    600.0
  ],
  "affordability_enabled": false,
  "disallow_premium_bands": [],
  "disallow_penalty_multiplier": 100.0,
  "D_affordability": null,
  "use_tight_regulation": false,
  "qubo_file": "qubo_Q_S2_risk_adjusted_N150.npz",
  "regulation_encoding": "surplus T>=0 with (sum_{i in R} x_i) - (sum_l 2^l t_l) = Rmin",
  "diagnostics": {
    "cfg_hash_sha256": "e1a6a3a46908affe5ab5c5a48ce49676b56c3dd1a256e7c342c14dd781d0f172",
    "C_scale": 198871.8733303539,
    "scale_factor": 10.0,
    "A_base": 1988718.733303539,
    "A_onehot": 994359.3666517695,
    "B_reg": 1988718.733303539,
    "onehot_multiplier": 0.5,
    "reg_multiplier": 1.0,
    "objective_magnitude_bound": 691837678.69976,
    "A_over_obj_bound": 0.0014372726396176757,
    "B_over_obj_bound": 0.0028745452792353515,
    "premium_max_abs": 2000.0,
    "sigma_abs_sum": 6916368068.264296,
    "R_size": 23,
    "Rmin": 14,
    "affordability_enabled": false,
    "disallow_penalty_multiplier": 100.0,
    "D_is_scaled_to_A_base_not_A": true,
    "Q_condition_number": 1144435.065760212,
    "Q_eigenvalue_min": -55684943.85745612,
    "Q_eigenvalue_max": 599611497.9708502,
    "Q_eigenvalue_range": [
      -55684943.85745612,
      599611497.9708502
    ],
    "Q_eigenvalue_percentiles": {
      "p0": -55684943.85745612,
      "p25": -352673.5424042691,
      "p50": 290127.66813289496,
      "p75": 903539.7210408587,
      "p100": 599611497.9708502
    },
    "Q_eigenvalue_count_negative": 47,
    "Q_eigenvalue_count_positive": 116,
    "Q_eigenvalue_count_near_zero": 0,
    "note": "Condition number measures numerical stability; bounded growth with N suggests stable QUBO structure."
  }
}