{
  "scenario": "S4_affordability",
  "scenario_file": "config_qubo_S4.yaml",
  "seed": 2007,
  "ordering": "v = [x_1..x_N, y_1..y_M, z_1..z_K, t_0..t_{L-1}]",
  "N": 100,
  "M": 4,
  "K": 5,
  "L_reg_slack": 4,
  "n_total": 113,
  "x_range": [
    0,
    99
  ],
  "y_range": [
    100,
    103
  ],
  "z_range": [
    104,
    108
  ],
  "t_range": [
    109,
    112
  ],
  "C_scale": 127560.77949475084,
  "scale_factor": 10.0,
  "onehot_multiplier": 0.5,
  "reg_multiplier": 1.0,
  "A_base": 1275607.7949475083,
  "A_onehot": 637803.8974737541,
  "B_reg": 1275607.7949475083,
  "lambda_risk": 0.0,
  "R_size": 15,
  "Rmin": 9,
  "R_indices_zero_based": [
    3,
    6,
    19,
    24,
    29,
    37,
    41,
    47,
    57,
    60,
    71,
    79,
    83,
    90,
    99
  ],
  "R_feature_ids_1based": [
    4,
    7,
    20,
    25,
    30,
    38,
    42,
    48,
    58,
    61,
    72,
    80,
    84,
    91,
    100,
    104,
    112,
    120,
    123,
    130,
    135,
    143,
    150,
    159,
    165,
    171,
    175,
    183,
    190,
    196,
    201,
    211,
    219,
    224,
    232,
    238,
    241,
    248,
    258,
    264,
    273,
    275,
    282,
    292,
    298
  ],
  "premium_bands": [
    1200.0,
    1400.0,
    1500.0,
    1800.0,
    2000.0
  ],
  "deductible_bands": [
    0.0,
    150.0,
    300.0,
    600.0
  ],
  "affordability_enabled": true,
  "disallow_premium_bands": [
    4,
    5
  ],
  "disallow_penalty_multiplier": 100.0,
  "D_affordability": 127560779.49475083,
  "use_tight_regulation": false,
  "qubo_file": "qubo_Q_S4_affordability_N100.npz",
  "regulation_encoding": "surplus T>=0 with (sum_{i in R} x_i) - (sum_l 2^l t_l) = Rmin",
  "diagnostics": {
    "cfg_hash_sha256": "0f2d4d1e7dd4c85a3785aabb709bd30afcb04631ce8b67d3b6c358f6836e87e7",
    "C_scale": 127560.77949475084,
    "scale_factor": 10.0,
    "A_base": 1275607.7949475083,
    "A_onehot": 637803.8974737541,
    "B_reg": 1275607.7949475083,
    "onehot_multiplier": 0.5,
    "reg_multiplier": 1.0,
    "objective_magnitude_bound": 129560.77949475084,
    "A_over_obj_bound": 4.922816148227904,
    "B_over_obj_bound": 9.845632296455808,
    "premium_max_abs": 2000.0,
    "sigma_abs_sum": 3782546536.5287886,
    "R_size": 15,
    "Rmin": 9,
    "affordability_enabled": true,
    "disallow_penalty_multiplier": 100.0,
    "D_is_scaled_to_A_base_not_A": true,
    "Q_condition_number": 2025459.1096275174,
    "Q_eigenvalue_min": -22960678.859049693,
    "Q_eigenvalue_max": 284979474.8851999,
    "Q_eigenvalue_range": [
      -22960678.859049693,
      284979474.8851999
    ],
    "Q_eigenvalue_percentiles": {
      "p0": -22960678.859049693,
      "p25": 283.4224245505802,
      "p50": 929.197798700242,
      "p75": 2222.8484402808517,
      "p100": 284979474.8851999
    },
    "Q_eigenvalue_count_negative": 20,
    "Q_eigenvalue_count_positive": 93,
    "Q_eigenvalue_count_near_zero": 0,
    "note": "Condition number measures numerical stability; bounded growth with N suggests stable QUBO structure.",
    "D_affordability": 127560779.49475083,
    "D_over_premium_max_abs": 63780.38974737541,
    "D_over_obj_bound": 984.5632296455808
  }
}