{
  "scenario": "S2_risk_adjusted",
  "scenario_file": "config_qubo_S2.yaml",
  "seed": 2007,
  "ordering": "v = [x_1..x_N, y_1..y_M, z_1..z_K, t_0..t_{L-1}]",
  "N": 300,
  "M": 4,
  "K": 5,
  "L_reg_slack": 5,
  "n_total": 314,
  "x_range": [
    0,
    299
  ],
  "y_range": [
    300,
    303
  ],
  "z_range": [
    304,
    308
  ],
  "t_range": [
    309,
    313
  ],
  "C_scale": 393012.31618169625,
  "scale_factor": 10.0,
  "onehot_multiplier": 0.5,
  "reg_multiplier": 1.0,
  "A_base": 3930123.1618169625,
  "A_onehot": 1965061.5809084813,
  "B_reg": 3930123.1618169625,
  "lambda_risk": 0.1,
  "R_size": 45,
  "Rmin": 27,
  "R_indices_zero_based": [
    3,
    6,
    19,
    24,
    29,
    37,
    41,
    47,
    57,
    60,
    71,
    79,
    83,
    90,
    99,
    103,
    111,
    119,
    122,
    129,
    134,
    142,
    149,
    158,
    164,
    170,
    174,
    182,
    189,
    195,
    200,
    210,
    218,
    223,
    231,
    237,
    240,
    247,
    257,
    263,
    272,
    274,
    281,
    291,
    297
  ],
  "R_feature_ids_1based": [
    4,
    7,
    20,
    25,
    30,
    38,
    42,
    48,
    58,
    61,
    72,
    80,
    84,
    91,
    100,
    104,
    112,
    120,
    123,
    130,
    135,
    143,
    150,
    159,
    165,
    171,
    175,
    183,
    190,
    196,
    201,
    211,
    219,
    224,
    232,
    238,
    241,
    248,
    258,
    264,
    273,
    275,
    282,
    292,
    298
  ],
  "premium_bands": [
    1200.0,
    1400.0,
    1500.0,
    1800.0,
    2000.0
  ],
  "deductible_bands": [
    0.0,
    150.0,
    300.0,
    600.0
  ],
  "affordability_enabled": false,
  "disallow_premium_bands": [],
  "disallow_penalty_multiplier": 100.0,
  "D_affordability": null,
  "use_tight_regulation": false,
  "qubo_file": "qubo_Q_S2_risk_adjusted_N300.npz",
  "regulation_encoding": "surplus T>=0 with (sum_{i in R} x_i) - (sum_l 2^l t_l) = Rmin",
  "diagnostics": {
    "cfg_hash_sha256": "03dc3303c7023ab2def97bb5e75b528afb1f0d7aec7734b996d5bfb4fa0ed8a0",
    "C_scale": 393012.31618169625,
    "scale_factor": 10.0,
    "A_base": 3930123.1618169625,
    "A_onehot": 1965061.5809084813,
    "B_reg": 3930123.1618169625,
    "onehot_multiplier": 0.5,
    "reg_multiplier": 1.0,
    "objective_magnitude_bound": 3355370169.045383,
    "A_over_obj_bound": 0.0005856467340137168,
    "B_over_obj_bound": 0.0011712934680274335,
    "premium_max_abs": 2000.0,
    "sigma_abs_sum": 33549751567.29201,
    "R_size": 45,
    "Rmin": 27,
    "affordability_enabled": false,
    "disallow_penalty_multiplier": 100.0,
    "D_is_scaled_to_A_base_not_A": true,
    "Q_condition_number": 12033528.713947892,
    "Q_eigenvalue_min": -214644016.1142061,
    "Q_eigenvalue_max": 4573740292.225372,
    "Q_eigenvalue_range": [
      -214644016.1142061,
      4573740292.225372
    ],
    "Q_eigenvalue_percentiles": {
      "p0": -214644016.1142061,
      "p25": -232385.33107069135,
      "p50": 246414.13712207152,
      "p75": 849641.3052857362,
      "p100": 4573740292.225372
    },
    "Q_eigenvalue_count_negative": 89,
    "Q_eigenvalue_count_positive": 225,
    "Q_eigenvalue_count_near_zero": 0,
    "note": "Condition number measures numerical stability; bounded growth with N suggests stable QUBO structure."
  }
}