{
  "scenario": "S1_cost_only",
  "scenario_file": "config_qubo_S1.yaml",
  "seed": 2007,
  "ordering": "v = [x_1..x_N, y_1..y_M, z_1..z_K, t_0..t_{L-1}]",
  "N": 100,
  "M": 4,
  "K": 5,
  "L_reg_slack": 4,
  "n_total": 113,
  "x_range": [
    0,
    99
  ],
  "y_range": [
    100,
    103
  ],
  "z_range": [
    104,
    108
  ],
  "t_range": [
    109,
    112
  ],
  "C_scale": 127560.77949475084,
  "scale_factor": 10.0,
  "onehot_multiplier": 0.5,
  "reg_multiplier": 1.0,
  "A_base": 1275607.7949475083,
  "A_onehot": 637803.8974737541,
  "B_reg": 1275607.7949475083,
  "lambda_risk": 0.0,
  "R_size": 15,
  "Rmin": 9,
  "R_indices_zero_based": [
    3,
    6,
    19,
    24,
    29,
    37,
    41,
    47,
    57,
    60,
    71,
    79,
    83,
    90,
    99
  ],
  "R_feature_ids_1based": [
    4,
    7,
    20,
    25,
    30,
    38,
    42,
    48,
    58,
    61,
    72,
    80,
    84,
    91,
    100,
    104,
    112,
    120,
    123,
    130,
    135,
    143,
    150,
    159,
    165,
    171,
    175,
    183,
    190,
    196,
    201,
    211,
    219,
    224,
    232,
    238,
    241,
    248,
    258,
    264,
    273,
    275,
    282,
    292,
    298
  ],
  "premium_bands": [
    1200.0,
    1400.0,
    1500.0,
    1800.0,
    2000.0
  ],
  "deductible_bands": [
    0.0,
    150.0,
    300.0,
    600.0
  ],
  "affordability_enabled": false,
  "disallow_premium_bands": [],
  "disallow_penalty_multiplier": 100.0,
  "D_affordability": null,
  "use_tight_regulation": false,
  "qubo_file": "qubo_Q_S1_cost_only_N100.npz",
  "regulation_encoding": "surplus T>=0 with (sum_{i in R} x_i) - (sum_l 2^l t_l) = Rmin",
  "diagnostics": {
    "cfg_hash_sha256": "52dd689d677c9e315c1f1568e20e5e6d5846f64d6da2f8efd2a4b93274b7ed70",
    "C_scale": 127560.77949475084,
    "scale_factor": 10.0,
    "A_base": 1275607.7949475083,
    "A_onehot": 637803.8974737541,
    "B_reg": 1275607.7949475083,
    "onehot_multiplier": 0.5,
    "reg_multiplier": 1.0,
    "objective_magnitude_bound": 129560.77949475084,
    "A_over_obj_bound": 4.922816148227904,
    "B_over_obj_bound": 9.845632296455808,
    "premium_max_abs": 2000.0,
    "sigma_abs_sum": 3782546536.528789,
    "R_size": 15,
    "Rmin": 9,
    "affordability_enabled": false,
    "disallow_penalty_multiplier": 100.0,
    "D_is_scaled_to_A_base_not_A": true,
    "Q_condition_number": 2025459.1096274927,
    "Q_eigenvalue_min": -22960678.859049696,
    "Q_eigenvalue_max": 284979474.8851999,
    "Q_eigenvalue_range": [
      -22960678.859049696,
      284979474.8851999
    ],
    "Q_eigenvalue_percentiles": {
      "p0": -22960678.859049696,
      "p25": 266.38167266677095,
      "p50": 882.6595260566814,
      "p75": 2032.226438491967,
      "p100": 284979474.8851999
    },
    "Q_eigenvalue_count_negative": 22,
    "Q_eigenvalue_count_positive": 91,
    "Q_eigenvalue_count_near_zero": 0,
    "note": "Condition number measures numerical stability; bounded growth with N suggests stable QUBO structure."
  }
}