{
  "scenario": "S4_affordability",
  "scenario_file": "config_qubo_S4.yaml",
  "seed": 2007,
  "ordering": "v = [x_1..x_N, y_1..y_M, z_1..z_K, t_0..t_{L-1}]",
  "N": 300,
  "M": 4,
  "K": 5,
  "L_reg_slack": 5,
  "n_total": 314,
  "x_range": [
    0,
    299
  ],
  "y_range": [
    300,
    303
  ],
  "z_range": [
    304,
    308
  ],
  "t_range": [
    309,
    313
  ],
  "C_scale": 393012.31618169625,
  "scale_factor": 10.0,
  "onehot_multiplier": 0.5,
  "reg_multiplier": 1.0,
  "A_base": 3930123.1618169625,
  "A_onehot": 1965061.5809084813,
  "B_reg": 3930123.1618169625,
  "lambda_risk": 0.0,
  "R_size": 45,
  "Rmin": 27,
  "R_indices_zero_based": [
    3,
    6,
    19,
    24,
    29,
    37,
    41,
    47,
    57,
    60,
    71,
    79,
    83,
    90,
    99,
    103,
    111,
    119,
    122,
    129,
    134,
    142,
    149,
    158,
    164,
    170,
    174,
    182,
    189,
    195,
    200,
    210,
    218,
    223,
    231,
    237,
    240,
    247,
    257,
    263,
    272,
    274,
    281,
    291,
    297
  ],
  "R_feature_ids_1based": [
    4,
    7,
    20,
    25,
    30,
    38,
    42,
    48,
    58,
    61,
    72,
    80,
    84,
    91,
    100,
    104,
    112,
    120,
    123,
    130,
    135,
    143,
    150,
    159,
    165,
    171,
    175,
    183,
    190,
    196,
    201,
    211,
    219,
    224,
    232,
    238,
    241,
    248,
    258,
    264,
    273,
    275,
    282,
    292,
    298
  ],
  "premium_bands": [
    1200.0,
    1400.0,
    1500.0,
    1800.0,
    2000.0
  ],
  "deductible_bands": [
    0.0,
    150.0,
    300.0,
    600.0
  ],
  "affordability_enabled": true,
  "disallow_premium_bands": [
    4,
    5
  ],
  "disallow_penalty_multiplier": 100.0,
  "D_affordability": 393012316.18169624,
  "use_tight_regulation": false,
  "qubo_file": "qubo_Q_S4_affordability_N300.npz",
  "regulation_encoding": "surplus T>=0 with (sum_{i in R} x_i) - (sum_l 2^l t_l) = Rmin",
  "diagnostics": {
    "cfg_hash_sha256": "317c8fa2df118176d2bd962d9fe03a762cfb3eaa516e761d46084f0b438fd5e6",
    "C_scale": 393012.31618169625,
    "scale_factor": 10.0,
    "A_base": 3930123.1618169625,
    "A_onehot": 1965061.5809084813,
    "B_reg": 3930123.1618169625,
    "onehot_multiplier": 0.5,
    "reg_multiplier": 1.0,
    "objective_magnitude_bound": 395012.31618169625,
    "A_over_obj_bound": 4.97468433365151,
    "B_over_obj_bound": 9.94936866730302,
    "premium_max_abs": 2000.0,
    "sigma_abs_sum": 33549751567.29201,
    "R_size": 45,
    "Rmin": 27,
    "affordability_enabled": true,
    "disallow_penalty_multiplier": 100.0,
    "D_is_scaled_to_A_base_not_A": true,
    "Q_condition_number": 37639712.4809935,
    "Q_eigenvalue_min": -212226502.19858044,
    "Q_eigenvalue_max": 4573722427.506538,
    "Q_eigenvalue_range": [
      -212226502.19858044,
      4573722427.506538
    ],
    "Q_eigenvalue_percentiles": {
      "p0": -212226502.19858044,
      "p25": 285.4937119584122,
      "p50": 842.0971907619767,
      "p75": 1934.8906676606668,
      "p100": 4573722427.506538
    },
    "Q_eigenvalue_count_negative": 50,
    "Q_eigenvalue_count_positive": 264,
    "Q_eigenvalue_count_near_zero": 0,
    "note": "Condition number measures numerical stability; bounded growth with N suggests stable QUBO structure.",
    "D_affordability": 393012316.18169624,
    "D_over_premium_max_abs": 196506.15809084813,
    "D_over_obj_bound": 994.936866730302
  }
}