{
  "scenario": "S3_tight_regulation",
  "scenario_file": "config_qubo_S3.yaml",
  "seed": 2000,
  "ordering": "v = [x_1..x_N, y_1..y_M, z_1..z_K, t_0..t_{L-1}]",
  "N": 100,
  "M": 4,
  "K": 5,
  "L_reg_slack": 4,
  "n_total": 113,
  "x_range": [
    0,
    99
  ],
  "y_range": [
    100,
    103
  ],
  "z_range": [
    104,
    108
  ],
  "t_range": [
    109,
    112
  ],
  "C_scale": 128077.07555291064,
  "scale_factor": 10.0,
  "onehot_multiplier": 0.5,
  "reg_multiplier": 1.1,
  "A_base": 1280770.7555291064,
  "A_onehot": 640385.3777645532,
  "B_reg": 1408847.8310820172,
  "lambda_risk": 0.0,
  "R_size": 15,
  "Rmin": 13,
  "R_indices_zero_based": [
    1,
    11,
    19,
    20,
    30,
    38,
    45,
    49,
    56,
    63,
    67,
    75,
    83,
    87,
    98
  ],
  "R_feature_ids_1based": [
    2,
    12,
    20,
    21,
    31,
    39,
    46,
    50,
    57,
    64,
    68,
    76,
    84,
    88,
    99,
    105,
    110,
    116,
    125,
    131,
    135,
    144,
    150,
    157,
    166,
    168,
    175,
    182,
    192,
    195,
    206,
    211,
    216,
    224,
    233,
    234,
    245,
    250,
    254,
    263,
    273,
    279,
    286,
    293,
    298
  ],
  "premium_bands": [
    1200.0,
    1400.0,
    1500.0,
    1800.0,
    2000.0
  ],
  "deductible_bands": [
    0.0,
    150.0,
    300.0,
    600.0
  ],
  "affordability_enabled": false,
  "disallow_premium_bands": [],
  "disallow_penalty_multiplier": 100.0,
  "D_affordability": null,
  "use_tight_regulation": true,
  "qubo_file": "qubo_Q_S3_tight_regulation_N100.npz",
  "regulation_encoding": "surplus T>=0 with (sum_{i in R} x_i) - (sum_l 2^l t_l) = Rmin",
  "diagnostics": {
    "cfg_hash_sha256": "4823f9832120edf33c3622e428ea607ddf9f585836bda4171ab35ec4928399ba",
    "C_scale": 128077.07555291064,
    "scale_factor": 10.0,
    "A_base": 1280770.7555291064,
    "A_onehot": 640385.3777645532,
    "B_reg": 1408847.8310820172,
    "onehot_multiplier": 0.5,
    "reg_multiplier": 1.1,
    "objective_magnitude_bound": 130077.07555291064,
    "A_over_obj_bound": 4.923122502889202,
    "B_over_obj_bound": 10.830869506356244,
    "premium_max_abs": 2000.0,
    "sigma_abs_sum": 2646348365.9904823,
    "R_size": 15,
    "Rmin": 13,
    "affordability_enabled": false,
    "disallow_penalty_multiplier": 100.0,
    "D_is_scaled_to_A_base_not_A": true,
    "Q_condition_number": 3071212.544663177,
    "Q_eigenvalue_min": -36629854.76738744,
    "Q_eigenvalue_max": 400172262.7908324,
    "Q_eigenvalue_range": [
      -36629854.76738744,
      400172262.7908324
    ],
    "Q_eigenvalue_percentiles": {
      "p0": -36629854.76738744,
      "p25": 259.4969137328341,
      "p50": 808.9135674179857,
      "p75": 1951.0763800043624,
      "p100": 400172262.7908324
    },
    "Q_eigenvalue_count_negative": 22,
    "Q_eigenvalue_count_positive": 91,
    "Q_eigenvalue_count_near_zero": 0,
    "note": "Condition number measures numerical stability; bounded growth with N suggests stable QUBO structure."
  }
}