{
  "scenario": "S3_tight_regulation",
  "scenario_file": "config_qubo_S3.yaml",
  "seed": 2000,
  "ordering": "v = [x_1..x_N, y_1..y_M, z_1..z_K, t_0..t_{L-1}]",
  "N": 150,
  "M": 4,
  "K": 5,
  "L_reg_slack": 5,
  "n_total": 164,
  "x_range": [
    0,
    149
  ],
  "y_range": [
    150,
    153
  ],
  "z_range": [
    154,
    158
  ],
  "t_range": [
    159,
    163
  ],
  "C_scale": 191661.59970311454,
  "scale_factor": 10.0,
  "onehot_multiplier": 0.5,
  "reg_multiplier": 1.0,
  "A_base": 1916615.9970311453,
  "A_onehot": 958307.9985155726,
  "B_reg": 1916615.9970311453,
  "lambda_risk": 0.0,
  "R_size": 23,
  "Rmin": 20,
  "R_indices_zero_based": [
    1,
    11,
    19,
    20,
    30,
    38,
    45,
    49,
    56,
    63,
    67,
    75,
    83,
    87,
    98,
    104,
    109,
    115,
    124,
    130,
    134,
    143,
    149
  ],
  "R_feature_ids_1based": [
    2,
    12,
    20,
    21,
    31,
    39,
    46,
    50,
    57,
    64,
    68,
    76,
    84,
    88,
    99,
    105,
    110,
    116,
    125,
    131,
    135,
    144,
    150,
    157,
    166,
    168,
    175,
    182,
    192,
    195,
    206,
    211,
    216,
    224,
    233,
    234,
    245,
    250,
    254,
    263,
    273,
    279,
    286,
    293,
    298
  ],
  "premium_bands": [
    1200.0,
    1400.0,
    1500.0,
    1800.0,
    2000.0
  ],
  "deductible_bands": [
    0.0,
    150.0,
    300.0,
    600.0
  ],
  "affordability_enabled": false,
  "disallow_premium_bands": [],
  "disallow_penalty_multiplier": 100.0,
  "D_affordability": null,
  "use_tight_regulation": true,
  "qubo_file": "qubo_Q_S3_tight_regulation_N150.npz",
  "regulation_encoding": "surplus T>=0 with (sum_{i in R} x_i) - (sum_l 2^l t_l) = Rmin",
  "diagnostics": {
    "cfg_hash_sha256": "c7253c3e8e461fc7ceb7f0024c027124707077a63a555d1cb9f2f5653db4fbe4",
    "C_scale": 191661.59970311454,
    "scale_factor": 10.0,
    "A_base": 1916615.9970311453,
    "A_onehot": 958307.9985155726,
    "B_reg": 1916615.9970311453,
    "onehot_multiplier": 0.5,
    "reg_multiplier": 1.0,
    "objective_magnitude_bound": 193661.59970311454,
    "A_over_obj_bound": 4.948363537142468,
    "B_over_obj_bound": 9.896727074284936,
    "premium_max_abs": 2000.0,
    "sigma_abs_sum": 5886992160.260181,
    "R_size": 23,
    "Rmin": 20,
    "affordability_enabled": false,
    "disallow_penalty_multiplier": 100.0,
    "D_is_scaled_to_A_base_not_A": true,
    "Q_condition_number": 13857357.227104785,
    "Q_eigenvalue_min": -76664463.63838145,
    "Q_eigenvalue_max": 1805583273.6315002,
    "Q_eigenvalue_range": [
      -76664463.63838145,
      1805583273.6315002
    ],
    "Q_eigenvalue_percentiles": {
      "p0": -76664463.63838145,
      "p25": 257.4372176054592,
      "p50": 804.4867845611586,
      "p75": 1997.1973145335483,
      "p100": 1805583273.6315002
    },
    "Q_eigenvalue_count_negative": 30,
    "Q_eigenvalue_count_positive": 134,
    "Q_eigenvalue_count_near_zero": 0,
    "note": "Condition number measures numerical stability; bounded growth with N suggests stable QUBO structure."
  }
}