{
  "scenario": "S4_affordability",
  "scenario_file": "config_qubo_S4.yaml",
  "seed": 2000,
  "ordering": "v = [x_1..x_N, y_1..y_M, z_1..z_K, t_0..t_{L-1}]",
  "N": 300,
  "M": 4,
  "K": 5,
  "L_reg_slack": 5,
  "n_total": 314,
  "x_range": [
    0,
    299
  ],
  "y_range": [
    300,
    303
  ],
  "z_range": [
    304,
    308
  ],
  "t_range": [
    309,
    313
  ],
  "C_scale": 395012.0700739098,
  "scale_factor": 10.0,
  "onehot_multiplier": 0.5,
  "reg_multiplier": 1.0,
  "A_base": 3950120.7007390982,
  "A_onehot": 1975060.3503695491,
  "B_reg": 3950120.7007390982,
  "lambda_risk": 0.0,
  "R_size": 45,
  "Rmin": 27,
  "R_indices_zero_based": [
    1,
    11,
    19,
    20,
    30,
    38,
    45,
    49,
    56,
    63,
    67,
    75,
    83,
    87,
    98,
    104,
    109,
    115,
    124,
    130,
    134,
    143,
    149,
    156,
    165,
    167,
    174,
    181,
    191,
    194,
    205,
    210,
    215,
    223,
    232,
    233,
    244,
    249,
    253,
    262,
    272,
    278,
    285,
    292,
    297
  ],
  "R_feature_ids_1based": [
    2,
    12,
    20,
    21,
    31,
    39,
    46,
    50,
    57,
    64,
    68,
    76,
    84,
    88,
    99,
    105,
    110,
    116,
    125,
    131,
    135,
    144,
    150,
    157,
    166,
    168,
    175,
    182,
    192,
    195,
    206,
    211,
    216,
    224,
    233,
    234,
    245,
    250,
    254,
    263,
    273,
    279,
    286,
    293,
    298
  ],
  "premium_bands": [
    1200.0,
    1400.0,
    1500.0,
    1800.0,
    2000.0
  ],
  "deductible_bands": [
    0.0,
    150.0,
    300.0,
    600.0
  ],
  "affordability_enabled": true,
  "disallow_premium_bands": [
    4,
    5
  ],
  "disallow_penalty_multiplier": 100.0,
  "D_affordability": 395012070.0739098,
  "use_tight_regulation": false,
  "qubo_file": "qubo_Q_S4_affordability_N300.npz",
  "regulation_encoding": "surplus T>=0 with (sum_{i in R} x_i) - (sum_l 2^l t_l) = Rmin",
  "diagnostics": {
    "cfg_hash_sha256": "69fd2d0a14569d30d19444b504a900c1c11ac524fdbd8c6ea83b6d6d813306ea",
    "C_scale": 395012.0700739098,
    "scale_factor": 10.0,
    "A_base": 3950120.7007390982,
    "A_onehot": 1975060.3503695491,
    "B_reg": 3950120.7007390982,
    "onehot_multiplier": 0.5,
    "reg_multiplier": 1.0,
    "objective_magnitude_bound": 397012.0700739098,
    "A_over_obj_bound": 4.974811848924043,
    "B_over_obj_bound": 9.949623697848086,
    "premium_max_abs": 2000.0,
    "sigma_abs_sum": 34252968645.96041,
    "R_size": 45,
    "Rmin": 27,
    "affordability_enabled": true,
    "disallow_penalty_multiplier": 100.0,
    "D_is_scaled_to_A_base_not_A": true,
    "Q_condition_number": 35280676.21845976,
    "Q_eigenvalue_min": -213306352.29838115,
    "Q_eigenvalue_max": 4596994775.279833,
    "Q_eigenvalue_range": [
      -213306352.29838115,
      4596994775.279833
    ],
    "Q_eigenvalue_percentiles": {
      "p0": -213306352.29838115,
      "p25": 294.62096500892795,
      "p50": 861.320764734678,
      "p75": 2014.045404881864,
      "p100": 4596994775.279833
    },
    "Q_eigenvalue_count_negative": 50,
    "Q_eigenvalue_count_positive": 264,
    "Q_eigenvalue_count_near_zero": 0,
    "note": "Condition number measures numerical stability; bounded growth with N suggests stable QUBO structure.",
    "D_affordability": 395012070.0739098,
    "D_over_premium_max_abs": 197506.0350369549,
    "D_over_obj_bound": 994.9623697848086
  }
}