{
  "scenario": "S1_cost_only",
  "scenario_file": "config_qubo_S1.yaml",
  "seed": 2000,
  "ordering": "v = [x_1..x_N, y_1..y_M, z_1..z_K, t_0..t_{L-1}]",
  "N": 200,
  "M": 4,
  "K": 5,
  "L_reg_slack": 5,
  "n_total": 214,
  "x_range": [
    0,
    199
  ],
  "y_range": [
    200,
    203
  ],
  "z_range": [
    204,
    208
  ],
  "t_range": [
    209,
    213
  ],
  "C_scale": 257838.3886308498,
  "scale_factor": 10.0,
  "onehot_multiplier": 0.5,
  "reg_multiplier": 1.0,
  "A_base": 2578383.886308498,
  "A_onehot": 1289191.943154249,
  "B_reg": 2578383.886308498,
  "lambda_risk": 0.0,
  "R_size": 30,
  "Rmin": 18,
  "R_indices_zero_based": [
    1,
    11,
    19,
    20,
    30,
    38,
    45,
    49,
    56,
    63,
    67,
    75,
    83,
    87,
    98,
    104,
    109,
    115,
    124,
    130,
    134,
    143,
    149,
    156,
    165,
    167,
    174,
    181,
    191,
    194
  ],
  "R_feature_ids_1based": [
    2,
    12,
    20,
    21,
    31,
    39,
    46,
    50,
    57,
    64,
    68,
    76,
    84,
    88,
    99,
    105,
    110,
    116,
    125,
    131,
    135,
    144,
    150,
    157,
    166,
    168,
    175,
    182,
    192,
    195,
    206,
    211,
    216,
    224,
    233,
    234,
    245,
    250,
    254,
    263,
    273,
    279,
    286,
    293,
    298
  ],
  "premium_bands": [
    1200.0,
    1400.0,
    1500.0,
    1800.0,
    2000.0
  ],
  "deductible_bands": [
    0.0,
    150.0,
    300.0,
    600.0
  ],
  "affordability_enabled": false,
  "disallow_premium_bands": [],
  "disallow_penalty_multiplier": 100.0,
  "D_affordability": null,
  "use_tight_regulation": false,
  "qubo_file": "qubo_Q_S1_cost_only_N200.npz",
  "regulation_encoding": "surplus T>=0 with (sum_{i in R} x_i) - (sum_l 2^l t_l) = Rmin",
  "diagnostics": {
    "cfg_hash_sha256": "b466ebe579c772cb3525a6a6fb6f9ad1ca363ffad4f8bb3b15a656933484e23a",
    "C_scale": 257838.3886308498,
    "scale_factor": 10.0,
    "A_base": 2578383.886308498,
    "A_onehot": 1289191.943154249,
    "B_reg": 2578383.886308498,
    "onehot_multiplier": 0.5,
    "reg_multiplier": 1.0,
    "objective_magnitude_bound": 259838.3886308498,
    "A_over_obj_bound": 4.961514539661779,
    "B_over_obj_bound": 9.923029079323557,
    "premium_max_abs": 2000.0,
    "sigma_abs_sum": 11137275310.329742,
    "R_size": 30,
    "Rmin": 18,
    "affordability_enabled": false,
    "disallow_penalty_multiplier": 100.0,
    "D_is_scaled_to_A_base_not_A": true,
    "Q_condition_number": 17485482.559709422,
    "Q_eigenvalue_min": -92821653.39080091,
    "Q_eigenvalue_max": 2278320049.756239,
    "Q_eigenvalue_range": [
      -92821653.39080091,
      2278320049.756239
    ],
    "Q_eigenvalue_percentiles": {
      "p0": -92821653.39080091,
      "p25": 268.08061226628354,
      "p50": 823.0536978226609,
      "p75": 2022.6622801920294,
      "p100": 2278320049.756239
    },
    "Q_eigenvalue_count_negative": 37,
    "Q_eigenvalue_count_positive": 177,
    "Q_eigenvalue_count_near_zero": 0,
    "note": "Condition number measures numerical stability; bounded growth with N suggests stable QUBO structure."
  }
}