{
  "scenario": "S4_affordability",
  "scenario_file": "config_qubo_S4.yaml",
  "seed": 2000,
  "ordering": "v = [x_1..x_N, y_1..y_M, z_1..z_K, t_0..t_{L-1}]",
  "N": 150,
  "M": 4,
  "K": 5,
  "L_reg_slack": 4,
  "n_total": 163,
  "x_range": [
    0,
    149
  ],
  "y_range": [
    150,
    153
  ],
  "z_range": [
    154,
    158
  ],
  "t_range": [
    159,
    162
  ],
  "C_scale": 191661.59970311454,
  "scale_factor": 10.0,
  "onehot_multiplier": 0.5,
  "reg_multiplier": 1.0,
  "A_base": 1916615.9970311453,
  "A_onehot": 958307.9985155726,
  "B_reg": 1916615.9970311453,
  "lambda_risk": 0.0,
  "R_size": 23,
  "Rmin": 14,
  "R_indices_zero_based": [
    1,
    11,
    19,
    20,
    30,
    38,
    45,
    49,
    56,
    63,
    67,
    75,
    83,
    87,
    98,
    104,
    109,
    115,
    124,
    130,
    134,
    143,
    149
  ],
  "R_feature_ids_1based": [
    2,
    12,
    20,
    21,
    31,
    39,
    46,
    50,
    57,
    64,
    68,
    76,
    84,
    88,
    99,
    105,
    110,
    116,
    125,
    131,
    135,
    144,
    150,
    157,
    166,
    168,
    175,
    182,
    192,
    195,
    206,
    211,
    216,
    224,
    233,
    234,
    245,
    250,
    254,
    263,
    273,
    279,
    286,
    293,
    298
  ],
  "premium_bands": [
    1200.0,
    1400.0,
    1500.0,
    1800.0,
    2000.0
  ],
  "deductible_bands": [
    0.0,
    150.0,
    300.0,
    600.0
  ],
  "affordability_enabled": true,
  "disallow_premium_bands": [
    4,
    5
  ],
  "disallow_penalty_multiplier": 100.0,
  "D_affordability": 191661599.70311454,
  "use_tight_regulation": false,
  "qubo_file": "qubo_Q_S4_affordability_N150.npz",
  "regulation_encoding": "surplus T>=0 with (sum_{i in R} x_i) - (sum_l 2^l t_l) = Rmin",
  "diagnostics": {
    "cfg_hash_sha256": "27c05fa7adefa9c317fdfd1755238a4747d160dd542a82dc53776b4f588b4f3d",
    "C_scale": 191661.59970311454,
    "scale_factor": 10.0,
    "A_base": 1916615.9970311453,
    "A_onehot": 958307.9985155726,
    "B_reg": 1916615.9970311453,
    "onehot_multiplier": 0.5,
    "reg_multiplier": 1.0,
    "objective_magnitude_bound": 193661.59970311454,
    "A_over_obj_bound": 4.948363537142468,
    "B_over_obj_bound": 9.896727074284936,
    "premium_max_abs": 2000.0,
    "sigma_abs_sum": 5886992160.260181,
    "R_size": 23,
    "Rmin": 14,
    "affordability_enabled": true,
    "disallow_penalty_multiplier": 100.0,
    "D_is_scaled_to_A_base_not_A": true,
    "Q_condition_number": 4434904.319249796,
    "Q_eigenvalue_min": -53665071.673973665,
    "Q_eigenvalue_max": 577858312.1269131,
    "Q_eigenvalue_range": [
      -53665071.673973665,
      577858312.1269131
    ],
    "Q_eigenvalue_percentiles": {
      "p0": -53665071.673973665,
      "p25": 265.36181442427494,
      "p50": 815.1843889312138,
      "p75": 2068.5214497420634,
      "p100": 577858312.1269131
    },
    "Q_eigenvalue_count_negative": 28,
    "Q_eigenvalue_count_positive": 135,
    "Q_eigenvalue_count_near_zero": 0,
    "note": "Condition number measures numerical stability; bounded growth with N suggests stable QUBO structure.",
    "D_affordability": 191661599.70311454,
    "D_over_premium_max_abs": 95830.79985155727,
    "D_over_obj_bound": 989.6727074284937
  }
}