{
  "scenario": "S1_cost_only",
  "scenario_file": "config_qubo_S1.yaml",
  "seed": 2000,
  "ordering": "v = [x_1..x_N, y_1..y_M, z_1..z_K, t_0..t_{L-1}]",
  "N": 60,
  "M": 4,
  "K": 5,
  "L_reg_slack": 3,
  "n_total": 72,
  "x_range": [
    0,
    59
  ],
  "y_range": [
    60,
    63
  ],
  "z_range": [
    64,
    68
  ],
  "t_range": [
    69,
    71
  ],
  "C_scale": 75476.03744409632,
  "scale_factor": 10.0,
  "onehot_multiplier": 0.5,
  "reg_multiplier": 1.0,
  "A_base": 754760.3744409631,
  "A_onehot": 377380.1872204816,
  "B_reg": 754760.3744409631,
  "lambda_risk": 0.0,
  "R_size": 9,
  "Rmin": 6,
  "R_indices_zero_based": [
    1,
    11,
    19,
    20,
    30,
    38,
    45,
    49,
    56
  ],
  "R_feature_ids_1based": [
    2,
    12,
    20,
    21,
    31,
    39,
    46,
    50,
    57,
    64,
    68,
    76,
    84,
    88,
    99,
    105,
    110,
    116,
    125,
    131,
    135,
    144,
    150,
    157,
    166,
    168,
    175,
    182,
    192,
    195,
    206,
    211,
    216,
    224,
    233,
    234,
    245,
    250,
    254,
    263,
    273,
    279,
    286,
    293,
    298
  ],
  "premium_bands": [
    1200.0,
    1400.0,
    1500.0,
    1800.0,
    2000.0
  ],
  "deductible_bands": [
    0.0,
    150.0,
    300.0,
    600.0
  ],
  "affordability_enabled": false,
  "disallow_premium_bands": [],
  "disallow_penalty_multiplier": 100.0,
  "D_affordability": null,
  "use_tight_regulation": false,
  "qubo_file": "qubo_Q_S1_cost_only_N60.npz",
  "regulation_encoding": "surplus T>=0 with (sum_{i in R} x_i) - (sum_l 2^l t_l) = Rmin",
  "diagnostics": {
    "cfg_hash_sha256": "8ebb3913b3a8522010931100ea138f5e6b1d22f9f62c69ed754740fa4ae9bafe",
    "C_scale": 75476.03744409632,
    "scale_factor": 10.0,
    "A_base": 754760.3744409631,
    "A_onehot": 377380.1872204816,
    "B_reg": 754760.3744409631,
    "onehot_multiplier": 0.5,
    "reg_multiplier": 1.0,
    "objective_magnitude_bound": 77476.03744409632,
    "A_over_obj_bound": 4.87092783356124,
    "B_over_obj_bound": 9.74185566712248,
    "premium_max_abs": 2000.0,
    "sigma_abs_sum": 635936645.5683966,
    "R_size": 9,
    "Rmin": 6,
    "affordability_enabled": false,
    "disallow_penalty_multiplier": 100.0,
    "D_is_scaled_to_A_base_not_A": true,
    "Q_condition_number": 396774.7871043692,
    "Q_eigenvalue_min": -9056923.115700936,
    "Q_eigenvalue_max": 51698885.068028204,
    "Q_eigenvalue_range": [
      -9056923.115700936,
      51698885.068028204
    ],
    "Q_eigenvalue_percentiles": {
      "p0": -9056923.115700936,
      "p25": 235.98275946263084,
      "p50": 776.6643909255527,
      "p75": 1908.5974976593407,
      "p100": 51698885.068028204
    },
    "Q_eigenvalue_count_negative": 16,
    "Q_eigenvalue_count_positive": 56,
    "Q_eigenvalue_count_near_zero": 0,
    "note": "Condition number measures numerical stability; bounded growth with N suggests stable QUBO structure."
  }
}