{
  "scenario": "S3_tight_regulation",
  "scenario_file": "config_qubo_S3.yaml",
  "seed": 1012,
  "ordering": "v = [x_1..x_N, y_1..y_M, z_1..z_K, t_0..t_{L-1}]",
  "N": 30,
  "M": 4,
  "K": 5,
  "L_reg_slack": 3,
  "n_total": 42,
  "x_range": [
    0,
    29
  ],
  "y_range": [
    30,
    33
  ],
  "z_range": [
    34,
    38
  ],
  "t_range": [
    39,
    41
  ],
  "C_scale": 40729.737556690205,
  "scale_factor": 10.0,
  "onehot_multiplier": 0.5,
  "reg_multiplier": 1.0,
  "A_base": 407297.37556690205,
  "A_onehot": 203648.68778345102,
  "B_reg": 407297.37556690205,
  "lambda_risk": 0.0,
  "R_size": 5,
  "Rmin": 5,
  "R_indices_zero_based": [
    5,
    10,
    16,
    22,
    26
  ],
  "R_feature_ids_1based": [
    6,
    11,
    17,
    23,
    27,
    34,
    43,
    49,
    56,
    61,
    73,
    76,
    86,
    90,
    94,
    103,
    111,
    119,
    123,
    130,
    135,
    145,
    147,
    159,
    164,
    167,
    180,
    186,
    193,
    194,
    204,
    210,
    218,
    221,
    230,
    235,
    243,
    250,
    260,
    264,
    269,
    275,
    282,
    292,
    297
  ],
  "premium_bands": [
    1200.0,
    1400.0,
    1500.0,
    1800.0,
    2000.0
  ],
  "deductible_bands": [
    0.0,
    150.0,
    300.0,
    600.0
  ],
  "affordability_enabled": false,
  "disallow_premium_bands": [],
  "disallow_penalty_multiplier": 100.0,
  "D_affordability": null,
  "use_tight_regulation": true,
  "qubo_file": "qubo_Q_S3_tight_regulation_N30.npz",
  "regulation_encoding": "surplus T>=0 with (sum_{i in R} x_i) - (sum_l 2^l t_l) = Rmin",
  "diagnostics": {
    "cfg_hash_sha256": "ec2febb20b6c00c186af7da62524586cfa4aebcf8d88e8663889a692668d4098",
    "C_scale": 40729.737556690205,
    "scale_factor": 10.0,
    "A_base": 407297.37556690205,
    "A_onehot": 203648.68778345102,
    "B_reg": 407297.37556690205,
    "onehot_multiplier": 0.5,
    "reg_multiplier": 1.0,
    "objective_magnitude_bound": 42729.737556690205,
    "A_over_obj_bound": 4.765970947358784,
    "B_over_obj_bound": 9.531941894717567,
    "premium_max_abs": 2000.0,
    "sigma_abs_sum": 335433138.41757816,
    "R_size": 5,
    "Rmin": 5,
    "affordability_enabled": false,
    "disallow_penalty_multiplier": 100.0,
    "D_is_scaled_to_A_base_not_A": true,
    "Q_condition_number": 171863.94436272717,
    "Q_eigenvalue_min": -4072552.336412447,
    "Q_eigenvalue_max": 24359115.88929037,
    "Q_eigenvalue_range": [
      -4072552.336412447,
      24359115.88929037
    ],
    "Q_eigenvalue_percentiles": {
      "p0": -4072552.336412447,
      "p25": -407297.3755669005,
      "p50": 857.992224804347,
      "p75": 2526.8580394474147,
      "p100": 24359115.88929037
    },
    "Q_eigenvalue_count_negative": 12,
    "Q_eigenvalue_count_positive": 30,
    "Q_eigenvalue_count_near_zero": 0,
    "note": "Condition number measures numerical stability; bounded growth with N suggests stable QUBO structure."
  }
}