{
  "scenario": "S3_tight_regulation",
  "scenario_file": "config_qubo_S3.yaml",
  "seed": 1012,
  "ordering": "v = [x_1..x_N, y_1..y_M, z_1..z_K, t_0..t_{L-1}]",
  "N": 50,
  "M": 4,
  "K": 5,
  "L_reg_slack": 3,
  "n_total": 62,
  "x_range": [
    0,
    49
  ],
  "y_range": [
    50,
    53
  ],
  "z_range": [
    54,
    58
  ],
  "t_range": [
    59,
    61
  ],
  "C_scale": 65586.75414124408,
  "scale_factor": 10.0,
  "onehot_multiplier": 0.5,
  "reg_multiplier": 1.0,
  "A_base": 655867.5414124408,
  "A_onehot": 327933.7707062204,
  "B_reg": 655867.5414124408,
  "lambda_risk": 0.0,
  "R_size": 8,
  "Rmin": 7,
  "R_indices_zero_based": [
    5,
    10,
    16,
    22,
    26,
    33,
    42,
    48
  ],
  "R_feature_ids_1based": [
    6,
    11,
    17,
    23,
    27,
    34,
    43,
    49,
    56,
    61,
    73,
    76,
    86,
    90,
    94,
    103,
    111,
    119,
    123,
    130,
    135,
    145,
    147,
    159,
    164,
    167,
    180,
    186,
    193,
    194,
    204,
    210,
    218,
    221,
    230,
    235,
    243,
    250,
    260,
    264,
    269,
    275,
    282,
    292,
    297
  ],
  "premium_bands": [
    1200.0,
    1400.0,
    1500.0,
    1800.0,
    2000.0
  ],
  "deductible_bands": [
    0.0,
    150.0,
    300.0,
    600.0
  ],
  "affordability_enabled": false,
  "disallow_premium_bands": [],
  "disallow_penalty_multiplier": 100.0,
  "D_affordability": null,
  "use_tight_regulation": true,
  "qubo_file": "qubo_Q_S3_tight_regulation_N50.npz",
  "regulation_encoding": "surplus T>=0 with (sum_{i in R} x_i) - (sum_l 2^l t_l) = Rmin",
  "diagnostics": {
    "cfg_hash_sha256": "3474a927a895e4a86ce2ea20d168ba43731e214690f4ee379b2f9993be0b8105",
    "C_scale": 65586.75414124408,
    "scale_factor": 10.0,
    "A_base": 655867.5414124408,
    "A_onehot": 327933.7707062204,
    "B_reg": 655867.5414124408,
    "onehot_multiplier": 0.5,
    "reg_multiplier": 1.0,
    "objective_magnitude_bound": 67586.75414124408,
    "A_over_obj_bound": 4.852042014340535,
    "B_over_obj_bound": 9.70408402868107,
    "premium_max_abs": 2000.0,
    "sigma_abs_sum": 1159844329.8794875,
    "R_size": 8,
    "Rmin": 7,
    "affordability_enabled": false,
    "disallow_penalty_multiplier": 100.0,
    "D_is_scaled_to_A_base_not_A": true,
    "Q_condition_number": 350446.4699707075,
    "Q_eigenvalue_min": -9181735.536451943,
    "Q_eigenvalue_max": 49670489.09993275,
    "Q_eigenvalue_range": [
      -9181735.536451943,
      49670489.09993275
    ],
    "Q_eigenvalue_percentiles": {
      "p0": -9181735.536451943,
      "p25": 142.65887916666355,
      "p50": 854.7005020639056,
      "p75": 2403.792204803424,
      "p100": 49670489.09993275
    },
    "Q_eigenvalue_count_negative": 15,
    "Q_eigenvalue_count_positive": 47,
    "Q_eigenvalue_count_near_zero": 0,
    "note": "Condition number measures numerical stability; bounded growth with N suggests stable QUBO structure."
  }
}