{
  "scenario": "S4_affordability",
  "scenario_file": "config_qubo_S4.yaml",
  "seed": 1012,
  "ordering": "v = [x_1..x_N, y_1..y_M, z_1..z_K, t_0..t_{L-1}]",
  "N": 40,
  "M": 4,
  "K": 5,
  "L_reg_slack": 3,
  "n_total": 52,
  "x_range": [
    0,
    39
  ],
  "y_range": [
    40,
    43
  ],
  "z_range": [
    44,
    48
  ],
  "t_range": [
    49,
    51
  ],
  "C_scale": 54962.27886725677,
  "scale_factor": 10.0,
  "onehot_multiplier": 0.5,
  "reg_multiplier": 1.0,
  "A_base": 549622.7886725677,
  "A_onehot": 274811.39433628385,
  "B_reg": 549622.7886725677,
  "lambda_risk": 0.0,
  "R_size": 6,
  "Rmin": 4,
  "R_indices_zero_based": [
    5,
    10,
    16,
    22,
    26,
    33
  ],
  "R_feature_ids_1based": [
    6,
    11,
    17,
    23,
    27,
    34,
    43,
    49,
    56,
    61,
    73,
    76,
    86,
    90,
    94,
    103,
    111,
    119,
    123,
    130,
    135,
    145,
    147,
    159,
    164,
    167,
    180,
    186,
    193,
    194,
    204,
    210,
    218,
    221,
    230,
    235,
    243,
    250,
    260,
    264,
    269,
    275,
    282,
    292,
    297
  ],
  "premium_bands": [
    1200.0,
    1400.0,
    1500.0,
    1800.0,
    2000.0
  ],
  "deductible_bands": [
    0.0,
    150.0,
    300.0,
    600.0
  ],
  "affordability_enabled": true,
  "disallow_premium_bands": [
    4,
    5
  ],
  "disallow_penalty_multiplier": 100.0,
  "D_affordability": 54962278.86725677,
  "use_tight_regulation": false,
  "qubo_file": "qubo_Q_S4_affordability_N40.npz",
  "regulation_encoding": "surplus T>=0 with (sum_{i in R} x_i) - (sum_l 2^l t_l) = Rmin",
  "diagnostics": {
    "cfg_hash_sha256": "57a4c7996afd0988165e315d2fdf46a48650ddbc7195a2dc4ec909651531e34a",
    "C_scale": 54962.27886725677,
    "scale_factor": 10.0,
    "A_base": 549622.7886725677,
    "A_onehot": 274811.39433628385,
    "B_reg": 549622.7886725677,
    "onehot_multiplier": 0.5,
    "reg_multiplier": 1.0,
    "objective_magnitude_bound": 56962.27886725677,
    "A_over_obj_bound": 4.824445225878274,
    "B_over_obj_bound": 9.648890451756548,
    "premium_max_abs": 2000.0,
    "sigma_abs_sum": 938819984.83818,
    "R_size": 6,
    "Rmin": 4,
    "affordability_enabled": true,
    "disallow_penalty_multiplier": 100.0,
    "D_is_scaled_to_A_base_not_A": true,
    "Q_condition_number": 387827.34830198844,
    "Q_eigenvalue_min": -4396561.189629125,
    "Q_eigenvalue_max": 54968663.48162403,
    "Q_eigenvalue_range": [
      -4396561.189629125,
      54968663.48162403
    ],
    "Q_eigenvalue_percentiles": {
      "p0": -4396561.189629125,
      "p25": 206.25827959588784,
      "p50": 921.3684969692891,
      "p75": 2576.2322440056873,
      "p100": 54968663.48162403
    },
    "Q_eigenvalue_count_negative": 11,
    "Q_eigenvalue_count_positive": 41,
    "Q_eigenvalue_count_near_zero": 0,
    "note": "Condition number measures numerical stability; bounded growth with N suggests stable QUBO structure.",
    "D_affordability": 54962278.86725677,
    "D_over_premium_max_abs": 27481.139433628385,
    "D_over_obj_bound": 964.8890451756549
  }
}