{
  "scenario": "S1_cost_only",
  "scenario_file": "config_qubo_S1.yaml",
  "seed": 1012,
  "ordering": "v = [x_1..x_N, y_1..y_M, z_1..z_K, t_0..t_{L-1}]",
  "N": 40,
  "M": 4,
  "K": 5,
  "L_reg_slack": 3,
  "n_total": 52,
  "x_range": [
    0,
    39
  ],
  "y_range": [
    40,
    43
  ],
  "z_range": [
    44,
    48
  ],
  "t_range": [
    49,
    51
  ],
  "C_scale": 54962.27886725677,
  "scale_factor": 10.0,
  "onehot_multiplier": 0.5,
  "reg_multiplier": 1.0,
  "A_base": 549622.7886725677,
  "A_onehot": 274811.39433628385,
  "B_reg": 549622.7886725677,
  "lambda_risk": 0.0,
  "R_size": 6,
  "Rmin": 4,
  "R_indices_zero_based": [
    5,
    10,
    16,
    22,
    26,
    33
  ],
  "R_feature_ids_1based": [
    6,
    11,
    17,
    23,
    27,
    34,
    43,
    49,
    56,
    61,
    73,
    76,
    86,
    90,
    94,
    103,
    111,
    119,
    123,
    130,
    135,
    145,
    147,
    159,
    164,
    167,
    180,
    186,
    193,
    194,
    204,
    210,
    218,
    221,
    230,
    235,
    243,
    250,
    260,
    264,
    269,
    275,
    282,
    292,
    297
  ],
  "premium_bands": [
    1200.0,
    1400.0,
    1500.0,
    1800.0,
    2000.0
  ],
  "deductible_bands": [
    0.0,
    150.0,
    300.0,
    600.0
  ],
  "affordability_enabled": false,
  "disallow_premium_bands": [],
  "disallow_penalty_multiplier": 100.0,
  "D_affordability": null,
  "use_tight_regulation": false,
  "qubo_file": "qubo_Q_S1_cost_only_N40.npz",
  "regulation_encoding": "surplus T>=0 with (sum_{i in R} x_i) - (sum_l 2^l t_l) = Rmin",
  "diagnostics": {
    "cfg_hash_sha256": "2cc52d9bda840d234c95615b340a7f5db7ffa2b6b411de2094944d0a007c7a43",
    "C_scale": 54962.27886725677,
    "scale_factor": 10.0,
    "A_base": 549622.7886725677,
    "A_onehot": 274811.39433628385,
    "B_reg": 549622.7886725677,
    "onehot_multiplier": 0.5,
    "reg_multiplier": 1.0,
    "objective_magnitude_bound": 56962.27886725677,
    "A_over_obj_bound": 4.824445225878274,
    "B_over_obj_bound": 9.648890451756548,
    "premium_max_abs": 2000.0,
    "sigma_abs_sum": 938819984.83818,
    "R_size": 6,
    "Rmin": 4,
    "affordability_enabled": false,
    "disallow_penalty_multiplier": 100.0,
    "D_is_scaled_to_A_base_not_A": true,
    "Q_condition_number": 204651.06721410318,
    "Q_eigenvalue_min": -4396561.189629126,
    "Q_eigenvalue_max": 29006194.88053177,
    "Q_eigenvalue_range": [
      -4396561.189629126,
      29006194.88053177
    ],
    "Q_eigenvalue_percentiles": {
      "p0": -4396561.189629126,
      "p25": -137299.39600657683,
      "p50": 878.5081203737628,
      "p75": 2522.133885938983,
      "p100": 29006194.88053177
    },
    "Q_eigenvalue_count_negative": 13,
    "Q_eigenvalue_count_positive": 39,
    "Q_eigenvalue_count_near_zero": 0,
    "note": "Condition number measures numerical stability; bounded growth with N suggests stable QUBO structure."
  }
}