{
  "scenario": "S4_affordability",
  "scenario_file": "config_qubo_S4.yaml",
  "seed": 1012,
  "ordering": "v = [x_1..x_N, y_1..y_M, z_1..z_K, t_0..t_{L-1}]",
  "N": 30,
  "M": 4,
  "K": 5,
  "L_reg_slack": 2,
  "n_total": 41,
  "x_range": [
    0,
    29
  ],
  "y_range": [
    30,
    33
  ],
  "z_range": [
    34,
    38
  ],
  "t_range": [
    39,
    40
  ],
  "C_scale": 40729.737556690205,
  "scale_factor": 10.0,
  "onehot_multiplier": 0.5,
  "reg_multiplier": 1.0,
  "A_base": 407297.37556690205,
  "A_onehot": 203648.68778345102,
  "B_reg": 407297.37556690205,
  "lambda_risk": 0.0,
  "R_size": 5,
  "Rmin": 3,
  "R_indices_zero_based": [
    5,
    10,
    16,
    22,
    26
  ],
  "R_feature_ids_1based": [
    6,
    11,
    17,
    23,
    27,
    34,
    43,
    49,
    56,
    61,
    73,
    76,
    86,
    90,
    94,
    103,
    111,
    119,
    123,
    130,
    135,
    145,
    147,
    159,
    164,
    167,
    180,
    186,
    193,
    194,
    204,
    210,
    218,
    221,
    230,
    235,
    243,
    250,
    260,
    264,
    269,
    275,
    282,
    292,
    297
  ],
  "premium_bands": [
    1200.0,
    1400.0,
    1500.0,
    1800.0,
    2000.0
  ],
  "deductible_bands": [
    0.0,
    150.0,
    300.0,
    600.0
  ],
  "affordability_enabled": true,
  "disallow_premium_bands": [
    4,
    5
  ],
  "disallow_penalty_multiplier": 100.0,
  "D_affordability": 40729737.5566902,
  "use_tight_regulation": false,
  "qubo_file": "qubo_Q_S4_affordability_N30.npz",
  "regulation_encoding": "surplus T>=0 with (sum_{i in R} x_i) - (sum_l 2^l t_l) = Rmin",
  "diagnostics": {
    "cfg_hash_sha256": "f398a51f2d0f36d390aa4e95c0845da828015636d2d3b7127fb69c7d701c749f",
    "C_scale": 40729.737556690205,
    "scale_factor": 10.0,
    "A_base": 407297.37556690205,
    "A_onehot": 203648.68778345102,
    "B_reg": 407297.37556690205,
    "onehot_multiplier": 0.5,
    "reg_multiplier": 1.0,
    "objective_magnitude_bound": 42729.737556690205,
    "A_over_obj_bound": 4.765970947358784,
    "B_over_obj_bound": 9.531941894717567,
    "premium_max_abs": 2000.0,
    "sigma_abs_sum": 335433138.41757816,
    "R_size": 5,
    "Rmin": 3,
    "affordability_enabled": true,
    "disallow_penalty_multiplier": 100.0,
    "D_is_scaled_to_A_base_not_A": true,
    "Q_condition_number": 287395.56765212346,
    "Q_eigenvalue_min": -2443362.8340084134,
    "Q_eigenvalue_max": 40733976.893063,
    "Q_eigenvalue_range": [
      -2443362.8340084134,
      40733976.893063
    ],
    "Q_eigenvalue_percentiles": {
      "p0": -2443362.8340084134,
      "p25": 141.73488208547894,
      "p50": 883.6920587980212,
      "p75": 2539.906615667592,
      "p100": 40733976.893063
    },
    "Q_eigenvalue_count_negative": 10,
    "Q_eigenvalue_count_positive": 31,
    "Q_eigenvalue_count_near_zero": 0,
    "note": "Condition number measures numerical stability; bounded growth with N suggests stable QUBO structure.",
    "D_affordability": 40729737.5566902,
    "D_over_premium_max_abs": 20364.868778345102,
    "D_over_obj_bound": 953.1941894717567
  }
}