{
  "scenario": "S2_risk_adjusted",
  "scenario_file": "config_qubo_S2.yaml",
  "seed": 1012,
  "ordering": "v = [x_1..x_N, y_1..y_M, z_1..z_K, t_0..t_{L-1}]",
  "N": 20,
  "M": 4,
  "K": 5,
  "L_reg_slack": 2,
  "n_total": 31,
  "x_range": [
    0,
    19
  ],
  "y_range": [
    20,
    23
  ],
  "z_range": [
    24,
    28
  ],
  "t_range": [
    29,
    30
  ],
  "C_scale": 28253.792136758457,
  "scale_factor": 10.0,
  "onehot_multiplier": 0.5,
  "reg_multiplier": 1.0,
  "A_base": 282537.92136758455,
  "A_onehot": 141268.96068379228,
  "B_reg": 282537.92136758455,
  "lambda_risk": 0.1,
  "R_size": 3,
  "Rmin": 2,
  "R_indices_zero_based": [
    5,
    10,
    16
  ],
  "R_feature_ids_1based": [
    6,
    11,
    17,
    23,
    27,
    34,
    43,
    49,
    56,
    61,
    73,
    76,
    86,
    90,
    94,
    103,
    111,
    119,
    123,
    130,
    135,
    145,
    147,
    159,
    164,
    167,
    180,
    186,
    193,
    194,
    204,
    210,
    218,
    221,
    230,
    235,
    243,
    250,
    260,
    264,
    269,
    275,
    282,
    292,
    297
  ],
  "premium_bands": [
    1200.0,
    1400.0,
    1500.0,
    1800.0,
    2000.0
  ],
  "deductible_bands": [
    0.0,
    150.0,
    300.0,
    600.0
  ],
  "affordability_enabled": false,
  "disallow_premium_bands": [],
  "disallow_penalty_multiplier": 100.0,
  "D_affordability": null,
  "use_tight_regulation": false,
  "qubo_file": "qubo_Q_S2_risk_adjusted_N20.npz",
  "regulation_encoding": "surplus T>=0 with (sum_{i in R} x_i) - (sum_l 2^l t_l) = Rmin",
  "diagnostics": {
    "cfg_hash_sha256": "2898427420ac3c0ced4f7f1e0a60746759593f0ea7afcbfc90b440b4dd98f16f",
    "C_scale": 28253.792136758457,
    "scale_factor": 10.0,
    "A_base": 282537.92136758455,
    "A_onehot": 141268.96068379228,
    "B_reg": 282537.92136758455,
    "onehot_multiplier": 0.5,
    "reg_multiplier": 1.0,
    "objective_magnitude_bound": 15840112.19924426,
    "A_over_obj_bound": 0.008918431820863762,
    "B_over_obj_bound": 0.017836863641727523,
    "premium_max_abs": 2000.0,
    "sigma_abs_sum": 158098584.07107502,
    "R_size": 3,
    "Rmin": 2,
    "affordability_enabled": false,
    "disallow_penalty_multiplier": 100.0,
    "D_is_scaled_to_A_base_not_A": true,
    "Q_condition_number": 68.36907438963668,
    "Q_eigenvalue_min": -818377.2853211433,
    "Q_eigenvalue_max": 3923142.9528088095,
    "Q_eigenvalue_range": [
      -818377.2853211433,
      3923142.9528088095
    ],
    "Q_eigenvalue_percentiles": {
      "p0": -818377.2853211433,
      "p25": -112578.04313201469,
      "p50": 306908.77807713253,
      "p75": 832574.5800966802,
      "p100": 3923142.9528088095
    },
    "Q_eigenvalue_count_negative": 8,
    "Q_eigenvalue_count_positive": 23,
    "Q_eigenvalue_count_near_zero": 0,
    "note": "Condition number measures numerical stability; bounded growth with N suggests stable QUBO structure."
  }
}