{
  "scenario": "S4_affordability",
  "scenario_file": "config_qubo_S4.yaml",
  "seed": 1001,
  "ordering": "v = [x_1..x_N, y_1..y_M, z_1..z_K, t_0..t_{L-1}]",
  "N": 30,
  "M": 4,
  "K": 5,
  "L_reg_slack": 2,
  "n_total": 41,
  "x_range": [
    0,
    29
  ],
  "y_range": [
    30,
    33
  ],
  "z_range": [
    34,
    38
  ],
  "t_range": [
    39,
    40
  ],
  "C_scale": 39022.82870280809,
  "scale_factor": 10.0,
  "onehot_multiplier": 0.5,
  "reg_multiplier": 1.0,
  "A_base": 390228.2870280809,
  "A_onehot": 195114.14351404045,
  "B_reg": 390228.2870280809,
  "lambda_risk": 0.0,
  "R_size": 4,
  "Rmin": 3,
  "R_indices_zero_based": [
    0,
    12,
    18,
    22
  ],
  "R_feature_ids_1based": [
    1,
    13,
    19,
    23,
    33,
    39,
    41,
    50,
    59,
    61,
    72,
    78,
    83,
    92,
    95,
    103,
    113,
    117,
    123,
    128,
    135,
    141,
    153,
    160,
    164,
    172,
    180,
    184,
    191,
    197,
    204,
    212,
    219,
    224,
    229,
    236,
    245,
    252,
    255,
    261,
    269,
    274,
    283,
    290,
    294
  ],
  "premium_bands": [
    1200.0,
    1400.0,
    1500.0,
    1800.0,
    2000.0
  ],
  "deductible_bands": [
    0.0,
    150.0,
    300.0,
    600.0
  ],
  "affordability_enabled": true,
  "disallow_premium_bands": [
    4,
    5
  ],
  "disallow_penalty_multiplier": 100.0,
  "D_affordability": 39022828.70280809,
  "use_tight_regulation": false,
  "qubo_file": "qubo_Q_S4_affordability_N30.npz",
  "regulation_encoding": "surplus T>=0 with (sum_{i in R} x_i) - (sum_l 2^l t_l) = Rmin",
  "diagnostics": {
    "cfg_hash_sha256": "36685aa249649c89a954174283d3e05190a08099aecbbbd33bb340c156210547",
    "C_scale": 39022.82870280809,
    "scale_factor": 10.0,
    "A_base": 390228.2870280809,
    "A_onehot": 195114.14351404045,
    "B_reg": 390228.2870280809,
    "onehot_multiplier": 0.5,
    "reg_multiplier": 1.0,
    "objective_magnitude_bound": 41022.82870280809,
    "A_over_obj_bound": 4.756233289702046,
    "B_over_obj_bound": 9.512466579404093,
    "premium_max_abs": 2000.0,
    "sigma_abs_sum": 394919057.8982792,
    "R_size": 4,
    "Rmin": 3,
    "affordability_enabled": true,
    "disallow_penalty_multiplier": 100.0,
    "D_is_scaled_to_A_base_not_A": true,
    "Q_condition_number": 327490.5192000894,
    "Q_eigenvalue_min": -2341015.5438054698,
    "Q_eigenvalue_max": 39026810.756271504,
    "Q_eigenvalue_range": [
      -2341015.5438054698,
      39026810.756271504
    ],
    "Q_eigenvalue_percentiles": {
      "p0": -2341015.5438054698,
      "p25": 137.54638874336595,
      "p50": 838.1213329765427,
      "p75": 2415.7167790815765,
      "p100": 39026810.756271504
    },
    "Q_eigenvalue_count_negative": 9,
    "Q_eigenvalue_count_positive": 32,
    "Q_eigenvalue_count_near_zero": 0,
    "note": "Condition number measures numerical stability; bounded growth with N suggests stable QUBO structure.",
    "D_affordability": 39022828.70280809,
    "D_over_premium_max_abs": 19511.414351404044,
    "D_over_obj_bound": 951.2466579404092
  }
}