{
  "scenario": "S2_risk_adjusted",
  "scenario_file": "config_qubo_S2.yaml",
  "seed": 1001,
  "ordering": "v = [x_1..x_N, y_1..y_M, z_1..z_K, t_0..t_{L-1}]",
  "N": 20,
  "M": 4,
  "K": 5,
  "L_reg_slack": 2,
  "n_total": 31,
  "x_range": [
    0,
    19
  ],
  "y_range": [
    20,
    23
  ],
  "z_range": [
    24,
    28
  ],
  "t_range": [
    29,
    30
  ],
  "C_scale": 22593.69373405972,
  "scale_factor": 10.0,
  "onehot_multiplier": 0.5,
  "reg_multiplier": 1.0,
  "A_base": 225936.93734059721,
  "A_onehot": 112968.46867029861,
  "B_reg": 225936.93734059721,
  "lambda_risk": 0.1,
  "R_size": 3,
  "Rmin": 2,
  "R_indices_zero_based": [
    0,
    12,
    18
  ],
  "R_feature_ids_1based": [
    1,
    13,
    19,
    23,
    33,
    39,
    41,
    50,
    59,
    61,
    72,
    78,
    83,
    92,
    95,
    103,
    113,
    117,
    123,
    128,
    135,
    141,
    153,
    160,
    164,
    172,
    180,
    184,
    191,
    197,
    204,
    212,
    219,
    224,
    229,
    236,
    245,
    252,
    255,
    261,
    269,
    274,
    283,
    290,
    294
  ],
  "premium_bands": [
    1200.0,
    1400.0,
    1500.0,
    1800.0,
    2000.0
  ],
  "deductible_bands": [
    0.0,
    150.0,
    300.0,
    600.0
  ],
  "affordability_enabled": false,
  "disallow_premium_bands": [],
  "disallow_penalty_multiplier": 100.0,
  "D_affordability": null,
  "use_tight_regulation": false,
  "qubo_file": "qubo_Q_S2_risk_adjusted_N20.npz",
  "regulation_encoding": "surplus T>=0 with (sum_{i in R} x_i) - (sum_l 2^l t_l) = Rmin",
  "diagnostics": {
    "cfg_hash_sha256": "0786581b7a03461aaab1eb5e1dd0548a63296c51607cceccf59f77c554f52ab7",
    "C_scale": 22593.69373405972,
    "scale_factor": 10.0,
    "A_base": 225936.93734059721,
    "A_onehot": 112968.46867029861,
    "B_reg": 225936.93734059721,
    "onehot_multiplier": 0.5,
    "reg_multiplier": 1.0,
    "objective_magnitude_bound": 15686757.7420214,
    "A_over_obj_bound": 0.00720151802737928,
    "B_over_obj_bound": 0.01440303605475856,
    "premium_max_abs": 2000.0,
    "sigma_abs_sum": 156621640.4828734,
    "R_size": 3,
    "Rmin": 2,
    "affordability_enabled": false,
    "disallow_penalty_multiplier": 100.0,
    "D_is_scaled_to_A_base_not_A": true,
    "Q_condition_number": 279.00881328796027,
    "Q_eigenvalue_min": -687801.3568493089,
    "Q_eigenvalue_max": 3221596.3286827635,
    "Q_eigenvalue_range": [
      -687801.3568493089,
      3221596.3286827635
    ],
    "Q_eigenvalue_percentiles": {
      "p0": -687801.3568493089,
      "p25": -118741.75642188979,
      "p50": 146956.51097766528,
      "p75": 615776.2615172316,
      "p100": 3221596.3286827635
    },
    "Q_eigenvalue_count_negative": 9,
    "Q_eigenvalue_count_positive": 22,
    "Q_eigenvalue_count_near_zero": 0,
    "note": "Condition number measures numerical stability; bounded growth with N suggests stable QUBO structure."
  }
}