{
  "scenario": "S3_tight_regulation",
  "scenario_file": "config_qubo_S3.yaml",
  "seed": 1001,
  "ordering": "v = [x_1..x_N, y_1..y_M, z_1..z_K, t_0..t_{L-1}]",
  "N": 50,
  "M": 4,
  "K": 5,
  "L_reg_slack": 3,
  "n_total": 62,
  "x_range": [
    0,
    49
  ],
  "y_range": [
    50,
    53
  ],
  "z_range": [
    54,
    58
  ],
  "t_range": [
    59,
    61
  ],
  "C_scale": 66934.0389349116,
  "scale_factor": 10.0,
  "onehot_multiplier": 0.5,
  "reg_multiplier": 1.1,
  "A_base": 669340.389349116,
  "A_onehot": 334670.194674558,
  "B_reg": 736274.4282840277,
  "lambda_risk": 0.0,
  "R_size": 8,
  "Rmin": 7,
  "R_indices_zero_based": [
    0,
    12,
    18,
    22,
    32,
    38,
    40,
    49
  ],
  "R_feature_ids_1based": [
    1,
    13,
    19,
    23,
    33,
    39,
    41,
    50,
    59,
    61,
    72,
    78,
    83,
    92,
    95,
    103,
    113,
    117,
    123,
    128,
    135,
    141,
    153,
    160,
    164,
    172,
    180,
    184,
    191,
    197,
    204,
    212,
    219,
    224,
    229,
    236,
    245,
    252,
    255,
    261,
    269,
    274,
    283,
    290,
    294
  ],
  "premium_bands": [
    1200.0,
    1400.0,
    1500.0,
    1800.0,
    2000.0
  ],
  "deductible_bands": [
    0.0,
    150.0,
    300.0,
    600.0
  ],
  "affordability_enabled": false,
  "disallow_premium_bands": [],
  "disallow_penalty_multiplier": 100.0,
  "D_affordability": null,
  "use_tight_regulation": true,
  "qubo_file": "qubo_Q_S3_tight_regulation_N50.npz",
  "regulation_encoding": "surplus T>=0 with (sum_{i in R} x_i) - (sum_l 2^l t_l) = Rmin",
  "diagnostics": {
    "cfg_hash_sha256": "fb6232e9c631f869ac1aafb6794a13c324d299cffcc2ba63ee3e65f30c9d4eb6",
    "C_scale": 66934.0389349116,
    "scale_factor": 10.0,
    "A_base": 669340.389349116,
    "A_onehot": 334670.194674558,
    "B_reg": 736274.4282840277,
    "onehot_multiplier": 0.5,
    "reg_multiplier": 1.1,
    "objective_magnitude_bound": 68934.0389349116,
    "A_over_obj_bound": 4.854933786638527,
    "B_over_obj_bound": 10.68085433060476,
    "premium_max_abs": 2000.0,
    "sigma_abs_sum": 1125080593.4484289,
    "R_size": 8,
    "Rmin": 7,
    "affordability_enabled": false,
    "disallow_penalty_multiplier": 100.0,
    "D_is_scaled_to_A_base_not_A": true,
    "Q_condition_number": 467904.9843891165,
    "Q_eigenvalue_min": -10307509.910219043,
    "Q_eigenvalue_max": 55759902.065451555,
    "Q_eigenvalue_range": [
      -10307509.910219043,
      55759902.065451555
    ],
    "Q_eigenvalue_percentiles": {
      "p0": -10307509.910219043,
      "p25": 123.76356033982461,
      "p50": 666.4391700976928,
      "p75": 2372.6147123227747,
      "p100": 55759902.065451555
    },
    "Q_eigenvalue_count_negative": 15,
    "Q_eigenvalue_count_positive": 47,
    "Q_eigenvalue_count_near_zero": 0,
    "note": "Condition number measures numerical stability; bounded growth with N suggests stable QUBO structure."
  }
}