{
  "scenario": "S2_risk_adjusted",
  "scenario_file": "config_qubo_S2.yaml",
  "seed": 1001,
  "ordering": "v = [x_1..x_N, y_1..y_M, z_1..z_K, t_0..t_{L-1}]",
  "N": 30,
  "M": 4,
  "K": 5,
  "L_reg_slack": 2,
  "n_total": 41,
  "x_range": [
    0,
    29
  ],
  "y_range": [
    30,
    33
  ],
  "z_range": [
    34,
    38
  ],
  "t_range": [
    39,
    40
  ],
  "C_scale": 39022.82870280809,
  "scale_factor": 10.0,
  "onehot_multiplier": 0.5,
  "reg_multiplier": 1.0,
  "A_base": 390228.2870280809,
  "A_onehot": 195114.14351404045,
  "B_reg": 390228.2870280809,
  "lambda_risk": 0.1,
  "R_size": 4,
  "Rmin": 3,
  "R_indices_zero_based": [
    0,
    12,
    18,
    22
  ],
  "R_feature_ids_1based": [
    1,
    13,
    19,
    23,
    33,
    39,
    41,
    50,
    59,
    61,
    72,
    78,
    83,
    92,
    95,
    103,
    113,
    117,
    123,
    128,
    135,
    141,
    153,
    160,
    164,
    172,
    180,
    184,
    191,
    197,
    204,
    212,
    219,
    224,
    229,
    236,
    245,
    252,
    255,
    261,
    269,
    274,
    283,
    290,
    294
  ],
  "premium_bands": [
    1200.0,
    1400.0,
    1500.0,
    1800.0,
    2000.0
  ],
  "deductible_bands": [
    0.0,
    150.0,
    300.0,
    600.0
  ],
  "affordability_enabled": false,
  "disallow_premium_bands": [],
  "disallow_penalty_multiplier": 100.0,
  "D_affordability": null,
  "use_tight_regulation": false,
  "qubo_file": "qubo_Q_S2_risk_adjusted_N30.npz",
  "regulation_encoding": "surplus T>=0 with (sum_{i in R} x_i) - (sum_l 2^l t_l) = Rmin",
  "diagnostics": {
    "cfg_hash_sha256": "cedf3c41a048796623b6a4d8c642dbd442f8be2c748fe0afddf66ce14349b1ca",
    "C_scale": 39022.82870280809,
    "scale_factor": 10.0,
    "A_base": 390228.2870280809,
    "A_onehot": 195114.14351404045,
    "B_reg": 390228.2870280809,
    "onehot_multiplier": 0.5,
    "reg_multiplier": 1.0,
    "objective_magnitude_bound": 39532928.61853073,
    "A_over_obj_bound": 0.0049354841731250425,
    "B_over_obj_bound": 0.009870968346250085,
    "premium_max_abs": 2000.0,
    "sigma_abs_sum": 394919057.8982792,
    "R_size": 4,
    "Rmin": 3,
    "affordability_enabled": false,
    "disallow_penalty_multiplier": 100.0,
    "D_is_scaled_to_A_base_not_A": true,
    "Q_condition_number": 185.9678499624046,
    "Q_eigenvalue_min": -2211325.9288442517,
    "Q_eigenvalue_max": 6909318.179400403,
    "Q_eigenvalue_range": [
      -2211325.9288442517,
      6909318.179400403
    ],
    "Q_eigenvalue_percentiles": {
      "p0": -2211325.9288442517,
      "p25": -390228.2870280799,
      "p50": 284463.931253485,
      "p75": 1002960.422065143,
      "p100": 6909318.179400403
    },
    "Q_eigenvalue_count_negative": 12,
    "Q_eigenvalue_count_positive": 29,
    "Q_eigenvalue_count_near_zero": 0,
    "note": "Condition number measures numerical stability; bounded growth with N suggests stable QUBO structure."
  }
}