{
  "scenario": "S4_affordability",
  "scenario_file": "config_qubo_S4.yaml",
  "seed": 1001,
  "ordering": "v = [x_1..x_N, y_1..y_M, z_1..z_K, t_0..t_{L-1}]",
  "N": 50,
  "M": 4,
  "K": 5,
  "L_reg_slack": 3,
  "n_total": 62,
  "x_range": [
    0,
    49
  ],
  "y_range": [
    50,
    53
  ],
  "z_range": [
    54,
    58
  ],
  "t_range": [
    59,
    61
  ],
  "C_scale": 66934.0389349116,
  "scale_factor": 10.0,
  "onehot_multiplier": 0.5,
  "reg_multiplier": 1.0,
  "A_base": 669340.389349116,
  "A_onehot": 334670.194674558,
  "B_reg": 669340.389349116,
  "lambda_risk": 0.0,
  "R_size": 8,
  "Rmin": 5,
  "R_indices_zero_based": [
    0,
    12,
    18,
    22,
    32,
    38,
    40,
    49
  ],
  "R_feature_ids_1based": [
    1,
    13,
    19,
    23,
    33,
    39,
    41,
    50,
    59,
    61,
    72,
    78,
    83,
    92,
    95,
    103,
    113,
    117,
    123,
    128,
    135,
    141,
    153,
    160,
    164,
    172,
    180,
    184,
    191,
    197,
    204,
    212,
    219,
    224,
    229,
    236,
    245,
    252,
    255,
    261,
    269,
    274,
    283,
    290,
    294
  ],
  "premium_bands": [
    1200.0,
    1400.0,
    1500.0,
    1800.0,
    2000.0
  ],
  "deductible_bands": [
    0.0,
    150.0,
    300.0,
    600.0
  ],
  "affordability_enabled": true,
  "disallow_premium_bands": [
    4,
    5
  ],
  "disallow_penalty_multiplier": 100.0,
  "D_affordability": 66934038.9349116,
  "use_tight_regulation": false,
  "qubo_file": "qubo_Q_S4_affordability_N50.npz",
  "regulation_encoding": "surplus T>=0 with (sum_{i in R} x_i) - (sum_l 2^l t_l) = Rmin",
  "diagnostics": {
    "cfg_hash_sha256": "80792c21e2f75f1f73b01380839a88b5f6d2bc7f8d6133c416bac1d4a3ef6f24",
    "C_scale": 66934.0389349116,
    "scale_factor": 10.0,
    "A_base": 669340.389349116,
    "A_onehot": 334670.194674558,
    "B_reg": 669340.389349116,
    "onehot_multiplier": 0.5,
    "reg_multiplier": 1.0,
    "objective_magnitude_bound": 68934.0389349116,
    "A_over_obj_bound": 4.854933786638527,
    "B_over_obj_bound": 9.709867573277053,
    "premium_max_abs": 2000.0,
    "sigma_abs_sum": 1125080593.4484289,
    "R_size": 8,
    "Rmin": 5,
    "affordability_enabled": true,
    "disallow_penalty_multiplier": 100.0,
    "D_is_scaled_to_A_base_not_A": true,
    "Q_condition_number": 561740.6239193713,
    "Q_eigenvalue_min": -6693071.808096247,
    "Q_eigenvalue_max": 66942228.06066018,
    "Q_eigenvalue_range": [
      -6693071.808096247,
      66942228.06066018
    ],
    "Q_eigenvalue_percentiles": {
      "p0": -6693071.808096247,
      "p25": 146.11337217964103,
      "p50": 758.3514852749761,
      "p75": 2527.0801835338507,
      "p100": 66942228.06066018
    },
    "Q_eigenvalue_count_negative": 13,
    "Q_eigenvalue_count_positive": 49,
    "Q_eigenvalue_count_near_zero": 0,
    "note": "Condition number measures numerical stability; bounded growth with N suggests stable QUBO structure.",
    "D_affordability": 66934038.9349116,
    "D_over_premium_max_abs": 33467.0194674558,
    "D_over_obj_bound": 970.9867573277053
  }
}