{
  "scenario": "S4_affordability",
  "scenario_file": "config_qubo_S4.yaml",
  "seed": 1001,
  "ordering": "v = [x_1..x_N, y_1..y_M, z_1..z_K, t_0..t_{L-1}]",
  "N": 40,
  "M": 4,
  "K": 5,
  "L_reg_slack": 3,
  "n_total": 52,
  "x_range": [
    0,
    39
  ],
  "y_range": [
    40,
    43
  ],
  "z_range": [
    44,
    48
  ],
  "t_range": [
    49,
    51
  ],
  "C_scale": 52284.160493447554,
  "scale_factor": 10.0,
  "onehot_multiplier": 0.5,
  "reg_multiplier": 1.0,
  "A_base": 522841.60493447556,
  "A_onehot": 261420.80246723778,
  "B_reg": 522841.60493447556,
  "lambda_risk": 0.0,
  "R_size": 6,
  "Rmin": 4,
  "R_indices_zero_based": [
    0,
    12,
    18,
    22,
    32,
    38
  ],
  "R_feature_ids_1based": [
    1,
    13,
    19,
    23,
    33,
    39,
    41,
    50,
    59,
    61,
    72,
    78,
    83,
    92,
    95,
    103,
    113,
    117,
    123,
    128,
    135,
    141,
    153,
    160,
    164,
    172,
    180,
    184,
    191,
    197,
    204,
    212,
    219,
    224,
    229,
    236,
    245,
    252,
    255,
    261,
    269,
    274,
    283,
    290,
    294
  ],
  "premium_bands": [
    1200.0,
    1400.0,
    1500.0,
    1800.0,
    2000.0
  ],
  "deductible_bands": [
    0.0,
    150.0,
    300.0,
    600.0
  ],
  "affordability_enabled": true,
  "disallow_premium_bands": [
    4,
    5
  ],
  "disallow_penalty_multiplier": 100.0,
  "D_affordability": 52284160.49344756,
  "use_tight_regulation": false,
  "qubo_file": "qubo_Q_S4_affordability_N40.npz",
  "regulation_encoding": "surplus T>=0 with (sum_{i in R} x_i) - (sum_l 2^l t_l) = Rmin",
  "diagnostics": {
    "cfg_hash_sha256": "3115c0fe907165a6928ffc367a931d4d3451b52ee58dd0848a18ada0f0586d94",
    "C_scale": 52284.160493447554,
    "scale_factor": 10.0,
    "A_base": 522841.60493447556,
    "A_onehot": 261420.80246723778,
    "B_reg": 522841.60493447556,
    "onehot_multiplier": 0.5,
    "reg_multiplier": 1.0,
    "objective_magnitude_bound": 54284.160493447554,
    "A_over_obj_bound": 4.815784200969507,
    "B_over_obj_bound": 9.631568401939013,
    "premium_max_abs": 2000.0,
    "sigma_abs_sum": 565075469.0497975,
    "R_size": 6,
    "Rmin": 4,
    "affordability_enabled": true,
    "disallow_penalty_multiplier": 100.0,
    "D_is_scaled_to_A_base_not_A": true,
    "Q_condition_number": 438788.7515016131,
    "Q_eigenvalue_min": -4182391.892152346,
    "Q_eigenvalue_max": 52290141.43344666,
    "Q_eigenvalue_range": [
      -4182391.892152346,
      52290141.43344666
    ],
    "Q_eigenvalue_percentiles": {
      "p0": -4182391.892152346,
      "p25": 142.3959804200435,
      "p50": 811.8797680138423,
      "p75": 2452.837913899125,
      "p100": 52290141.43344666
    },
    "Q_eigenvalue_count_negative": 11,
    "Q_eigenvalue_count_positive": 41,
    "Q_eigenvalue_count_near_zero": 0,
    "note": "Condition number measures numerical stability; bounded growth with N suggests stable QUBO structure.",
    "D_affordability": 52284160.49344756,
    "D_over_premium_max_abs": 26142.080246723777,
    "D_over_obj_bound": 963.1568401939013
  }
}