{
  "scenario": "S4_affordability",
  "scenario_file": "config_qubo_S4.yaml",
  "seed": 2008,
  "ordering": "v = [x_1..x_N, y_1..y_M, z_1..z_K, t_0..t_{L-1}]",
  "N": 150,
  "M": 4,
  "K": 5,
  "L_reg_slack": 4,
  "n_total": 163,
  "x_range": [
    0,
    149
  ],
  "y_range": [
    150,
    153
  ],
  "z_range": [
    154,
    158
  ],
  "t_range": [
    159,
    162
  ],
  "C_scale": 209792.926159296,
  "scale_factor": 10.0,
  "onehot_multiplier": 0.5,
  "reg_multiplier": 1.0,
  "A_base": 2097929.26159296,
  "A_onehot": 1048964.63079648,
  "B_reg": 2097929.26159296,
  "lambda_risk": 0.0,
  "R_size": 23,
  "Rmin": 14,
  "R_indices_zero_based": [
    5,
    11,
    19,
    25,
    26,
    34,
    45,
    52,
    57,
    65,
    67,
    76,
    82,
    91,
    94,
    102,
    109,
    118,
    125,
    128,
    134,
    141,
    148
  ],
  "R_feature_ids_1based": [
    6,
    12,
    20,
    26,
    27,
    35,
    46,
    53,
    58,
    66,
    68,
    77,
    83,
    92,
    95,
    103,
    110,
    119,
    126,
    129,
    135,
    142,
    149,
    160,
    162,
    172,
    179,
    184,
    192,
    198,
    205,
    207,
    217,
    226,
    229,
    239,
    245,
    252,
    256,
    266,
    268,
    279,
    281,
    287,
    294
  ],
  "premium_bands": [
    1200.0,
    1400.0,
    1500.0,
    1800.0,
    2000.0
  ],
  "deductible_bands": [
    0.0,
    150.0,
    300.0,
    600.0
  ],
  "affordability_enabled": true,
  "disallow_premium_bands": [
    4,
    5
  ],
  "disallow_penalty_multiplier": 100.0,
  "D_affordability": 209792926.159296,
  "use_tight_regulation": false,
  "qubo_file": "qubo_Q_S4_affordability_N150.npz",
  "regulation_encoding": "surplus T>=0 with (sum_{i in R} x_i) - (sum_l 2^l t_l) = Rmin",
  "diagnostics": {
    "cfg_hash_sha256": "c2254d642291dedb73442e1fda0f2270613617a4c98456bd936045a032dd4cb3",
    "C_scale": 209792.926159296,
    "scale_factor": 10.0,
    "A_base": 2097929.26159296,
    "A_onehot": 1048964.63079648,
    "B_reg": 2097929.26159296,
    "onehot_multiplier": 0.5,
    "reg_multiplier": 1.0,
    "objective_magnitude_bound": 211792.926159296,
    "A_over_obj_bound": 4.952784069886835,
    "B_over_obj_bound": 9.90556813977367,
    "premium_max_abs": 2000.0,
    "sigma_abs_sum": 8857230441.943008,
    "R_size": 23,
    "Rmin": 14,
    "affordability_enabled": true,
    "disallow_penalty_multiplier": 100.0,
    "D_is_scaled_to_A_base_not_A": true,
    "Q_condition_number": 4559616.581564849,
    "Q_eigenvalue_min": -58741845.3751942,
    "Q_eigenvalue_max": 632524128.6593282,
    "Q_eigenvalue_range": [
      -58741845.3751942,
      632524128.6593282
    ],
    "Q_eigenvalue_percentiles": {
      "p0": -58741845.3751942,
      "p25": 298.4549477676743,
      "p50": 851.2471224784421,
      "p75": 2253.8551289752795,
      "p100": 632524128.6593282
    },
    "Q_eigenvalue_count_negative": 28,
    "Q_eigenvalue_count_positive": 135,
    "Q_eigenvalue_count_near_zero": 0,
    "note": "Condition number measures numerical stability; bounded growth with N suggests stable QUBO structure.",
    "D_affordability": 209792926.159296,
    "D_over_premium_max_abs": 104896.463079648,
    "D_over_obj_bound": 990.556813977367
  }
}