{
  "scenario": "S3_tight_regulation",
  "scenario_file": "config_qubo_S3.yaml",
  "seed": 2008,
  "ordering": "v = [x_1..x_N, y_1..y_M, z_1..z_K, t_0..t_{L-1}]",
  "N": 300,
  "M": 4,
  "K": 5,
  "L_reg_slack": 6,
  "n_total": 315,
  "x_range": [
    0,
    299
  ],
  "y_range": [
    300,
    303
  ],
  "z_range": [
    304,
    308
  ],
  "t_range": [
    309,
    314
  ],
  "C_scale": 400239.54731565935,
  "scale_factor": 10.0,
  "onehot_multiplier": 0.5,
  "reg_multiplier": 1.0,
  "A_base": 4002395.4731565937,
  "A_onehot": 2001197.7365782969,
  "B_reg": 4002395.4731565937,
  "lambda_risk": 0.0,
  "R_size": 45,
  "Rmin": 39,
  "R_indices_zero_based": [
    5,
    11,
    19,
    25,
    26,
    34,
    45,
    52,
    57,
    65,
    67,
    76,
    82,
    91,
    94,
    102,
    109,
    118,
    125,
    128,
    134,
    141,
    148,
    159,
    161,
    171,
    178,
    183,
    191,
    197,
    204,
    206,
    216,
    225,
    228,
    238,
    244,
    251,
    255,
    265,
    267,
    278,
    280,
    286,
    293
  ],
  "R_feature_ids_1based": [
    6,
    12,
    20,
    26,
    27,
    35,
    46,
    53,
    58,
    66,
    68,
    77,
    83,
    92,
    95,
    103,
    110,
    119,
    126,
    129,
    135,
    142,
    149,
    160,
    162,
    172,
    179,
    184,
    192,
    198,
    205,
    207,
    217,
    226,
    229,
    239,
    245,
    252,
    256,
    266,
    268,
    279,
    281,
    287,
    294
  ],
  "premium_bands": [
    1200.0,
    1400.0,
    1500.0,
    1800.0,
    2000.0
  ],
  "deductible_bands": [
    0.0,
    150.0,
    300.0,
    600.0
  ],
  "affordability_enabled": false,
  "disallow_premium_bands": [],
  "disallow_penalty_multiplier": 100.0,
  "D_affordability": null,
  "use_tight_regulation": true,
  "qubo_file": "qubo_Q_S3_tight_regulation_N300.npz",
  "regulation_encoding": "surplus T>=0 with (sum_{i in R} x_i) - (sum_l 2^l t_l) = Rmin",
  "diagnostics": {
    "cfg_hash_sha256": "5f5b7bf09fb375a6c86f5d19dabc86cf9d45800bb6f3860796259868e8a1ee45",
    "C_scale": 400239.54731565935,
    "scale_factor": 10.0,
    "A_base": 4002395.4731565937,
    "A_onehot": 2001197.7365782969,
    "B_reg": 4002395.4731565937,
    "onehot_multiplier": 0.5,
    "reg_multiplier": 1.0,
    "objective_magnitude_bound": 402239.54731565935,
    "A_over_obj_bound": 4.975139192387386,
    "B_over_obj_bound": 9.950278384774771,
    "premium_max_abs": 2000.0,
    "sigma_abs_sum": 35144877692.10547,
    "R_size": 45,
    "Rmin": 39,
    "affordability_enabled": false,
    "disallow_penalty_multiplier": 100.0,
    "D_is_scaled_to_A_base_not_A": true,
    "Q_condition_number": 127338962.84176423,
    "Q_eigenvalue_min": -312186673.1376422,
    "Q_eigenvalue_max": 14776179768.1418,
    "Q_eigenvalue_range": [
      -312186673.1376422,
      14776179768.1418
    ],
    "Q_eigenvalue_percentiles": {
      "p0": -312186673.1376422,
      "p25": 299.64882239638075,
      "p50": 775.4012500662692,
      "p75": 1987.9394960552431,
      "p100": 14776179768.1418
    },
    "Q_eigenvalue_count_negative": 52,
    "Q_eigenvalue_count_positive": 263,
    "Q_eigenvalue_count_near_zero": 0,
    "note": "Condition number measures numerical stability; bounded growth with N suggests stable QUBO structure."
  }
}