{
  "scenario": "S4_affordability",
  "scenario_file": "config_qubo_S4.yaml",
  "seed": 2008,
  "ordering": "v = [x_1..x_N, y_1..y_M, z_1..z_K, t_0..t_{L-1}]",
  "N": 300,
  "M": 4,
  "K": 5,
  "L_reg_slack": 5,
  "n_total": 314,
  "x_range": [
    0,
    299
  ],
  "y_range": [
    300,
    303
  ],
  "z_range": [
    304,
    308
  ],
  "t_range": [
    309,
    313
  ],
  "C_scale": 400239.54731565935,
  "scale_factor": 10.0,
  "onehot_multiplier": 0.5,
  "reg_multiplier": 1.0,
  "A_base": 4002395.4731565937,
  "A_onehot": 2001197.7365782969,
  "B_reg": 4002395.4731565937,
  "lambda_risk": 0.0,
  "R_size": 45,
  "Rmin": 27,
  "R_indices_zero_based": [
    5,
    11,
    19,
    25,
    26,
    34,
    45,
    52,
    57,
    65,
    67,
    76,
    82,
    91,
    94,
    102,
    109,
    118,
    125,
    128,
    134,
    141,
    148,
    159,
    161,
    171,
    178,
    183,
    191,
    197,
    204,
    206,
    216,
    225,
    228,
    238,
    244,
    251,
    255,
    265,
    267,
    278,
    280,
    286,
    293
  ],
  "R_feature_ids_1based": [
    6,
    12,
    20,
    26,
    27,
    35,
    46,
    53,
    58,
    66,
    68,
    77,
    83,
    92,
    95,
    103,
    110,
    119,
    126,
    129,
    135,
    142,
    149,
    160,
    162,
    172,
    179,
    184,
    192,
    198,
    205,
    207,
    217,
    226,
    229,
    239,
    245,
    252,
    256,
    266,
    268,
    279,
    281,
    287,
    294
  ],
  "premium_bands": [
    1200.0,
    1400.0,
    1500.0,
    1800.0,
    2000.0
  ],
  "deductible_bands": [
    0.0,
    150.0,
    300.0,
    600.0
  ],
  "affordability_enabled": true,
  "disallow_premium_bands": [
    4,
    5
  ],
  "disallow_penalty_multiplier": 100.0,
  "D_affordability": 400239547.3156594,
  "use_tight_regulation": false,
  "qubo_file": "qubo_Q_S4_affordability_N300.npz",
  "regulation_encoding": "surplus T>=0 with (sum_{i in R} x_i) - (sum_l 2^l t_l) = Rmin",
  "diagnostics": {
    "cfg_hash_sha256": "08dc6ccf7d5147f1abdd8d277534615f7ec9cd50a0fbf9fd3b587a6cb2f7dc24",
    "C_scale": 400239.54731565935,
    "scale_factor": 10.0,
    "A_base": 4002395.4731565937,
    "A_onehot": 2001197.7365782969,
    "B_reg": 4002395.4731565937,
    "onehot_multiplier": 0.5,
    "reg_multiplier": 1.0,
    "objective_magnitude_bound": 402239.54731565935,
    "A_over_obj_bound": 4.975139192387386,
    "B_over_obj_bound": 9.950278384774771,
    "premium_max_abs": 2000.0,
    "sigma_abs_sum": 35144877692.10547,
    "R_size": 45,
    "Rmin": 27,
    "affordability_enabled": true,
    "disallow_penalty_multiplier": 100.0,
    "D_is_scaled_to_A_base_not_A": true,
    "Q_condition_number": 40140500.670856826,
    "Q_eigenvalue_min": -216129181.78188354,
    "Q_eigenvalue_max": 4657830095.778978,
    "Q_eigenvalue_range": [
      -216129181.78188354,
      4657830095.778978
    ],
    "Q_eigenvalue_percentiles": {
      "p0": -216129181.78188354,
      "p25": 302.7933244658924,
      "p50": 784.3104493595637,
      "p75": 2011.0267702451724,
      "p100": 4657830095.778978
    },
    "Q_eigenvalue_count_negative": 50,
    "Q_eigenvalue_count_positive": 264,
    "Q_eigenvalue_count_near_zero": 0,
    "note": "Condition number measures numerical stability; bounded growth with N suggests stable QUBO structure.",
    "D_affordability": 400239547.3156594,
    "D_over_premium_max_abs": 200119.7736578297,
    "D_over_obj_bound": 995.0278384774771
  }
}