{
  "scenario": "S1_cost_only",
  "scenario_file": "config_qubo_S1.yaml",
  "seed": 2008,
  "ordering": "v = [x_1..x_N, y_1..y_M, z_1..z_K, t_0..t_{L-1}]",
  "N": 60,
  "M": 4,
  "K": 5,
  "L_reg_slack": 3,
  "n_total": 72,
  "x_range": [
    0,
    59
  ],
  "y_range": [
    60,
    63
  ],
  "z_range": [
    64,
    68
  ],
  "t_range": [
    69,
    71
  ],
  "C_scale": 82078.63350514956,
  "scale_factor": 10.0,
  "onehot_multiplier": 0.5,
  "reg_multiplier": 1.0,
  "A_base": 820786.3350514956,
  "A_onehot": 410393.1675257478,
  "B_reg": 820786.3350514956,
  "lambda_risk": 0.0,
  "R_size": 9,
  "Rmin": 6,
  "R_indices_zero_based": [
    5,
    11,
    19,
    25,
    26,
    34,
    45,
    52,
    57
  ],
  "R_feature_ids_1based": [
    6,
    12,
    20,
    26,
    27,
    35,
    46,
    53,
    58,
    66,
    68,
    77,
    83,
    92,
    95,
    103,
    110,
    119,
    126,
    129,
    135,
    142,
    149,
    160,
    162,
    172,
    179,
    184,
    192,
    198,
    205,
    207,
    217,
    226,
    229,
    239,
    245,
    252,
    256,
    266,
    268,
    279,
    281,
    287,
    294
  ],
  "premium_bands": [
    1200.0,
    1400.0,
    1500.0,
    1800.0,
    2000.0
  ],
  "deductible_bands": [
    0.0,
    150.0,
    300.0,
    600.0
  ],
  "affordability_enabled": false,
  "disallow_premium_bands": [],
  "disallow_penalty_multiplier": 100.0,
  "D_affordability": null,
  "use_tight_regulation": false,
  "qubo_file": "qubo_Q_S1_cost_only_N60.npz",
  "regulation_encoding": "surplus T>=0 with (sum_{i in R} x_i) - (sum_l 2^l t_l) = Rmin",
  "diagnostics": {
    "cfg_hash_sha256": "1a42a57e6188bcadae91a4d7e9165bc706043e7d0c46eaea067d00bb5f349aec",
    "C_scale": 82078.63350514956,
    "scale_factor": 10.0,
    "A_base": 820786.3350514956,
    "A_onehot": 410393.1675257478,
    "B_reg": 820786.3350514956,
    "onehot_multiplier": 0.5,
    "reg_multiplier": 1.0,
    "objective_magnitude_bound": 84078.63350514956,
    "A_over_obj_bound": 4.88106371877003,
    "B_over_obj_bound": 9.76212743754006,
    "premium_max_abs": 2000.0,
    "sigma_abs_sum": 2048570998.6840024,
    "R_size": 9,
    "Rmin": 6,
    "affordability_enabled": false,
    "disallow_penalty_multiplier": 100.0,
    "D_is_scaled_to_A_base_not_A": true,
    "Q_condition_number": 370636.6029519806,
    "Q_eigenvalue_min": -9849133.81384018,
    "Q_eigenvalue_max": 56221481.24045177,
    "Q_eigenvalue_range": [
      -9849133.81384018,
      56221481.24045177
    ],
    "Q_eigenvalue_percentiles": {
      "p0": -9849133.81384018,
      "p25": 264.5695022359777,
      "p50": 691.0141072463207,
      "p75": 2113.2957059607425,
      "p100": 56221481.24045177
    },
    "Q_eigenvalue_count_negative": 16,
    "Q_eigenvalue_count_positive": 56,
    "Q_eigenvalue_count_near_zero": 0,
    "note": "Condition number measures numerical stability; bounded growth with N suggests stable QUBO structure."
  }
}