{
  "scenario": "S3_tight_regulation",
  "scenario_file": "config_qubo_S3.yaml",
  "seed": 2008,
  "ordering": "v = [x_1..x_N, y_1..y_M, z_1..z_K, t_0..t_{L-1}]",
  "N": 200,
  "M": 4,
  "K": 5,
  "L_reg_slack": 5,
  "n_total": 214,
  "x_range": [
    0,
    199
  ],
  "y_range": [
    200,
    203
  ],
  "z_range": [
    204,
    208
  ],
  "t_range": [
    209,
    213
  ],
  "C_scale": 280032.00965444953,
  "scale_factor": 10.0,
  "onehot_multiplier": 0.5,
  "reg_multiplier": 1.0,
  "A_base": 2800320.0965444953,
  "A_onehot": 1400160.0482722477,
  "B_reg": 2800320.0965444953,
  "lambda_risk": 0.0,
  "R_size": 30,
  "Rmin": 26,
  "R_indices_zero_based": [
    5,
    11,
    19,
    25,
    26,
    34,
    45,
    52,
    57,
    65,
    67,
    76,
    82,
    91,
    94,
    102,
    109,
    118,
    125,
    128,
    134,
    141,
    148,
    159,
    161,
    171,
    178,
    183,
    191,
    197
  ],
  "R_feature_ids_1based": [
    6,
    12,
    20,
    26,
    27,
    35,
    46,
    53,
    58,
    66,
    68,
    77,
    83,
    92,
    95,
    103,
    110,
    119,
    126,
    129,
    135,
    142,
    149,
    160,
    162,
    172,
    179,
    184,
    192,
    198,
    205,
    207,
    217,
    226,
    229,
    239,
    245,
    252,
    256,
    266,
    268,
    279,
    281,
    287,
    294
  ],
  "premium_bands": [
    1200.0,
    1400.0,
    1500.0,
    1800.0,
    2000.0
  ],
  "deductible_bands": [
    0.0,
    150.0,
    300.0,
    600.0
  ],
  "affordability_enabled": false,
  "disallow_premium_bands": [],
  "disallow_penalty_multiplier": 100.0,
  "D_affordability": null,
  "use_tight_regulation": true,
  "qubo_file": "qubo_Q_S3_tight_regulation_N200.npz",
  "regulation_encoding": "surplus T>=0 with (sum_{i in R} x_i) - (sum_l 2^l t_l) = Rmin",
  "diagnostics": {
    "cfg_hash_sha256": "30f1e48bdd333256e2b2376db68e070710b20de4e8f6df252b2e8b7632e1a91a",
    "C_scale": 280032.00965444953,
    "scale_factor": 10.0,
    "A_base": 2800320.0965444953,
    "A_onehot": 1400160.0482722477,
    "B_reg": 2800320.0965444953,
    "onehot_multiplier": 0.5,
    "reg_multiplier": 1.0,
    "objective_magnitude_bound": 282032.00965444953,
    "A_over_obj_bound": 4.964543031791845,
    "B_over_obj_bound": 9.92908606358369,
    "premium_max_abs": 2000.0,
    "sigma_abs_sum": 19984798581.086803,
    "R_size": 30,
    "Rmin": 26,
    "affordability_enabled": false,
    "disallow_penalty_multiplier": 100.0,
    "D_is_scaled_to_A_base_not_A": true,
    "Q_condition_number": 24294763.512334857,
    "Q_eigenvalue_min": -145616471.17989457,
    "Q_eigenvalue_max": 3160942209.4397497,
    "Q_eigenvalue_range": [
      -145616471.17989457,
      3160942209.4397497
    ],
    "Q_eigenvalue_percentiles": {
      "p0": -145616471.17989457,
      "p25": 296.62796045181796,
      "p50": 792.2623789945626,
      "p75": 2127.536255763495,
      "p100": 3160942209.4397497
    },
    "Q_eigenvalue_count_negative": 37,
    "Q_eigenvalue_count_positive": 177,
    "Q_eigenvalue_count_near_zero": 0,
    "note": "Condition number measures numerical stability; bounded growth with N suggests stable QUBO structure."
  }
}