{
  "scenario": "S2_risk_adjusted",
  "scenario_file": "config_qubo_S2.yaml",
  "seed": 2008,
  "ordering": "v = [x_1..x_N, y_1..y_M, z_1..z_K, t_0..t_{L-1}]",
  "N": 100,
  "M": 4,
  "K": 5,
  "L_reg_slack": 4,
  "n_total": 113,
  "x_range": [
    0,
    99
  ],
  "y_range": [
    100,
    103
  ],
  "z_range": [
    104,
    108
  ],
  "t_range": [
    109,
    112
  ],
  "C_scale": 140388.1624816947,
  "scale_factor": 10.0,
  "onehot_multiplier": 0.5,
  "reg_multiplier": 1.0,
  "A_base": 1403881.624816947,
  "A_onehot": 701940.8124084735,
  "B_reg": 1403881.624816947,
  "lambda_risk": 0.1,
  "R_size": 15,
  "Rmin": 9,
  "R_indices_zero_based": [
    5,
    11,
    19,
    25,
    26,
    34,
    45,
    52,
    57,
    65,
    67,
    76,
    82,
    91,
    94
  ],
  "R_feature_ids_1based": [
    6,
    12,
    20,
    26,
    27,
    35,
    46,
    53,
    58,
    66,
    68,
    77,
    83,
    92,
    95,
    103,
    110,
    119,
    126,
    129,
    135,
    142,
    149,
    160,
    162,
    172,
    179,
    184,
    192,
    198,
    205,
    207,
    217,
    226,
    229,
    239,
    245,
    252,
    256,
    266,
    268,
    279,
    281,
    287,
    294
  ],
  "premium_bands": [
    1200.0,
    1400.0,
    1500.0,
    1800.0,
    2000.0
  ],
  "deductible_bands": [
    0.0,
    150.0,
    300.0,
    600.0
  ],
  "affordability_enabled": false,
  "disallow_premium_bands": [],
  "disallow_penalty_multiplier": 100.0,
  "D_affordability": null,
  "use_tight_regulation": false,
  "qubo_file": "qubo_Q_S2_risk_adjusted_N100.npz",
  "regulation_encoding": "surplus T>=0 with (sum_{i in R} x_i) - (sum_l 2^l t_l) = Rmin",
  "diagnostics": {
    "cfg_hash_sha256": "63b06588c9824c5755225f80f29fa60440d6764dcbeb603859da26467d22c420",
    "C_scale": 140388.1624816947,
    "scale_factor": 10.0,
    "A_base": 1403881.624816947,
    "A_onehot": 701940.8124084735,
    "B_reg": 1403881.624816947,
    "onehot_multiplier": 0.5,
    "reg_multiplier": 1.0,
    "objective_magnitude_bound": 413536901.56712186,
    "A_over_obj_bound": 0.0016974079211514823,
    "B_over_obj_bound": 0.0033948158423029646,
    "premium_max_abs": 2000.0,
    "sigma_abs_sum": 4133945134.046402,
    "R_size": 15,
    "Rmin": 9,
    "affordability_enabled": false,
    "disallow_penalty_multiplier": 100.0,
    "D_is_scaled_to_A_base_not_A": true,
    "Q_condition_number": 875244.2203421743,
    "Q_eigenvalue_min": -25211059.964365132,
    "Q_eigenvalue_max": 313667128.3216553,
    "Q_eigenvalue_range": [
      -25211059.964365132,
      313667128.3216553
    ],
    "Q_eigenvalue_percentiles": {
      "p0": -25211059.964365132,
      "p25": -61961.94060087859,
      "p50": 322513.0196081921,
      "p75": 1102068.1755709124,
      "p100": 313667128.3216553
    },
    "Q_eigenvalue_count_negative": 29,
    "Q_eigenvalue_count_positive": 84,
    "Q_eigenvalue_count_near_zero": 0,
    "note": "Condition number measures numerical stability; bounded growth with N suggests stable QUBO structure."
  }
}