{
  "scenario": "S2_risk_adjusted",
  "scenario_file": "config_qubo_S2.yaml",
  "seed": 2002,
  "ordering": "v = [x_1..x_N, y_1..y_M, z_1..z_K, t_0..t_{L-1}]",
  "N": 100,
  "M": 4,
  "K": 5,
  "L_reg_slack": 4,
  "n_total": 113,
  "x_range": [
    0,
    99
  ],
  "y_range": [
    100,
    103
  ],
  "z_range": [
    104,
    108
  ],
  "t_range": [
    109,
    112
  ],
  "C_scale": 140972.40505811048,
  "scale_factor": 10.0,
  "onehot_multiplier": 0.5,
  "reg_multiplier": 1.0,
  "A_base": 1409724.0505811048,
  "A_onehot": 704862.0252905524,
  "B_reg": 1409724.0505811048,
  "lambda_risk": 0.11000000000000001,
  "R_size": 15,
  "Rmin": 9,
  "R_indices_zero_based": [
    1,
    8,
    17,
    23,
    26,
    35,
    41,
    47,
    56,
    60,
    68,
    77,
    83,
    87,
    95
  ],
  "R_feature_ids_1based": [
    2,
    9,
    18,
    24,
    27,
    36,
    42,
    48,
    57,
    61,
    69,
    78,
    84,
    88,
    96,
    103,
    112,
    117,
    123,
    127,
    138,
    146,
    148,
    157,
    165,
    167,
    175,
    181,
    193,
    197,
    204,
    210,
    219,
    226,
    227,
    238,
    245,
    249,
    256,
    262,
    270,
    276,
    282,
    292,
    295
  ],
  "premium_bands": [
    1200.0,
    1400.0,
    1500.0,
    1800.0,
    2000.0
  ],
  "deductible_bands": [
    0.0,
    150.0,
    300.0,
    600.0
  ],
  "affordability_enabled": false,
  "disallow_premium_bands": [],
  "disallow_penalty_multiplier": 100.0,
  "D_affordability": null,
  "use_tight_regulation": false,
  "qubo_file": "qubo_Q_S2_risk_adjusted_N100.npz",
  "regulation_encoding": "surplus T>=0 with (sum_{i in R} x_i) - (sum_l 2^l t_l) = Rmin",
  "diagnostics": {
    "cfg_hash_sha256": "185ac96ef2f4e3177b2a3b0fe71f76cd8b93fd3231052b5fcc0b57d822aa2149",
    "C_scale": 140972.40505811048,
    "scale_factor": 10.0,
    "A_base": 1409724.0505811048,
    "A_onehot": 704862.0252905524,
    "B_reg": 1409724.0505811048,
    "onehot_multiplier": 0.5,
    "reg_multiplier": 1.0,
    "objective_magnitude_bound": 673535498.632452,
    "A_over_obj_bound": 0.001046510579949692,
    "B_over_obj_bound": 0.002093021159899384,
    "premium_max_abs": 2000.0,
    "sigma_abs_sum": 6121750238.430853,
    "R_size": 15,
    "Rmin": 9,
    "affordability_enabled": false,
    "disallow_penalty_multiplier": 100.0,
    "D_is_scaled_to_A_base_not_A": true,
    "Q_condition_number": 632199.0670166148,
    "Q_eigenvalue_min": -25679677.725193556,
    "Q_eigenvalue_max": 314962267.06434035,
    "Q_eigenvalue_range": [
      -25679677.725193556,
      314962267.06434035
    ],
    "Q_eigenvalue_percentiles": {
      "p0": -25679677.725193556,
      "p25": -314841.5302429803,
      "p50": 280432.7442531584,
      "p75": 1250660.8674927212,
      "p100": 314962267.06434035
    },
    "Q_eigenvalue_count_negative": 34,
    "Q_eigenvalue_count_positive": 79,
    "Q_eigenvalue_count_near_zero": 0,
    "note": "Condition number measures numerical stability; bounded growth with N suggests stable QUBO structure."
  }
}