{
  "scenario": "S2_risk_adjusted",
  "scenario_file": "config_qubo_S2.yaml",
  "seed": 2002,
  "ordering": "v = [x_1..x_N, y_1..y_M, z_1..z_K, t_0..t_{L-1}]",
  "N": 200,
  "M": 4,
  "K": 5,
  "L_reg_slack": 5,
  "n_total": 214,
  "x_range": [
    0,
    199
  ],
  "y_range": [
    200,
    203
  ],
  "z_range": [
    204,
    208
  ],
  "t_range": [
    209,
    213
  ],
  "C_scale": 282498.95339852537,
  "scale_factor": 10.0,
  "onehot_multiplier": 0.5,
  "reg_multiplier": 1.0,
  "A_base": 2824989.5339852534,
  "A_onehot": 1412494.7669926267,
  "B_reg": 2824989.5339852534,
  "lambda_risk": 0.1,
  "R_size": 30,
  "Rmin": 18,
  "R_indices_zero_based": [
    1,
    8,
    17,
    23,
    26,
    35,
    41,
    47,
    56,
    60,
    68,
    77,
    83,
    87,
    95,
    102,
    111,
    116,
    122,
    126,
    137,
    145,
    147,
    156,
    164,
    166,
    174,
    180,
    192,
    196
  ],
  "R_feature_ids_1based": [
    2,
    9,
    18,
    24,
    27,
    36,
    42,
    48,
    57,
    61,
    69,
    78,
    84,
    88,
    96,
    103,
    112,
    117,
    123,
    127,
    138,
    146,
    148,
    157,
    165,
    167,
    175,
    181,
    193,
    197,
    204,
    210,
    219,
    226,
    227,
    238,
    245,
    249,
    256,
    262,
    270,
    276,
    282,
    292,
    295
  ],
  "premium_bands": [
    1200.0,
    1400.0,
    1500.0,
    1800.0,
    2000.0
  ],
  "deductible_bands": [
    0.0,
    150.0,
    300.0,
    600.0
  ],
  "affordability_enabled": false,
  "disallow_premium_bands": [],
  "disallow_penalty_multiplier": 100.0,
  "D_affordability": null,
  "use_tight_regulation": false,
  "qubo_file": "qubo_Q_S2_risk_adjusted_N200.npz",
  "regulation_encoding": "surplus T>=0 with (sum_{i in R} x_i) - (sum_l 2^l t_l) = Rmin",
  "diagnostics": {
    "cfg_hash_sha256": "a074a5a1152410a00a5b2db1edaea4fabb2c41dabb8405df200d567ad75b3504",
    "C_scale": 282498.95339852537,
    "scale_factor": 10.0,
    "A_base": 2824989.5339852534,
    "A_onehot": 1412494.7669926267,
    "B_reg": 2824989.5339852534,
    "onehot_multiplier": 0.5,
    "reg_multiplier": 1.0,
    "objective_magnitude_bound": 2170515408.859331,
    "A_over_obj_bound": 0.0006507646806962471,
    "B_over_obj_bound": 0.0013015293613924941,
    "premium_max_abs": 2000.0,
    "sigma_abs_sum": 21702309099.059322,
    "R_size": 30,
    "Rmin": 18,
    "affordability_enabled": false,
    "disallow_penalty_multiplier": 100.0,
    "D_is_scaled_to_A_base_not_A": true,
    "Q_condition_number": 7285951.384457477,
    "Q_eigenvalue_min": -106219089.19070682,
    "Q_eigenvalue_max": 2496256653.194211,
    "Q_eigenvalue_range": [
      -106219089.19070682,
      2496256653.194211
    ],
    "Q_eigenvalue_percentiles": {
      "p0": -106219089.19070682,
      "p25": -296935.22764411557,
      "p50": 217827.79262170655,
      "p75": 1053037.1837801877,
      "p100": 2496256653.194211
    },
    "Q_eigenvalue_count_negative": 61,
    "Q_eigenvalue_count_positive": 153,
    "Q_eigenvalue_count_near_zero": 0,
    "note": "Condition number measures numerical stability; bounded growth with N suggests stable QUBO structure."
  }
}