{
  "scenario": "S3_tight_regulation",
  "scenario_file": "config_qubo_S3.yaml",
  "seed": 2002,
  "ordering": "v = [x_1..x_N, y_1..y_M, z_1..z_K, t_0..t_{L-1}]",
  "N": 60,
  "M": 4,
  "K": 5,
  "L_reg_slack": 4,
  "n_total": 73,
  "x_range": [
    0,
    59
  ],
  "y_range": [
    60,
    63
  ],
  "z_range": [
    64,
    68
  ],
  "t_range": [
    69,
    72
  ],
  "C_scale": 80446.62163816852,
  "scale_factor": 10.0,
  "onehot_multiplier": 0.5,
  "reg_multiplier": 1.0,
  "A_base": 804466.2163816852,
  "A_onehot": 402233.1081908426,
  "B_reg": 804466.2163816852,
  "lambda_risk": 0.0,
  "R_size": 9,
  "Rmin": 8,
  "R_indices_zero_based": [
    1,
    8,
    17,
    23,
    26,
    35,
    41,
    47,
    56
  ],
  "R_feature_ids_1based": [
    2,
    9,
    18,
    24,
    27,
    36,
    42,
    48,
    57,
    61,
    69,
    78,
    84,
    88,
    96,
    103,
    112,
    117,
    123,
    127,
    138,
    146,
    148,
    157,
    165,
    167,
    175,
    181,
    193,
    197,
    204,
    210,
    219,
    226,
    227,
    238,
    245,
    249,
    256,
    262,
    270,
    276,
    282,
    292,
    295
  ],
  "premium_bands": [
    1200.0,
    1400.0,
    1500.0,
    1800.0,
    2000.0
  ],
  "deductible_bands": [
    0.0,
    150.0,
    300.0,
    600.0
  ],
  "affordability_enabled": false,
  "disallow_premium_bands": [],
  "disallow_penalty_multiplier": 100.0,
  "D_affordability": null,
  "use_tight_regulation": true,
  "qubo_file": "qubo_Q_S3_tight_regulation_N60.npz",
  "regulation_encoding": "surplus T>=0 with (sum_{i in R} x_i) - (sum_l 2^l t_l) = Rmin",
  "diagnostics": {
    "cfg_hash_sha256": "45d738c9416a9fbd1a316be8c6f71b1eb86b208c2a6e82e7e9a5e8e6aa761644",
    "C_scale": 80446.62163816852,
    "scale_factor": 10.0,
    "A_base": 804466.2163816852,
    "A_onehot": 402233.1081908426,
    "B_reg": 804466.2163816852,
    "onehot_multiplier": 0.5,
    "reg_multiplier": 1.0,
    "objective_magnitude_bound": 82446.62163816852,
    "A_over_obj_bound": 4.878709402504244,
    "B_over_obj_bound": 9.757418805008488,
    "premium_max_abs": 2000.0,
    "sigma_abs_sum": 2039431427.102243,
    "R_size": 9,
    "Rmin": 8,
    "affordability_enabled": false,
    "disallow_penalty_multiplier": 100.0,
    "D_is_scaled_to_A_base_not_A": true,
    "Q_condition_number": 1338220.5719933037,
    "Q_eigenvalue_min": -12871176.273927707,
    "Q_eigenvalue_max": 165857080.88622594,
    "Q_eigenvalue_range": [
      -12871176.273927707,
      165857080.88622594
    ],
    "Q_eigenvalue_percentiles": {
      "p0": -12871176.273927707,
      "p25": 151.2686748923224,
      "p50": 761.0824272708707,
      "p75": 2256.8203524470114,
      "p100": 165857080.88622594
    },
    "Q_eigenvalue_count_negative": 16,
    "Q_eigenvalue_count_positive": 57,
    "Q_eigenvalue_count_near_zero": 0,
    "note": "Condition number measures numerical stability; bounded growth with N suggests stable QUBO structure."
  }
}