{
  "scenario": "S4_affordability",
  "scenario_file": "config_qubo_S4.yaml",
  "seed": 2002,
  "ordering": "v = [x_1..x_N, y_1..y_M, z_1..z_K, t_0..t_{L-1}]",
  "N": 300,
  "M": 4,
  "K": 5,
  "L_reg_slack": 5,
  "n_total": 314,
  "x_range": [
    0,
    299
  ],
  "y_range": [
    300,
    303
  ],
  "z_range": [
    304,
    308
  ],
  "t_range": [
    309,
    313
  ],
  "C_scale": 412284.67433468834,
  "scale_factor": 10.0,
  "onehot_multiplier": 0.5,
  "reg_multiplier": 1.0,
  "A_base": 4122846.7433468834,
  "A_onehot": 2061423.3716734417,
  "B_reg": 4122846.7433468834,
  "lambda_risk": 0.0,
  "R_size": 45,
  "Rmin": 27,
  "R_indices_zero_based": [
    1,
    8,
    17,
    23,
    26,
    35,
    41,
    47,
    56,
    60,
    68,
    77,
    83,
    87,
    95,
    102,
    111,
    116,
    122,
    126,
    137,
    145,
    147,
    156,
    164,
    166,
    174,
    180,
    192,
    196,
    203,
    209,
    218,
    225,
    226,
    237,
    244,
    248,
    255,
    261,
    269,
    275,
    281,
    291,
    294
  ],
  "R_feature_ids_1based": [
    2,
    9,
    18,
    24,
    27,
    36,
    42,
    48,
    57,
    61,
    69,
    78,
    84,
    88,
    96,
    103,
    112,
    117,
    123,
    127,
    138,
    146,
    148,
    157,
    165,
    167,
    175,
    181,
    193,
    197,
    204,
    210,
    219,
    226,
    227,
    238,
    245,
    249,
    256,
    262,
    270,
    276,
    282,
    292,
    295
  ],
  "premium_bands": [
    1200.0,
    1400.0,
    1500.0,
    1800.0,
    2000.0
  ],
  "deductible_bands": [
    0.0,
    150.0,
    300.0,
    600.0
  ],
  "affordability_enabled": true,
  "disallow_premium_bands": [
    4,
    5
  ],
  "disallow_penalty_multiplier": 100.0,
  "D_affordability": 412284674.33468837,
  "use_tight_regulation": false,
  "qubo_file": "qubo_Q_S4_affordability_N300.npz",
  "regulation_encoding": "surplus T>=0 with (sum_{i in R} x_i) - (sum_l 2^l t_l) = Rmin",
  "diagnostics": {
    "cfg_hash_sha256": "4e640505b73ba723b8edbc84f168c8cae682a43ebe49621e6c97744fdc87c39f",
    "C_scale": 412284.67433468834,
    "scale_factor": 10.0,
    "A_base": 4122846.7433468834,
    "A_onehot": 2061423.3716734417,
    "B_reg": 4122846.7433468834,
    "onehot_multiplier": 0.5,
    "reg_multiplier": 1.0,
    "objective_magnitude_bound": 414284.67433468834,
    "A_over_obj_bound": 4.975862008373689,
    "B_over_obj_bound": 9.951724016747377,
    "premium_max_abs": 2000.0,
    "sigma_abs_sum": 36821409401.68942,
    "R_size": 45,
    "Rmin": 27,
    "affordability_enabled": true,
    "disallow_penalty_multiplier": 100.0,
    "D_is_scaled_to_A_base_not_A": true,
    "Q_condition_number": 40249191.4251733,
    "Q_eigenvalue_min": -222633596.78751847,
    "Q_eigenvalue_max": 4798006537.425085,
    "Q_eigenvalue_range": [
      -222633596.78751847,
      4798006537.425085
    ],
    "Q_eigenvalue_percentiles": {
      "p0": -222633596.78751847,
      "p25": 300.8422189887499,
      "p50": 837.2542956146251,
      "p75": 2060.3115786571725,
      "p100": 4798006537.425085
    },
    "Q_eigenvalue_count_negative": 50,
    "Q_eigenvalue_count_positive": 264,
    "Q_eigenvalue_count_near_zero": 0,
    "note": "Condition number measures numerical stability; bounded growth with N suggests stable QUBO structure.",
    "D_affordability": 412284674.33468837,
    "D_over_premium_max_abs": 206142.33716734417,
    "D_over_obj_bound": 995.1724016747377
  }
}