{
  "scenario": "S1_cost_only",
  "scenario_file": "config_qubo_S1.yaml",
  "seed": 2002,
  "ordering": "v = [x_1..x_N, y_1..y_M, z_1..z_K, t_0..t_{L-1}]",
  "N": 150,
  "M": 4,
  "K": 5,
  "L_reg_slack": 4,
  "n_total": 163,
  "x_range": [
    0,
    149
  ],
  "y_range": [
    150,
    153
  ],
  "z_range": [
    154,
    158
  ],
  "t_range": [
    159,
    162
  ],
  "C_scale": 208956.9268642657,
  "scale_factor": 10.0,
  "onehot_multiplier": 0.5,
  "reg_multiplier": 1.0,
  "A_base": 2089569.268642657,
  "A_onehot": 1044784.6343213285,
  "B_reg": 2089569.268642657,
  "lambda_risk": 0.0,
  "R_size": 23,
  "Rmin": 14,
  "R_indices_zero_based": [
    1,
    8,
    17,
    23,
    26,
    35,
    41,
    47,
    56,
    60,
    68,
    77,
    83,
    87,
    95,
    102,
    111,
    116,
    122,
    126,
    137,
    145,
    147
  ],
  "R_feature_ids_1based": [
    2,
    9,
    18,
    24,
    27,
    36,
    42,
    48,
    57,
    61,
    69,
    78,
    84,
    88,
    96,
    103,
    112,
    117,
    123,
    127,
    138,
    146,
    148,
    157,
    165,
    167,
    175,
    181,
    193,
    197,
    204,
    210,
    219,
    226,
    227,
    238,
    245,
    249,
    256,
    262,
    270,
    276,
    282,
    292,
    295
  ],
  "premium_bands": [
    1200.0,
    1400.0,
    1500.0,
    1800.0,
    2000.0
  ],
  "deductible_bands": [
    0.0,
    150.0,
    300.0,
    600.0
  ],
  "affordability_enabled": false,
  "disallow_premium_bands": [],
  "disallow_penalty_multiplier": 100.0,
  "D_affordability": null,
  "use_tight_regulation": false,
  "qubo_file": "qubo_Q_S1_cost_only_N150.npz",
  "regulation_encoding": "surplus T>=0 with (sum_{i in R} x_i) - (sum_l 2^l t_l) = Rmin",
  "diagnostics": {
    "cfg_hash_sha256": "5fe4b7e8fdb89abefaee713447abea6b405dcbde20460f640913ab6a267c999c",
    "C_scale": 208956.9268642657,
    "scale_factor": 10.0,
    "A_base": 2089569.268642657,
    "A_onehot": 1044784.6343213285,
    "B_reg": 2089569.268642657,
    "onehot_multiplier": 0.5,
    "reg_multiplier": 1.0,
    "objective_magnitude_bound": 210956.9268642657,
    "A_over_obj_bound": 4.95259695830498,
    "B_over_obj_bound": 9.90519391660996,
    "premium_max_abs": 2000.0,
    "sigma_abs_sum": 11032744926.930952,
    "R_size": 23,
    "Rmin": 14,
    "affordability_enabled": false,
    "disallow_penalty_multiplier": 100.0,
    "D_is_scaled_to_A_base_not_A": true,
    "Q_condition_number": 5284931.3797081495,
    "Q_eigenvalue_min": -58507762.43836662,
    "Q_eigenvalue_max": 630003595.5609121,
    "Q_eigenvalue_range": [
      -58507762.43836662,
      630003595.5609121
    ],
    "Q_eigenvalue_percentiles": {
      "p0": -58507762.43836662,
      "p25": 263.9053074465174,
      "p50": 824.7308430067224,
      "p75": 2197.421055275596,
      "p100": 630003595.5609121
    },
    "Q_eigenvalue_count_negative": 30,
    "Q_eigenvalue_count_positive": 133,
    "Q_eigenvalue_count_near_zero": 0,
    "note": "Condition number measures numerical stability; bounded growth with N suggests stable QUBO structure."
  }
}