{
  "scenario": "S3_tight_regulation",
  "scenario_file": "config_qubo_S3.yaml",
  "seed": 2002,
  "ordering": "v = [x_1..x_N, y_1..y_M, z_1..z_K, t_0..t_{L-1}]",
  "N": 100,
  "M": 4,
  "K": 5,
  "L_reg_slack": 4,
  "n_total": 113,
  "x_range": [
    0,
    99
  ],
  "y_range": [
    100,
    103
  ],
  "z_range": [
    104,
    108
  ],
  "t_range": [
    109,
    112
  ],
  "C_scale": 140972.40505811048,
  "scale_factor": 10.0,
  "onehot_multiplier": 0.5,
  "reg_multiplier": 1.1,
  "A_base": 1409724.0505811048,
  "A_onehot": 704862.0252905524,
  "B_reg": 1550696.4556392154,
  "lambda_risk": 0.0,
  "R_size": 15,
  "Rmin": 13,
  "R_indices_zero_based": [
    1,
    8,
    17,
    23,
    26,
    35,
    41,
    47,
    56,
    60,
    68,
    77,
    83,
    87,
    95
  ],
  "R_feature_ids_1based": [
    2,
    9,
    18,
    24,
    27,
    36,
    42,
    48,
    57,
    61,
    69,
    78,
    84,
    88,
    96,
    103,
    112,
    117,
    123,
    127,
    138,
    146,
    148,
    157,
    165,
    167,
    175,
    181,
    193,
    197,
    204,
    210,
    219,
    226,
    227,
    238,
    245,
    249,
    256,
    262,
    270,
    276,
    282,
    292,
    295
  ],
  "premium_bands": [
    1200.0,
    1400.0,
    1500.0,
    1800.0,
    2000.0
  ],
  "deductible_bands": [
    0.0,
    150.0,
    300.0,
    600.0
  ],
  "affordability_enabled": false,
  "disallow_premium_bands": [],
  "disallow_penalty_multiplier": 100.0,
  "D_affordability": null,
  "use_tight_regulation": true,
  "qubo_file": "qubo_Q_S3_tight_regulation_N100.npz",
  "regulation_encoding": "surplus T>=0 with (sum_{i in R} x_i) - (sum_l 2^l t_l) = Rmin",
  "diagnostics": {
    "cfg_hash_sha256": "2aa0a18973edc17692e4522fe14df9ed0437222e19ad508587e87d8385d18476",
    "C_scale": 140972.40505811048,
    "scale_factor": 10.0,
    "A_base": 1409724.0505811048,
    "A_onehot": 704862.0252905524,
    "B_reg": 1550696.4556392154,
    "onehot_multiplier": 0.5,
    "reg_multiplier": 1.1,
    "objective_magnitude_bound": 142972.40505811048,
    "A_over_obj_bound": 4.930056432946375,
    "B_over_obj_bound": 10.846124152482025,
    "premium_max_abs": 2000.0,
    "sigma_abs_sum": 6121750238.430853,
    "R_size": 15,
    "Rmin": 13,
    "affordability_enabled": false,
    "disallow_penalty_multiplier": 100.0,
    "D_is_scaled_to_A_base_not_A": true,
    "Q_condition_number": 3694928.2659543827,
    "Q_eigenvalue_min": -40317879.24060082,
    "Q_eigenvalue_max": 440463257.82856345,
    "Q_eigenvalue_range": [
      -40317879.24060082,
      440463257.82856345
    ],
    "Q_eigenvalue_percentiles": {
      "p0": -40317879.24060082,
      "p25": 241.12291012258095,
      "p50": 926.9878443914456,
      "p75": 2256.820352456517,
      "p100": 440463257.82856345
    },
    "Q_eigenvalue_count_negative": 22,
    "Q_eigenvalue_count_positive": 91,
    "Q_eigenvalue_count_near_zero": 0,
    "note": "Condition number measures numerical stability; bounded growth with N suggests stable QUBO structure."
  }
}