{
  "scenario": "S4_affordability",
  "scenario_file": "config_qubo_S4.yaml",
  "seed": 2002,
  "ordering": "v = [x_1..x_N, y_1..y_M, z_1..z_K, t_0..t_{L-1}]",
  "N": 100,
  "M": 4,
  "K": 5,
  "L_reg_slack": 4,
  "n_total": 113,
  "x_range": [
    0,
    99
  ],
  "y_range": [
    100,
    103
  ],
  "z_range": [
    104,
    108
  ],
  "t_range": [
    109,
    112
  ],
  "C_scale": 140972.40505811048,
  "scale_factor": 10.0,
  "onehot_multiplier": 0.5,
  "reg_multiplier": 1.0,
  "A_base": 1409724.0505811048,
  "A_onehot": 704862.0252905524,
  "B_reg": 1409724.0505811048,
  "lambda_risk": 0.0,
  "R_size": 15,
  "Rmin": 9,
  "R_indices_zero_based": [
    1,
    8,
    17,
    23,
    26,
    35,
    41,
    47,
    56,
    60,
    68,
    77,
    83,
    87,
    95
  ],
  "R_feature_ids_1based": [
    2,
    9,
    18,
    24,
    27,
    36,
    42,
    48,
    57,
    61,
    69,
    78,
    84,
    88,
    96,
    103,
    112,
    117,
    123,
    127,
    138,
    146,
    148,
    157,
    165,
    167,
    175,
    181,
    193,
    197,
    204,
    210,
    219,
    226,
    227,
    238,
    245,
    249,
    256,
    262,
    270,
    276,
    282,
    292,
    295
  ],
  "premium_bands": [
    1200.0,
    1400.0,
    1500.0,
    1800.0,
    2000.0
  ],
  "deductible_bands": [
    0.0,
    150.0,
    300.0,
    600.0
  ],
  "affordability_enabled": true,
  "disallow_premium_bands": [
    4,
    5
  ],
  "disallow_penalty_multiplier": 100.0,
  "D_affordability": 140972405.05811048,
  "use_tight_regulation": false,
  "qubo_file": "qubo_Q_S4_affordability_N100.npz",
  "regulation_encoding": "surplus T>=0 with (sum_{i in R} x_i) - (sum_l 2^l t_l) = Rmin",
  "diagnostics": {
    "cfg_hash_sha256": "79053db957b6df7367a0508c9c38933eed449890c9706d4d72462cffd931b289",
    "C_scale": 140972.40505811048,
    "scale_factor": 10.0,
    "A_base": 1409724.0505811048,
    "A_onehot": 704862.0252905524,
    "B_reg": 1409724.0505811048,
    "onehot_multiplier": 0.5,
    "reg_multiplier": 1.0,
    "objective_magnitude_bound": 142972.40505811048,
    "A_over_obj_bound": 4.930056432946375,
    "B_over_obj_bound": 9.86011286589275,
    "premium_max_abs": 2000.0,
    "sigma_abs_sum": 6121750238.430853,
    "R_size": 15,
    "Rmin": 9,
    "affordability_enabled": true,
    "disallow_penalty_multiplier": 100.0,
    "D_is_scaled_to_A_base_not_A": true,
    "Q_condition_number": 2641963.764438458,
    "Q_eigenvalue_min": -25374804.304452248,
    "Q_eigenvalue_max": 314941964.54952157,
    "Q_eigenvalue_range": [
      -25374804.304452248,
      314941964.54952157
    ],
    "Q_eigenvalue_percentiles": {
      "p0": -25374804.304452248,
      "p25": 299.5865550777694,
      "p50": 958.5489274278576,
      "p75": 2293.9606335742333,
      "p100": 314941964.54952157
    },
    "Q_eigenvalue_count_negative": 20,
    "Q_eigenvalue_count_positive": 93,
    "Q_eigenvalue_count_near_zero": 0,
    "note": "Condition number measures numerical stability; bounded growth with N suggests stable QUBO structure.",
    "D_affordability": 140972405.05811048,
    "D_over_premium_max_abs": 70486.20252905524,
    "D_over_obj_bound": 986.011286589275
  }
}