{
  "scenario": "S2_risk_adjusted",
  "scenario_file": "config_qubo_S2.yaml",
  "seed": 2002,
  "ordering": "v = [x_1..x_N, y_1..y_M, z_1..z_K, t_0..t_{L-1}]",
  "N": 60,
  "M": 4,
  "K": 5,
  "L_reg_slack": 3,
  "n_total": 72,
  "x_range": [
    0,
    59
  ],
  "y_range": [
    60,
    63
  ],
  "z_range": [
    64,
    68
  ],
  "t_range": [
    69,
    71
  ],
  "C_scale": 80446.62163816852,
  "scale_factor": 10.0,
  "onehot_multiplier": 0.5,
  "reg_multiplier": 1.0,
  "A_base": 804466.2163816852,
  "A_onehot": 402233.1081908426,
  "B_reg": 804466.2163816852,
  "lambda_risk": 0.1,
  "R_size": 9,
  "Rmin": 6,
  "R_indices_zero_based": [
    1,
    8,
    17,
    23,
    26,
    35,
    41,
    47,
    56
  ],
  "R_feature_ids_1based": [
    2,
    9,
    18,
    24,
    27,
    36,
    42,
    48,
    57,
    61,
    69,
    78,
    84,
    88,
    96,
    103,
    112,
    117,
    123,
    127,
    138,
    146,
    148,
    157,
    165,
    167,
    175,
    181,
    193,
    197,
    204,
    210,
    219,
    226,
    227,
    238,
    245,
    249,
    256,
    262,
    270,
    276,
    282,
    292,
    295
  ],
  "premium_bands": [
    1200.0,
    1400.0,
    1500.0,
    1800.0,
    2000.0
  ],
  "deductible_bands": [
    0.0,
    150.0,
    300.0,
    600.0
  ],
  "affordability_enabled": false,
  "disallow_premium_bands": [],
  "disallow_penalty_multiplier": 100.0,
  "D_affordability": null,
  "use_tight_regulation": false,
  "qubo_file": "qubo_Q_S2_risk_adjusted_N60.npz",
  "regulation_encoding": "surplus T>=0 with (sum_{i in R} x_i) - (sum_l 2^l t_l) = Rmin",
  "diagnostics": {
    "cfg_hash_sha256": "163a8cdd2be9dff3ac314fa5da60a208761c845c0db5d70980f9ca0cf8c54c76",
    "C_scale": 80446.62163816852,
    "scale_factor": 10.0,
    "A_base": 804466.2163816852,
    "A_onehot": 402233.1081908426,
    "B_reg": 804466.2163816852,
    "onehot_multiplier": 0.5,
    "reg_multiplier": 1.0,
    "objective_magnitude_bound": 204025589.33186248,
    "A_over_obj_bound": 0.001971483623735948,
    "B_over_obj_bound": 0.003942967247471896,
    "premium_max_abs": 2000.0,
    "sigma_abs_sum": 2039431427.102243,
    "R_size": 9,
    "Rmin": 6,
    "affordability_enabled": false,
    "disallow_penalty_multiplier": 100.0,
    "D_is_scaled_to_A_base_not_A": true,
    "Q_condition_number": 157745.40486033034,
    "Q_eigenvalue_min": -9871883.093564527,
    "Q_eigenvalue_max": 55137020.24200012,
    "Q_eigenvalue_range": [
      -9871883.093564527,
      55137020.24200012
    ],
    "Q_eigenvalue_percentiles": {
      "p0": -9871883.093564527,
      "p25": -416614.1461380898,
      "p50": 207040.15035952677,
      "p75": 833175.4842065301,
      "p100": 55137020.24200012
    },
    "Q_eigenvalue_count_negative": 23,
    "Q_eigenvalue_count_positive": 49,
    "Q_eigenvalue_count_near_zero": 0,
    "note": "Condition number measures numerical stability; bounded growth with N suggests stable QUBO structure."
  }
}