{
  "scenario": "S4_affordability",
  "scenario_file": "config_qubo_S4.yaml",
  "seed": 2002,
  "ordering": "v = [x_1..x_N, y_1..y_M, z_1..z_K, t_0..t_{L-1}]",
  "N": 60,
  "M": 4,
  "K": 5,
  "L_reg_slack": 3,
  "n_total": 72,
  "x_range": [
    0,
    59
  ],
  "y_range": [
    60,
    63
  ],
  "z_range": [
    64,
    68
  ],
  "t_range": [
    69,
    71
  ],
  "C_scale": 80446.62163816852,
  "scale_factor": 10.0,
  "onehot_multiplier": 0.5,
  "reg_multiplier": 1.0,
  "A_base": 804466.2163816852,
  "A_onehot": 402233.1081908426,
  "B_reg": 804466.2163816852,
  "lambda_risk": 0.0,
  "R_size": 9,
  "Rmin": 6,
  "R_indices_zero_based": [
    1,
    8,
    17,
    23,
    26,
    35,
    41,
    47,
    56
  ],
  "R_feature_ids_1based": [
    2,
    9,
    18,
    24,
    27,
    36,
    42,
    48,
    57,
    61,
    69,
    78,
    84,
    88,
    96,
    103,
    112,
    117,
    123,
    127,
    138,
    146,
    148,
    157,
    165,
    167,
    175,
    181,
    193,
    197,
    204,
    210,
    219,
    226,
    227,
    238,
    245,
    249,
    256,
    262,
    270,
    276,
    282,
    292,
    295
  ],
  "premium_bands": [
    1200.0,
    1400.0,
    1500.0,
    1800.0,
    2000.0
  ],
  "deductible_bands": [
    0.0,
    150.0,
    300.0,
    600.0
  ],
  "affordability_enabled": true,
  "disallow_premium_bands": [
    4,
    5
  ],
  "disallow_penalty_multiplier": 100.0,
  "D_affordability": 80446621.63816853,
  "use_tight_regulation": false,
  "qubo_file": "qubo_Q_S4_affordability_N60.npz",
  "regulation_encoding": "surplus T>=0 with (sum_{i in R} x_i) - (sum_l 2^l t_l) = Rmin",
  "diagnostics": {
    "cfg_hash_sha256": "462c06d3e6171f14134974a560580246de7830f64bd392906f14b0a8f43201ff",
    "C_scale": 80446.62163816852,
    "scale_factor": 10.0,
    "A_base": 804466.2163816852,
    "A_onehot": 402233.1081908426,
    "B_reg": 804466.2163816852,
    "onehot_multiplier": 0.5,
    "reg_multiplier": 1.0,
    "objective_magnitude_bound": 82446.62163816852,
    "A_over_obj_bound": 4.878709402504244,
    "B_over_obj_bound": 9.757418805008488,
    "premium_max_abs": 2000.0,
    "sigma_abs_sum": 2039431427.102243,
    "R_size": 9,
    "Rmin": 6,
    "affordability_enabled": true,
    "disallow_penalty_multiplier": 100.0,
    "D_is_scaled_to_A_base_not_A": true,
    "Q_condition_number": 649167.3912324767,
    "Q_eigenvalue_min": -9653311.408400895,
    "Q_eigenvalue_max": 80456847.52566843,
    "Q_eigenvalue_range": [
      -9653311.408400895,
      80456847.52566843
    ],
    "Q_eigenvalue_percentiles": {
      "p0": -9653311.408400895,
      "p25": 221.8962765896306,
      "p50": 826.7007072291035,
      "p75": 2355.2393751934974,
      "p100": 80456847.52566843
    },
    "Q_eigenvalue_count_negative": 14,
    "Q_eigenvalue_count_positive": 58,
    "Q_eigenvalue_count_near_zero": 0,
    "note": "Condition number measures numerical stability; bounded growth with N suggests stable QUBO structure.",
    "D_affordability": 80446621.63816853,
    "D_over_premium_max_abs": 40223.31081908426,
    "D_over_obj_bound": 975.7418805008489
  }
}