{
  "scenario": "S2_risk_adjusted",
  "scenario_file": "config_qubo_S2.yaml",
  "seed": 2002,
  "ordering": "v = [x_1..x_N, y_1..y_M, z_1..z_K, t_0..t_{L-1}]",
  "N": 150,
  "M": 4,
  "K": 5,
  "L_reg_slack": 4,
  "n_total": 163,
  "x_range": [
    0,
    149
  ],
  "y_range": [
    150,
    153
  ],
  "z_range": [
    154,
    158
  ],
  "t_range": [
    159,
    162
  ],
  "C_scale": 208956.9268642657,
  "scale_factor": 10.0,
  "onehot_multiplier": 0.5,
  "reg_multiplier": 1.0,
  "A_base": 2089569.268642657,
  "A_onehot": 1044784.6343213285,
  "B_reg": 2089569.268642657,
  "lambda_risk": 0.1,
  "R_size": 23,
  "Rmin": 14,
  "R_indices_zero_based": [
    1,
    8,
    17,
    23,
    26,
    35,
    41,
    47,
    56,
    60,
    68,
    77,
    83,
    87,
    95,
    102,
    111,
    116,
    122,
    126,
    137,
    145,
    147
  ],
  "R_feature_ids_1based": [
    2,
    9,
    18,
    24,
    27,
    36,
    42,
    48,
    57,
    61,
    69,
    78,
    84,
    88,
    96,
    103,
    112,
    117,
    123,
    127,
    138,
    146,
    148,
    157,
    165,
    167,
    175,
    181,
    193,
    197,
    204,
    210,
    219,
    226,
    227,
    238,
    245,
    249,
    256,
    262,
    270,
    276,
    282,
    292,
    295
  ],
  "premium_bands": [
    1200.0,
    1400.0,
    1500.0,
    1800.0,
    2000.0
  ],
  "deductible_bands": [
    0.0,
    150.0,
    300.0,
    600.0
  ],
  "affordability_enabled": false,
  "disallow_premium_bands": [],
  "disallow_penalty_multiplier": 100.0,
  "D_affordability": null,
  "use_tight_regulation": false,
  "qubo_file": "qubo_Q_S2_risk_adjusted_N150.npz",
  "regulation_encoding": "surplus T>=0 with (sum_{i in R} x_i) - (sum_l 2^l t_l) = Rmin",
  "diagnostics": {
    "cfg_hash_sha256": "bf3663388800257f0b61c99d1db0874c95d18c5142d9aa0122c6364c5157a131",
    "C_scale": 208956.9268642657,
    "scale_factor": 10.0,
    "A_base": 2089569.268642657,
    "A_onehot": 1044784.6343213285,
    "B_reg": 2089569.268642657,
    "onehot_multiplier": 0.5,
    "reg_multiplier": 1.0,
    "objective_magnitude_bound": 1103485449.6199594,
    "A_over_obj_bound": 0.0009468041782346587,
    "B_over_obj_bound": 0.0018936083564693174,
    "premium_max_abs": 2000.0,
    "sigma_abs_sum": 11032744926.930952,
    "R_size": 23,
    "Rmin": 14,
    "affordability_enabled": false,
    "disallow_penalty_multiplier": 100.0,
    "D_is_scaled_to_A_base_not_A": true,
    "Q_condition_number": 833619.3871415851,
    "Q_eigenvalue_min": -58515426.42518302,
    "Q_eigenvalue_max": 630020691.6416156,
    "Q_eigenvalue_range": [
      -58515426.42518302,
      630020691.6416156
    ],
    "Q_eigenvalue_percentiles": {
      "p0": -58515426.42518302,
      "p25": -310363.5156656037,
      "p50": 217347.82896854964,
      "p75": 1000667.3123310094,
      "p100": 630020691.6416156
    },
    "Q_eigenvalue_count_negative": 50,
    "Q_eigenvalue_count_positive": 113,
    "Q_eigenvalue_count_near_zero": 0,
    "note": "Condition number measures numerical stability; bounded growth with N suggests stable QUBO structure."
  }
}