{
  "scenario": "S3_tight_regulation",
  "scenario_file": "config_qubo_S3.yaml",
  "seed": 1007,
  "ordering": "v = [x_1..x_N, y_1..y_M, z_1..z_K, t_0..t_{L-1}]",
  "N": 20,
  "M": 4,
  "K": 5,
  "L_reg_slack": 2,
  "n_total": 31,
  "x_range": [
    0,
    19
  ],
  "y_range": [
    20,
    23
  ],
  "z_range": [
    24,
    28
  ],
  "t_range": [
    29,
    30
  ],
  "C_scale": 20678.68149291659,
  "scale_factor": 10.0,
  "onehot_multiplier": 0.5,
  "reg_multiplier": 1.0,
  "A_base": 206786.81492916588,
  "A_onehot": 103393.40746458294,
  "B_reg": 206786.81492916588,
  "lambda_risk": 0.0,
  "R_size": 3,
  "Rmin": 3,
  "R_indices_zero_based": [
    5,
    6,
    13
  ],
  "R_feature_ids_1based": [
    6,
    7,
    14,
    26,
    28,
    34,
    41,
    50,
    56,
    66,
    67,
    75,
    86,
    92,
    99,
    106,
    107,
    119,
    126,
    129,
    140,
    146,
    153,
    156,
    166,
    169,
    178,
    182,
    193,
    194,
    204,
    212,
    218,
    223,
    232,
    234,
    246,
    251,
    255,
    264,
    273,
    276,
    286,
    291,
    296
  ],
  "premium_bands": [
    1200.0,
    1400.0,
    1500.0,
    1800.0,
    2000.0
  ],
  "deductible_bands": [
    0.0,
    150.0,
    300.0,
    600.0
  ],
  "affordability_enabled": false,
  "disallow_premium_bands": [],
  "disallow_penalty_multiplier": 100.0,
  "D_affordability": null,
  "use_tight_regulation": true,
  "qubo_file": "qubo_Q_S3_tight_regulation_N20.npz",
  "regulation_encoding": "surplus T>=0 with (sum_{i in R} x_i) - (sum_l 2^l t_l) = Rmin",
  "diagnostics": {
    "cfg_hash_sha256": "d726f63a4f8ea4bfe0cee06446cb4202f5ec86add881e0730fb0fc20db8da220",
    "C_scale": 20678.68149291659,
    "scale_factor": 10.0,
    "A_base": 206786.81492916588,
    "A_onehot": 103393.40746458294,
    "B_reg": 206786.81492916588,
    "onehot_multiplier": 0.5,
    "reg_multiplier": 1.0,
    "objective_magnitude_bound": 22678.68149291659,
    "A_over_obj_bound": 4.559057258107206,
    "B_over_obj_bound": 9.118114516214412,
    "premium_max_abs": 2000.0,
    "sigma_abs_sum": 108059016.55681537,
    "R_size": 3,
    "Rmin": 3,
    "affordability_enabled": false,
    "disallow_penalty_multiplier": 100.0,
    "D_is_scaled_to_A_base_not_A": true,
    "Q_condition_number": 25562.34751053979,
    "Q_eigenvalue_min": -1240091.87630529,
    "Q_eigenvalue_max": 3541383.8637257474,
    "Q_eigenvalue_range": [
      -1240091.87630529,
      3541383.8637257474
    ],
    "Q_eigenvalue_percentiles": {
      "p0": -1240091.87630529,
      "p25": -206786.8149291659,
      "p50": 715.6704205551566,
      "p75": 1416.3048775541215,
      "p100": 3541383.8637257474
    },
    "Q_eigenvalue_count_negative": 10,
    "Q_eigenvalue_count_positive": 21,
    "Q_eigenvalue_count_near_zero": 0,
    "note": "Condition number measures numerical stability; bounded growth with N suggests stable QUBO structure."
  }
}