{
  "scenario": "S1_cost_only",
  "scenario_file": "config_qubo_S1.yaml",
  "seed": 1007,
  "ordering": "v = [x_1..x_N, y_1..y_M, z_1..z_K, t_0..t_{L-1}]",
  "N": 30,
  "M": 4,
  "K": 5,
  "L_reg_slack": 2,
  "n_total": 41,
  "x_range": [
    0,
    29
  ],
  "y_range": [
    30,
    33
  ],
  "z_range": [
    34,
    38
  ],
  "t_range": [
    39,
    40
  ],
  "C_scale": 30878.44233652551,
  "scale_factor": 10.0,
  "onehot_multiplier": 0.5,
  "reg_multiplier": 1.0,
  "A_base": 308784.4233652551,
  "A_onehot": 154392.21168262756,
  "B_reg": 308784.4233652551,
  "lambda_risk": 0.0,
  "R_size": 5,
  "Rmin": 3,
  "R_indices_zero_based": [
    5,
    6,
    13,
    25,
    27
  ],
  "R_feature_ids_1based": [
    6,
    7,
    14,
    26,
    28,
    34,
    41,
    50,
    56,
    66,
    67,
    75,
    86,
    92,
    99,
    106,
    107,
    119,
    126,
    129,
    140,
    146,
    153,
    156,
    166,
    169,
    178,
    182,
    193,
    194,
    204,
    212,
    218,
    223,
    232,
    234,
    246,
    251,
    255,
    264,
    273,
    276,
    286,
    291,
    296
  ],
  "premium_bands": [
    1200.0,
    1400.0,
    1500.0,
    1800.0,
    2000.0
  ],
  "deductible_bands": [
    0.0,
    150.0,
    300.0,
    600.0
  ],
  "affordability_enabled": false,
  "disallow_premium_bands": [],
  "disallow_penalty_multiplier": 100.0,
  "D_affordability": null,
  "use_tight_regulation": false,
  "qubo_file": "qubo_Q_S1_cost_only_N30.npz",
  "regulation_encoding": "surplus T>=0 with (sum_{i in R} x_i) - (sum_l 2^l t_l) = Rmin",
  "diagnostics": {
    "cfg_hash_sha256": "899d1a5ec86ad085d713cc45f60f5e83ed5a9664c2ae7195b66b54e65514ddcf",
    "C_scale": 30878.44233652551,
    "scale_factor": 10.0,
    "A_base": 308784.4233652551,
    "A_onehot": 154392.21168262756,
    "B_reg": 308784.4233652551,
    "onehot_multiplier": 0.5,
    "reg_multiplier": 1.0,
    "objective_magnitude_bound": 32878.442336525506,
    "A_over_obj_bound": 4.695849338066399,
    "B_over_obj_bound": 9.391698676132798,
    "premium_max_abs": 2000.0,
    "sigma_abs_sum": 164817102.443146,
    "R_size": 5,
    "Rmin": 3,
    "affordability_enabled": false,
    "disallow_penalty_multiplier": 100.0,
    "D_is_scaled_to_A_base_not_A": true,
    "Q_condition_number": 39422.36812328557,
    "Q_eigenvalue_min": -1852382.777451352,
    "Q_eigenvalue_max": 5461538.236442739,
    "Q_eigenvalue_range": [
      -1852382.777451352,
      5461538.236442739
    ],
    "Q_eigenvalue_percentiles": {
      "p0": -1852382.777451352,
      "p25": -308784.4233652549,
      "p50": 715.6704205552691,
      "p75": 1180.7302410256218,
      "p100": 5461538.236442739
    },
    "Q_eigenvalue_count_negative": 12,
    "Q_eigenvalue_count_positive": 29,
    "Q_eigenvalue_count_near_zero": 0,
    "note": "Condition number measures numerical stability; bounded growth with N suggests stable QUBO structure."
  }
}