{
  "scenario": "S4_affordability",
  "scenario_file": "config_qubo_S4.yaml",
  "seed": 1007,
  "ordering": "v = [x_1..x_N, y_1..y_M, z_1..z_K, t_0..t_{L-1}]",
  "N": 40,
  "M": 4,
  "K": 5,
  "L_reg_slack": 3,
  "n_total": 52,
  "x_range": [
    0,
    39
  ],
  "y_range": [
    40,
    43
  ],
  "z_range": [
    44,
    48
  ],
  "t_range": [
    49,
    51
  ],
  "C_scale": 45661.175129465235,
  "scale_factor": 10.0,
  "onehot_multiplier": 0.5,
  "reg_multiplier": 1.0,
  "A_base": 456611.75129465235,
  "A_onehot": 228305.87564732617,
  "B_reg": 456611.75129465235,
  "lambda_risk": 0.0,
  "R_size": 6,
  "Rmin": 4,
  "R_indices_zero_based": [
    5,
    6,
    13,
    25,
    27,
    33
  ],
  "R_feature_ids_1based": [
    6,
    7,
    14,
    26,
    28,
    34,
    41,
    50,
    56,
    66,
    67,
    75,
    86,
    92,
    99,
    106,
    107,
    119,
    126,
    129,
    140,
    146,
    153,
    156,
    166,
    169,
    178,
    182,
    193,
    194,
    204,
    212,
    218,
    223,
    232,
    234,
    246,
    251,
    255,
    264,
    273,
    276,
    286,
    291,
    296
  ],
  "premium_bands": [
    1200.0,
    1400.0,
    1500.0,
    1800.0,
    2000.0
  ],
  "deductible_bands": [
    0.0,
    150.0,
    300.0,
    600.0
  ],
  "affordability_enabled": true,
  "disallow_premium_bands": [
    4,
    5
  ],
  "disallow_penalty_multiplier": 100.0,
  "D_affordability": 45661175.12946524,
  "use_tight_regulation": false,
  "qubo_file": "qubo_Q_S4_affordability_N40.npz",
  "regulation_encoding": "surplus T>=0 with (sum_{i in R} x_i) - (sum_l 2^l t_l) = Rmin",
  "diagnostics": {
    "cfg_hash_sha256": "7faa4ed71ebdfceb5df99ec0ac4b1bd5f406a6bd6347f4abc559f967f72355fb",
    "C_scale": 45661.175129465235,
    "scale_factor": 10.0,
    "A_base": 456611.75129465235,
    "A_onehot": 228305.87564732617,
    "B_reg": 456611.75129465235,
    "onehot_multiplier": 0.5,
    "reg_multiplier": 1.0,
    "objective_magnitude_bound": 47661.175129465235,
    "A_over_obj_bound": 4.790185618108737,
    "B_over_obj_bound": 9.580371236217474,
    "premium_max_abs": 2000.0,
    "sigma_abs_sum": 603940511.2369184,
    "R_size": 6,
    "Rmin": 4,
    "affordability_enabled": true,
    "disallow_penalty_multiplier": 100.0,
    "D_is_scaled_to_A_base_not_A": true,
    "Q_condition_number": 329626.56397618196,
    "Q_eigenvalue_min": -3652570.8626986304,
    "Q_eigenvalue_max": 45666157.78342157,
    "Q_eigenvalue_range": [
      -3652570.8626986304,
      45666157.78342157
    ],
    "Q_eigenvalue_percentiles": {
      "p0": -3652570.8626986304,
      "p25": 223.48103949004735,
      "p50": 770.0584669303221,
      "p75": 1964.9909754705704,
      "p100": 45666157.78342157
    },
    "Q_eigenvalue_count_negative": 11,
    "Q_eigenvalue_count_positive": 41,
    "Q_eigenvalue_count_near_zero": 0,
    "note": "Condition number measures numerical stability; bounded growth with N suggests stable QUBO structure.",
    "D_affordability": 45661175.12946524,
    "D_over_premium_max_abs": 22830.587564732617,
    "D_over_obj_bound": 958.0371236217474
  }
}