{
  "scenario": "S3_tight_regulation",
  "scenario_file": "config_qubo_S3.yaml",
  "seed": 1007,
  "ordering": "v = [x_1..x_N, y_1..y_M, z_1..z_K, t_0..t_{L-1}]",
  "N": 50,
  "M": 4,
  "K": 5,
  "L_reg_slack": 3,
  "n_total": 62,
  "x_range": [
    0,
    49
  ],
  "y_range": [
    50,
    53
  ],
  "z_range": [
    54,
    58
  ],
  "t_range": [
    59,
    61
  ],
  "C_scale": 62297.98905804093,
  "scale_factor": 10.0,
  "onehot_multiplier": 0.5,
  "reg_multiplier": 1.0,
  "A_base": 622979.8905804092,
  "A_onehot": 311489.9452902046,
  "B_reg": 622979.8905804092,
  "lambda_risk": 0.0,
  "R_size": 8,
  "Rmin": 7,
  "R_indices_zero_based": [
    5,
    6,
    13,
    25,
    27,
    33,
    40,
    49
  ],
  "R_feature_ids_1based": [
    6,
    7,
    14,
    26,
    28,
    34,
    41,
    50,
    56,
    66,
    67,
    75,
    86,
    92,
    99,
    106,
    107,
    119,
    126,
    129,
    140,
    146,
    153,
    156,
    166,
    169,
    178,
    182,
    193,
    194,
    204,
    212,
    218,
    223,
    232,
    234,
    246,
    251,
    255,
    264,
    273,
    276,
    286,
    291,
    296
  ],
  "premium_bands": [
    1200.0,
    1400.0,
    1500.0,
    1800.0,
    2000.0
  ],
  "deductible_bands": [
    0.0,
    150.0,
    300.0,
    600.0
  ],
  "affordability_enabled": false,
  "disallow_premium_bands": [],
  "disallow_penalty_multiplier": 100.0,
  "D_affordability": null,
  "use_tight_regulation": true,
  "qubo_file": "qubo_Q_S3_tight_regulation_N50.npz",
  "regulation_encoding": "surplus T>=0 with (sum_{i in R} x_i) - (sum_l 2^l t_l) = Rmin",
  "diagnostics": {
    "cfg_hash_sha256": "914303f60dfc7ce8894d054b98624cd1bbc1f67516f6d58fcb3cec3d1d3c6741",
    "C_scale": 62297.98905804093,
    "scale_factor": 10.0,
    "A_base": 622979.8905804092,
    "A_onehot": 311489.9452902046,
    "B_reg": 622979.8905804092,
    "onehot_multiplier": 0.5,
    "reg_multiplier": 1.0,
    "objective_magnitude_bound": 64297.98905804093,
    "A_over_obj_bound": 4.844474140692438,
    "B_over_obj_bound": 9.688948281384876,
    "premium_max_abs": 2000.0,
    "sigma_abs_sum": 903522458.6438292,
    "R_size": 8,
    "Rmin": 7,
    "affordability_enabled": false,
    "disallow_penalty_multiplier": 100.0,
    "D_is_scaled_to_A_base_not_A": true,
    "Q_condition_number": 340552.5253325786,
    "Q_eigenvalue_min": -8721402.159272997,
    "Q_eigenvalue_max": 47179830.314639226,
    "Q_eigenvalue_range": [
      -8721402.159272997,
      47179830.314639226
    ],
    "Q_eigenvalue_percentiles": {
      "p0": -8721402.159272997,
      "p25": 147.86852699566393,
      "p50": 770.0584669301738,
      "p75": 1884.7182191376214,
      "p100": 47179830.314639226
    },
    "Q_eigenvalue_count_negative": 15,
    "Q_eigenvalue_count_positive": 47,
    "Q_eigenvalue_count_near_zero": 0,
    "note": "Condition number measures numerical stability; bounded growth with N suggests stable QUBO structure."
  }
}