{
  "scenario": "S4_affordability",
  "scenario_file": "config_qubo_S4.yaml",
  "seed": 1007,
  "ordering": "v = [x_1..x_N, y_1..y_M, z_1..z_K, t_0..t_{L-1}]",
  "N": 50,
  "M": 4,
  "K": 5,
  "L_reg_slack": 3,
  "n_total": 62,
  "x_range": [
    0,
    49
  ],
  "y_range": [
    50,
    53
  ],
  "z_range": [
    54,
    58
  ],
  "t_range": [
    59,
    61
  ],
  "C_scale": 62297.98905804093,
  "scale_factor": 10.0,
  "onehot_multiplier": 0.5,
  "reg_multiplier": 1.0,
  "A_base": 622979.8905804092,
  "A_onehot": 311489.9452902046,
  "B_reg": 622979.8905804092,
  "lambda_risk": 0.0,
  "R_size": 8,
  "Rmin": 5,
  "R_indices_zero_based": [
    5,
    6,
    13,
    25,
    27,
    33,
    40,
    49
  ],
  "R_feature_ids_1based": [
    6,
    7,
    14,
    26,
    28,
    34,
    41,
    50,
    56,
    66,
    67,
    75,
    86,
    92,
    99,
    106,
    107,
    119,
    126,
    129,
    140,
    146,
    153,
    156,
    166,
    169,
    178,
    182,
    193,
    194,
    204,
    212,
    218,
    223,
    232,
    234,
    246,
    251,
    255,
    264,
    273,
    276,
    286,
    291,
    296
  ],
  "premium_bands": [
    1200.0,
    1400.0,
    1500.0,
    1800.0,
    2000.0
  ],
  "deductible_bands": [
    0.0,
    150.0,
    300.0,
    600.0
  ],
  "affordability_enabled": true,
  "disallow_premium_bands": [
    4,
    5
  ],
  "disallow_penalty_multiplier": 100.0,
  "D_affordability": 62297989.05804092,
  "use_tight_regulation": false,
  "qubo_file": "qubo_Q_S4_affordability_N50.npz",
  "regulation_encoding": "surplus T>=0 with (sum_{i in R} x_i) - (sum_l 2^l t_l) = Rmin",
  "diagnostics": {
    "cfg_hash_sha256": "dc2c4a404ea56a286edeaeb32dc587c3390910b535c7f96d68a1f59834cbca6c",
    "C_scale": 62297.98905804093,
    "scale_factor": 10.0,
    "A_base": 622979.8905804092,
    "A_onehot": 311489.9452902046,
    "B_reg": 622979.8905804092,
    "onehot_multiplier": 0.5,
    "reg_multiplier": 1.0,
    "objective_magnitude_bound": 64297.98905804093,
    "A_over_obj_bound": 4.844474140692438,
    "B_over_obj_bound": 9.688948281384876,
    "premium_max_abs": 2000.0,
    "sigma_abs_sum": 903522458.6438292,
    "R_size": 8,
    "Rmin": 5,
    "affordability_enabled": true,
    "disallow_penalty_multiplier": 100.0,
    "D_is_scaled_to_A_base_not_A": true,
    "Q_condition_number": 449732.1886687299,
    "Q_eigenvalue_min": -6229482.597558508,
    "Q_eigenvalue_max": 62305479.38875267,
    "Q_eigenvalue_range": [
      -6229482.597558508,
      62305479.38875267
    ],
    "Q_eigenvalue_percentiles": {
      "p0": -6229482.597558508,
      "p25": 195.71163848689224,
      "p50": 856.1811184315762,
      "p75": 2143.4179980719255,
      "p100": 62305479.38875267
    },
    "Q_eigenvalue_count_negative": 13,
    "Q_eigenvalue_count_positive": 49,
    "Q_eigenvalue_count_near_zero": 0,
    "note": "Condition number measures numerical stability; bounded growth with N suggests stable QUBO structure.",
    "D_affordability": 62297989.05804092,
    "D_over_premium_max_abs": 31148.99452902046,
    "D_over_obj_bound": 968.8948281384876
  }
}