{
  "scenario": "S2_risk_adjusted",
  "scenario_file": "config_qubo_S2.yaml",
  "seed": 1007,
  "ordering": "v = [x_1..x_N, y_1..y_M, z_1..z_K, t_0..t_{L-1}]",
  "N": 20,
  "M": 4,
  "K": 5,
  "L_reg_slack": 2,
  "n_total": 31,
  "x_range": [
    0,
    19
  ],
  "y_range": [
    20,
    23
  ],
  "z_range": [
    24,
    28
  ],
  "t_range": [
    29,
    30
  ],
  "C_scale": 20678.68149291659,
  "scale_factor": 10.0,
  "onehot_multiplier": 0.5,
  "reg_multiplier": 1.0,
  "A_base": 206786.81492916588,
  "A_onehot": 103393.40746458294,
  "B_reg": 206786.81492916588,
  "lambda_risk": 0.1,
  "R_size": 3,
  "Rmin": 2,
  "R_indices_zero_based": [
    5,
    6,
    13
  ],
  "R_feature_ids_1based": [
    6,
    7,
    14,
    26,
    28,
    34,
    41,
    50,
    56,
    66,
    67,
    75,
    86,
    92,
    99,
    106,
    107,
    119,
    126,
    129,
    140,
    146,
    153,
    156,
    166,
    169,
    178,
    182,
    193,
    194,
    204,
    212,
    218,
    223,
    232,
    234,
    246,
    251,
    255,
    264,
    273,
    276,
    286,
    291,
    296
  ],
  "premium_bands": [
    1200.0,
    1400.0,
    1500.0,
    1800.0,
    2000.0
  ],
  "deductible_bands": [
    0.0,
    150.0,
    300.0,
    600.0
  ],
  "affordability_enabled": false,
  "disallow_premium_bands": [],
  "disallow_penalty_multiplier": 100.0,
  "D_affordability": null,
  "use_tight_regulation": false,
  "qubo_file": "qubo_Q_S2_risk_adjusted_N20.npz",
  "regulation_encoding": "surplus T>=0 with (sum_{i in R} x_i) - (sum_l 2^l t_l) = Rmin",
  "diagnostics": {
    "cfg_hash_sha256": "035f389a83c15744c0b3ef3bf9220fd0a3cf619ffc1065735975bbc3e5adb094",
    "C_scale": 20678.68149291659,
    "scale_factor": 10.0,
    "A_base": 206786.81492916588,
    "A_onehot": 103393.40746458294,
    "B_reg": 206786.81492916588,
    "onehot_multiplier": 0.5,
    "reg_multiplier": 1.0,
    "objective_magnitude_bound": 10828580.337174455,
    "A_over_obj_bound": 0.009548196000322771,
    "B_over_obj_bound": 0.019096392000645543,
    "premium_max_abs": 2000.0,
    "sigma_abs_sum": 108059016.55681537,
    "R_size": 3,
    "Rmin": 2,
    "affordability_enabled": false,
    "disallow_penalty_multiplier": 100.0,
    "D_is_scaled_to_A_base_not_A": true,
    "Q_condition_number": 63.50718581068779,
    "Q_eigenvalue_min": -589154.3575024592,
    "Q_eigenvalue_max": 2825034.4219412035,
    "Q_eigenvalue_range": [
      -589154.3575024592,
      2825034.4219412035
    ],
    "Q_eigenvalue_percentiles": {
      "p0": -589154.3575024592,
      "p25": -206786.81492916576,
      "p50": 206786.81492916588,
      "p75": 448514.9338217772,
      "p100": 2825034.4219412035
    },
    "Q_eigenvalue_count_negative": 10,
    "Q_eigenvalue_count_positive": 21,
    "Q_eigenvalue_count_near_zero": 0,
    "note": "Condition number measures numerical stability; bounded growth with N suggests stable QUBO structure."
  }
}