{
  "scenario": "S4_affordability",
  "scenario_file": "config_qubo_S4.yaml",
  "seed": 1005,
  "ordering": "v = [x_1..x_N, y_1..y_M, z_1..z_K, t_0..t_{L-1}]",
  "N": 20,
  "M": 4,
  "K": 5,
  "L_reg_slack": 2,
  "n_total": 31,
  "x_range": [
    0,
    19
  ],
  "y_range": [
    20,
    23
  ],
  "z_range": [
    24,
    28
  ],
  "t_range": [
    29,
    30
  ],
  "C_scale": 32351.815418959704,
  "scale_factor": 10.0,
  "onehot_multiplier": 0.5,
  "reg_multiplier": 1.0,
  "A_base": 323518.15418959706,
  "A_onehot": 161759.07709479853,
  "B_reg": 323518.15418959706,
  "lambda_risk": 0.0,
  "R_size": 3,
  "Rmin": 2,
  "R_indices_zero_based": [
    4,
    6,
    14
  ],
  "R_feature_ids_1based": [
    5,
    7,
    15,
    24,
    29,
    34,
    46,
    53,
    56,
    64,
    67,
    80,
    85,
    90,
    96,
    101,
    110,
    119,
    121,
    128,
    135,
    142,
    149,
    154,
    166,
    171,
    177,
    185,
    189,
    198,
    203,
    208,
    219,
    223,
    227,
    240,
    242,
    250,
    258,
    266,
    273,
    280,
    286,
    289,
    294
  ],
  "premium_bands": [
    1200.0,
    1400.0,
    1500.0,
    1800.0,
    2000.0
  ],
  "deductible_bands": [
    0.0,
    150.0,
    300.0,
    600.0
  ],
  "affordability_enabled": true,
  "disallow_premium_bands": [
    4,
    5
  ],
  "disallow_penalty_multiplier": 100.0,
  "D_affordability": 32351815.418959707,
  "use_tight_regulation": false,
  "qubo_file": "qubo_Q_S4_affordability_N20.npz",
  "regulation_encoding": "surplus T>=0 with (sum_{i in R} x_i) - (sum_l 2^l t_l) = Rmin",
  "diagnostics": {
    "cfg_hash_sha256": "e9b51d4846381197b973a1e6413d2ab0ee3e72a795c7179731b864b3958b1e99",
    "C_scale": 32351.815418959704,
    "scale_factor": 10.0,
    "A_base": 323518.15418959706,
    "A_onehot": 161759.07709479853,
    "B_reg": 323518.15418959706,
    "onehot_multiplier": 0.5,
    "reg_multiplier": 1.0,
    "objective_magnitude_bound": 34351.815418959704,
    "A_over_obj_bound": 4.708894569965559,
    "B_over_obj_bound": 9.417789139931118,
    "premium_max_abs": 2000.0,
    "sigma_abs_sum": 472161824.11932504,
    "R_size": 3,
    "Rmin": 2,
    "affordability_enabled": true,
    "disallow_penalty_multiplier": 100.0,
    "D_is_scaled_to_A_base_not_A": true,
    "Q_condition_number": 93152.0006550071,
    "Q_eigenvalue_min": -1293113.64697227,
    "Q_eigenvalue_max": 32354791.94955949,
    "Q_eigenvalue_range": [
      -1293113.64697227,
      32354791.94955949
    ],
    "Q_eigenvalue_percentiles": {
      "p0": -1293113.64697227,
      "p25": -161585.41044393726,
      "p50": 1005.1892402033294,
      "p75": 3011.526722049885,
      "p100": 32354791.94955949
    },
    "Q_eigenvalue_count_negative": 8,
    "Q_eigenvalue_count_positive": 23,
    "Q_eigenvalue_count_near_zero": 0,
    "note": "Condition number measures numerical stability; bounded growth with N suggests stable QUBO structure.",
    "D_affordability": 32351815.418959707,
    "D_over_premium_max_abs": 16175.907709479854,
    "D_over_obj_bound": 941.7789139931119
  }
}