{
  "scenario": "S2_risk_adjusted",
  "scenario_file": "config_qubo_S2.yaml",
  "seed": 1005,
  "ordering": "v = [x_1..x_N, y_1..y_M, z_1..z_K, t_0..t_{L-1}]",
  "N": 40,
  "M": 4,
  "K": 5,
  "L_reg_slack": 3,
  "n_total": 52,
  "x_range": [
    0,
    39
  ],
  "y_range": [
    40,
    43
  ],
  "z_range": [
    44,
    48
  ],
  "t_range": [
    49,
    51
  ],
  "C_scale": 62383.33163600339,
  "scale_factor": 10.0,
  "onehot_multiplier": 0.5,
  "reg_multiplier": 1.0,
  "A_base": 623833.3163600339,
  "A_onehot": 311916.65818001697,
  "B_reg": 623833.3163600339,
  "lambda_risk": 0.1,
  "R_size": 6,
  "Rmin": 4,
  "R_indices_zero_based": [
    4,
    6,
    14,
    23,
    28,
    33
  ],
  "R_feature_ids_1based": [
    5,
    7,
    15,
    24,
    29,
    34,
    46,
    53,
    56,
    64,
    67,
    80,
    85,
    90,
    96,
    101,
    110,
    119,
    121,
    128,
    135,
    142,
    149,
    154,
    166,
    171,
    177,
    185,
    189,
    198,
    203,
    208,
    219,
    223,
    227,
    240,
    242,
    250,
    258,
    266,
    273,
    280,
    286,
    289,
    294
  ],
  "premium_bands": [
    1200.0,
    1400.0,
    1500.0,
    1800.0,
    2000.0
  ],
  "deductible_bands": [
    0.0,
    150.0,
    300.0,
    600.0
  ],
  "affordability_enabled": false,
  "disallow_premium_bands": [],
  "disallow_penalty_multiplier": 100.0,
  "D_affordability": null,
  "use_tight_regulation": false,
  "qubo_file": "qubo_Q_S2_risk_adjusted_N40.npz",
  "regulation_encoding": "surplus T>=0 with (sum_{i in R} x_i) - (sum_l 2^l t_l) = Rmin",
  "diagnostics": {
    "cfg_hash_sha256": "1a3564f8397779c1086d91b72337c5b681efd409b7f1489a71e4a39a0c2ee20e",
    "C_scale": 62383.33163600339,
    "scale_factor": 10.0,
    "A_base": 623833.3163600339,
    "A_onehot": 311916.65818001697,
    "B_reg": 623833.3163600339,
    "onehot_multiplier": 0.5,
    "reg_multiplier": 1.0,
    "objective_magnitude_bound": 86980590.23940982,
    "A_over_obj_bound": 0.0035860489946260613,
    "B_over_obj_bound": 0.007172097989252123,
    "premium_max_abs": 2000.0,
    "sigma_abs_sum": 869162069.0777382,
    "R_size": 6,
    "Rmin": 4,
    "affordability_enabled": false,
    "disallow_penalty_multiplier": 100.0,
    "D_is_scaled_to_A_base_not_A": true,
    "Q_condition_number": 76397.19993264638,
    "Q_eigenvalue_min": -5215571.354835095,
    "Q_eigenvalue_max": 32956226.793882694,
    "Q_eigenvalue_range": [
      -5215571.354835095,
      32956226.793882694
    ],
    "Q_eigenvalue_percentiles": {
      "p0": -5215571.354835095,
      "p25": -623833.3163600313,
      "p50": 484853.30454197864,
      "p75": 1395724.9517563041,
      "p100": 32956226.793882694
    },
    "Q_eigenvalue_count_negative": 14,
    "Q_eigenvalue_count_positive": 38,
    "Q_eigenvalue_count_near_zero": 0,
    "note": "Condition number measures numerical stability; bounded growth with N suggests stable QUBO structure."
  }
}