{
  "scenario": "S4_affordability",
  "scenario_file": "config_qubo_S4.yaml",
  "seed": 1005,
  "ordering": "v = [x_1..x_N, y_1..y_M, z_1..z_K, t_0..t_{L-1}]",
  "N": 50,
  "M": 4,
  "K": 5,
  "L_reg_slack": 3,
  "n_total": 62,
  "x_range": [
    0,
    49
  ],
  "y_range": [
    50,
    53
  ],
  "z_range": [
    54,
    58
  ],
  "t_range": [
    59,
    61
  ],
  "C_scale": 73782.2095259131,
  "scale_factor": 10.0,
  "onehot_multiplier": 0.5,
  "reg_multiplier": 1.0,
  "A_base": 737822.095259131,
  "A_onehot": 368911.0476295655,
  "B_reg": 737822.095259131,
  "lambda_risk": 0.0,
  "R_size": 7,
  "Rmin": 5,
  "R_indices_zero_based": [
    4,
    6,
    14,
    23,
    28,
    33,
    45
  ],
  "R_feature_ids_1based": [
    5,
    7,
    15,
    24,
    29,
    34,
    46,
    53,
    56,
    64,
    67,
    80,
    85,
    90,
    96,
    101,
    110,
    119,
    121,
    128,
    135,
    142,
    149,
    154,
    166,
    171,
    177,
    185,
    189,
    198,
    203,
    208,
    219,
    223,
    227,
    240,
    242,
    250,
    258,
    266,
    273,
    280,
    286,
    289,
    294
  ],
  "premium_bands": [
    1200.0,
    1400.0,
    1500.0,
    1800.0,
    2000.0
  ],
  "deductible_bands": [
    0.0,
    150.0,
    300.0,
    600.0
  ],
  "affordability_enabled": true,
  "disallow_premium_bands": [
    4,
    5
  ],
  "disallow_penalty_multiplier": 100.0,
  "D_affordability": 73782209.5259131,
  "use_tight_regulation": false,
  "qubo_file": "qubo_Q_S4_affordability_N50.npz",
  "regulation_encoding": "surplus T>=0 with (sum_{i in R} x_i) - (sum_l 2^l t_l) = Rmin",
  "diagnostics": {
    "cfg_hash_sha256": "d1fe8a5c65d183915907e23530fd60b89a0f02c74d02c9aa63d99b9739f6d8b8",
    "C_scale": 73782.2095259131,
    "scale_factor": 10.0,
    "A_base": 737822.095259131,
    "A_onehot": 368911.0476295655,
    "B_reg": 737822.095259131,
    "onehot_multiplier": 0.5,
    "reg_multiplier": 1.0,
    "objective_magnitude_bound": 75782.2095259131,
    "A_over_obj_bound": 4.868042907925764,
    "B_over_obj_bound": 9.736085815851528,
    "premium_max_abs": 2000.0,
    "sigma_abs_sum": 1117964940.4946022,
    "R_size": 7,
    "Rmin": 5,
    "affordability_enabled": true,
    "disallow_penalty_multiplier": 100.0,
    "D_is_scaled_to_A_base_not_A": true,
    "Q_condition_number": 546645.9902734972,
    "Q_eigenvalue_min": -7377937.981632441,
    "Q_eigenvalue_max": 73791430.881451,
    "Q_eigenvalue_range": [
      -7377937.981632441,
      73791430.881451
    ],
    "Q_eigenvalue_percentiles": {
      "p0": -7377937.981632441,
      "p25": 287.4605152549119,
      "p50": 1032.3467844329955,
      "p75": 2455.9049147059086,
      "p100": 73791430.881451
    },
    "Q_eigenvalue_count_negative": 12,
    "Q_eigenvalue_count_positive": 50,
    "Q_eigenvalue_count_near_zero": 0,
    "note": "Condition number measures numerical stability; bounded growth with N suggests stable QUBO structure.",
    "D_affordability": 73782209.5259131,
    "D_over_premium_max_abs": 36891.10476295655,
    "D_over_obj_bound": 973.6085815851527
  }
}