{
  "scenario": "S2_risk_adjusted",
  "scenario_file": "config_qubo_S2.yaml",
  "seed": 1005,
  "ordering": "v = [x_1..x_N, y_1..y_M, z_1..z_K, t_0..t_{L-1}]",
  "N": 20,
  "M": 4,
  "K": 5,
  "L_reg_slack": 2,
  "n_total": 31,
  "x_range": [
    0,
    19
  ],
  "y_range": [
    20,
    23
  ],
  "z_range": [
    24,
    28
  ],
  "t_range": [
    29,
    30
  ],
  "C_scale": 32351.815418959704,
  "scale_factor": 10.0,
  "onehot_multiplier": 0.5,
  "reg_multiplier": 1.0,
  "A_base": 323518.15418959706,
  "A_onehot": 161759.07709479853,
  "B_reg": 323518.15418959706,
  "lambda_risk": 0.1,
  "R_size": 3,
  "Rmin": 2,
  "R_indices_zero_based": [
    4,
    6,
    14
  ],
  "R_feature_ids_1based": [
    5,
    7,
    15,
    24,
    29,
    34,
    46,
    53,
    56,
    64,
    67,
    80,
    85,
    90,
    96,
    101,
    110,
    119,
    121,
    128,
    135,
    142,
    149,
    154,
    166,
    171,
    177,
    185,
    189,
    198,
    203,
    208,
    219,
    223,
    227,
    240,
    242,
    250,
    258,
    266,
    273,
    280,
    286,
    289,
    294
  ],
  "premium_bands": [
    1200.0,
    1400.0,
    1500.0,
    1800.0,
    2000.0
  ],
  "deductible_bands": [
    0.0,
    150.0,
    300.0,
    600.0
  ],
  "affordability_enabled": false,
  "disallow_premium_bands": [],
  "disallow_penalty_multiplier": 100.0,
  "D_affordability": null,
  "use_tight_regulation": false,
  "qubo_file": "qubo_Q_S2_risk_adjusted_N20.npz",
  "regulation_encoding": "surplus T>=0 with (sum_{i in R} x_i) - (sum_l 2^l t_l) = Rmin",
  "diagnostics": {
    "cfg_hash_sha256": "1587bc659b5d3989ef4a91beac912add5764e8c2b2d10e1046af66170f699bc4",
    "C_scale": 32351.815418959704,
    "scale_factor": 10.0,
    "A_base": 323518.15418959706,
    "A_onehot": 161759.07709479853,
    "B_reg": 323518.15418959706,
    "onehot_multiplier": 0.5,
    "reg_multiplier": 1.0,
    "objective_magnitude_bound": 47250534.227351464,
    "A_over_obj_bound": 0.0034234338243981717,
    "B_over_obj_bound": 0.0068468676487963434,
    "premium_max_abs": 2000.0,
    "sigma_abs_sum": 472161824.11932504,
    "R_size": 3,
    "Rmin": 2,
    "affordability_enabled": false,
    "disallow_penalty_multiplier": 100.0,
    "D_is_scaled_to_A_base_not_A": true,
    "Q_condition_number": 136.24515122874206,
    "Q_eigenvalue_min": -3014146.3042463963,
    "Q_eigenvalue_max": 7390420.73062562,
    "Q_eigenvalue_range": [
      -3014146.3042463963,
      7390420.73062562
    ],
    "Q_eigenvalue_percentiles": {
      "p0": -3014146.3042463963,
      "p25": -323518.1541895966,
      "p50": 356576.66893212986,
      "p75": 1031308.67880845,
      "p100": 7390420.73062562
    },
    "Q_eigenvalue_count_negative": 9,
    "Q_eigenvalue_count_positive": 22,
    "Q_eigenvalue_count_near_zero": 0,
    "note": "Condition number measures numerical stability; bounded growth with N suggests stable QUBO structure."
  }
}