{
  "scenario": "S1_cost_only",
  "scenario_file": "config_qubo_S1.yaml",
  "seed": 1005,
  "ordering": "v = [x_1..x_N, y_1..y_M, z_1..z_K, t_0..t_{L-1}]",
  "N": 30,
  "M": 4,
  "K": 5,
  "L_reg_slack": 2,
  "n_total": 41,
  "x_range": [
    0,
    29
  ],
  "y_range": [
    30,
    33
  ],
  "z_range": [
    34,
    38
  ],
  "t_range": [
    39,
    40
  ],
  "C_scale": 45700.59303562209,
  "scale_factor": 10.0,
  "onehot_multiplier": 0.5,
  "reg_multiplier": 1.0,
  "A_base": 457005.9303562209,
  "A_onehot": 228502.96517811046,
  "B_reg": 457005.9303562209,
  "lambda_risk": 0.0,
  "R_size": 5,
  "Rmin": 3,
  "R_indices_zero_based": [
    4,
    6,
    14,
    23,
    28
  ],
  "R_feature_ids_1based": [
    5,
    7,
    15,
    24,
    29,
    34,
    46,
    53,
    56,
    64,
    67,
    80,
    85,
    90,
    96,
    101,
    110,
    119,
    121,
    128,
    135,
    142,
    149,
    154,
    166,
    171,
    177,
    185,
    189,
    198,
    203,
    208,
    219,
    223,
    227,
    240,
    242,
    250,
    258,
    266,
    273,
    280,
    286,
    289,
    294
  ],
  "premium_bands": [
    1200.0,
    1400.0,
    1500.0,
    1800.0,
    2000.0
  ],
  "deductible_bands": [
    0.0,
    150.0,
    300.0,
    600.0
  ],
  "affordability_enabled": false,
  "disallow_premium_bands": [],
  "disallow_penalty_multiplier": 100.0,
  "D_affordability": null,
  "use_tight_regulation": false,
  "qubo_file": "qubo_Q_S1_cost_only_N30.npz",
  "regulation_encoding": "surplus T>=0 with (sum_{i in R} x_i) - (sum_l 2^l t_l) = Rmin",
  "diagnostics": {
    "cfg_hash_sha256": "c0de7fbdc516bae11cb1fa6c69714d34e2d2be4870585617be87053becfb2fee",
    "C_scale": 45700.59303562209,
    "scale_factor": 10.0,
    "A_base": 457005.9303562209,
    "A_onehot": 228502.96517811046,
    "B_reg": 457005.9303562209,
    "onehot_multiplier": 0.5,
    "reg_multiplier": 1.0,
    "objective_magnitude_bound": 47700.59303562209,
    "A_over_obj_bound": 4.790359000515315,
    "B_over_obj_bound": 9.58071800103063,
    "premium_max_abs": 2000.0,
    "sigma_abs_sum": 603234794.5862219,
    "R_size": 5,
    "Rmin": 3,
    "affordability_enabled": false,
    "disallow_penalty_multiplier": 100.0,
    "D_is_scaled_to_A_base_not_A": true,
    "Q_condition_number": 23272.117828598264,
    "Q_eigenvalue_min": -2741688.964799176,
    "Q_eigenvalue_max": 8083181.523481941,
    "Q_eigenvalue_range": [
      -2741688.964799176,
      8083181.523481941
    ],
    "Q_eigenvalue_percentiles": {
      "p0": -2741688.964799176,
      "p25": -457005.9303562205,
      "p50": 882.2835199986405,
      "p75": 2468.334243233616,
      "p100": 8083181.523481941
    },
    "Q_eigenvalue_count_negative": 12,
    "Q_eigenvalue_count_positive": 29,
    "Q_eigenvalue_count_near_zero": 0,
    "note": "Condition number measures numerical stability; bounded growth with N suggests stable QUBO structure."
  }
}