{
  "scenario": "S3_tight_regulation",
  "scenario_file": "config_qubo_S3.yaml",
  "seed": 1005,
  "ordering": "v = [x_1..x_N, y_1..y_M, z_1..z_K, t_0..t_{L-1}]",
  "N": 40,
  "M": 4,
  "K": 5,
  "L_reg_slack": 3,
  "n_total": 52,
  "x_range": [
    0,
    39
  ],
  "y_range": [
    40,
    43
  ],
  "z_range": [
    44,
    48
  ],
  "t_range": [
    49,
    51
  ],
  "C_scale": 62383.33163600339,
  "scale_factor": 10.0,
  "onehot_multiplier": 0.5,
  "reg_multiplier": 1.0,
  "A_base": 623833.3163600339,
  "A_onehot": 311916.65818001697,
  "B_reg": 623833.3163600339,
  "lambda_risk": 0.0,
  "R_size": 6,
  "Rmin": 6,
  "R_indices_zero_based": [
    4,
    6,
    14,
    23,
    28,
    33
  ],
  "R_feature_ids_1based": [
    5,
    7,
    15,
    24,
    29,
    34,
    46,
    53,
    56,
    64,
    67,
    80,
    85,
    90,
    96,
    101,
    110,
    119,
    121,
    128,
    135,
    142,
    149,
    154,
    166,
    171,
    177,
    185,
    189,
    198,
    203,
    208,
    219,
    223,
    227,
    240,
    242,
    250,
    258,
    266,
    273,
    280,
    286,
    289,
    294
  ],
  "premium_bands": [
    1200.0,
    1400.0,
    1500.0,
    1800.0,
    2000.0
  ],
  "deductible_bands": [
    0.0,
    150.0,
    300.0,
    600.0
  ],
  "affordability_enabled": false,
  "disallow_premium_bands": [],
  "disallow_penalty_multiplier": 100.0,
  "D_affordability": null,
  "use_tight_regulation": true,
  "qubo_file": "qubo_Q_S3_tight_regulation_N40.npz",
  "regulation_encoding": "surplus T>=0 with (sum_{i in R} x_i) - (sum_l 2^l t_l) = Rmin",
  "diagnostics": {
    "cfg_hash_sha256": "8f35930d06a8e3d37d48aea97eeb8b444e60f33ad8080974788aae16695adbd3",
    "C_scale": 62383.33163600339,
    "scale_factor": 10.0,
    "A_base": 623833.3163600339,
    "A_onehot": 311916.65818001697,
    "B_reg": 623833.3163600339,
    "onehot_multiplier": 0.5,
    "reg_multiplier": 1.0,
    "objective_magnitude_bound": 64383.33163600339,
    "A_over_obj_bound": 4.844680296190078,
    "B_over_obj_bound": 9.689360592380156,
    "premium_max_abs": 2000.0,
    "sigma_abs_sum": 869162069.0777382,
    "R_size": 6,
    "Rmin": 6,
    "affordability_enabled": false,
    "disallow_penalty_multiplier": 100.0,
    "D_is_scaled_to_A_base_not_A": true,
    "Q_condition_number": 121471.31098683854,
    "Q_eigenvalue_min": -7485709.056801217,
    "Q_eigenvalue_max": 42191031.50961843,
    "Q_eigenvalue_range": [
      -7485709.056801217,
      42191031.50961843
    ],
    "Q_eigenvalue_percentiles": {
      "p0": -7485709.056801217,
      "p25": -155697.82911371667,
      "p50": 1032.3467844353872,
      "p75": 2373.73674513481,
      "p100": 42191031.50961843
    },
    "Q_eigenvalue_count_negative": 13,
    "Q_eigenvalue_count_positive": 39,
    "Q_eigenvalue_count_near_zero": 0,
    "note": "Condition number measures numerical stability; bounded growth with N suggests stable QUBO structure."
  }
}