{
  "scenario": "S1_cost_only",
  "scenario_file": "config_qubo_S1.yaml",
  "seed": 1005,
  "ordering": "v = [x_1..x_N, y_1..y_M, z_1..z_K, t_0..t_{L-1}]",
  "N": 50,
  "M": 4,
  "K": 5,
  "L_reg_slack": 3,
  "n_total": 62,
  "x_range": [
    0,
    49
  ],
  "y_range": [
    50,
    53
  ],
  "z_range": [
    54,
    58
  ],
  "t_range": [
    59,
    61
  ],
  "C_scale": 73782.2095259131,
  "scale_factor": 10.0,
  "onehot_multiplier": 0.5,
  "reg_multiplier": 1.0,
  "A_base": 737822.095259131,
  "A_onehot": 368911.0476295655,
  "B_reg": 737822.095259131,
  "lambda_risk": 0.0,
  "R_size": 7,
  "Rmin": 5,
  "R_indices_zero_based": [
    4,
    6,
    14,
    23,
    28,
    33,
    45
  ],
  "R_feature_ids_1based": [
    5,
    7,
    15,
    24,
    29,
    34,
    46,
    53,
    56,
    64,
    67,
    80,
    85,
    90,
    96,
    101,
    110,
    119,
    121,
    128,
    135,
    142,
    149,
    154,
    166,
    171,
    177,
    185,
    189,
    198,
    203,
    208,
    219,
    223,
    227,
    240,
    242,
    250,
    258,
    266,
    273,
    280,
    286,
    289,
    294
  ],
  "premium_bands": [
    1200.0,
    1400.0,
    1500.0,
    1800.0,
    2000.0
  ],
  "deductible_bands": [
    0.0,
    150.0,
    300.0,
    600.0
  ],
  "affordability_enabled": false,
  "disallow_premium_bands": [],
  "disallow_penalty_multiplier": 100.0,
  "D_affordability": null,
  "use_tight_regulation": false,
  "qubo_file": "qubo_Q_S1_cost_only_N50.npz",
  "regulation_encoding": "surplus T>=0 with (sum_{i in R} x_i) - (sum_l 2^l t_l) = Rmin",
  "diagnostics": {
    "cfg_hash_sha256": "552ab74a7689e3dd857779c4a971747520cd75580876fba601462a13e09f8a58",
    "C_scale": 73782.2095259131,
    "scale_factor": 10.0,
    "A_base": 737822.095259131,
    "A_onehot": 368911.0476295655,
    "B_reg": 737822.095259131,
    "onehot_multiplier": 0.5,
    "reg_multiplier": 1.0,
    "objective_magnitude_bound": 75782.2095259131,
    "A_over_obj_bound": 4.868042907925764,
    "B_over_obj_bound": 9.736085815851528,
    "premium_max_abs": 2000.0,
    "sigma_abs_sum": 1117964940.4946022,
    "R_size": 7,
    "Rmin": 5,
    "affordability_enabled": false,
    "disallow_penalty_multiplier": 100.0,
    "D_is_scaled_to_A_base_not_A": true,
    "Q_condition_number": 330466.5144174276,
    "Q_eigenvalue_min": -7377937.981632441,
    "Q_eigenvalue_max": 44609486.56198339,
    "Q_eigenvalue_range": [
      -7377937.981632441,
      44609486.56198339
    ],
    "Q_eigenvalue_percentiles": {
      "p0": -7377937.981632441,
      "p25": 184.64300198936513,
      "p50": 959.2157204958314,
      "p75": 2337.476580103017,
      "p100": 44609486.56198339
    },
    "Q_eigenvalue_count_negative": 14,
    "Q_eigenvalue_count_positive": 48,
    "Q_eigenvalue_count_near_zero": 0,
    "note": "Condition number measures numerical stability; bounded growth with N suggests stable QUBO structure."
  }
}