{
  "scenario": "S4_affordability",
  "scenario_file": "config_qubo_S4.yaml",
  "seed": 2005,
  "ordering": "v = [x_1..x_N, y_1..y_M, z_1..z_K, t_0..t_{L-1}]",
  "N": 150,
  "M": 4,
  "K": 5,
  "L_reg_slack": 4,
  "n_total": 163,
  "x_range": [
    0,
    149
  ],
  "y_range": [
    150,
    153
  ],
  "z_range": [
    154,
    158
  ],
  "t_range": [
    159,
    162
  ],
  "C_scale": 197906.12838173553,
  "scale_factor": 10.0,
  "onehot_multiplier": 0.5,
  "reg_multiplier": 1.0,
  "A_base": 1979061.2838173553,
  "A_onehot": 989530.6419086776,
  "B_reg": 1979061.2838173553,
  "lambda_risk": 0.0,
  "R_size": 23,
  "Rmin": 14,
  "R_indices_zero_based": [
    4,
    6,
    15,
    22,
    28,
    33,
    40,
    51,
    57,
    62,
    70,
    75,
    80,
    89,
    98,
    100,
    108,
    119,
    121,
    126,
    135,
    143,
    149
  ],
  "R_feature_ids_1based": [
    5,
    7,
    16,
    23,
    29,
    34,
    41,
    52,
    58,
    63,
    71,
    76,
    81,
    90,
    99,
    101,
    109,
    120,
    122,
    127,
    136,
    144,
    150,
    158,
    166,
    170,
    175,
    184,
    191,
    194,
    205,
    210,
    217,
    221,
    231,
    237,
    245,
    253,
    256,
    266,
    272,
    274,
    284,
    287,
    295
  ],
  "premium_bands": [
    1200.0,
    1400.0,
    1500.0,
    1800.0,
    2000.0
  ],
  "deductible_bands": [
    0.0,
    150.0,
    300.0,
    600.0
  ],
  "affordability_enabled": true,
  "disallow_premium_bands": [
    4,
    5
  ],
  "disallow_penalty_multiplier": 100.0,
  "D_affordability": 197906128.38173553,
  "use_tight_regulation": false,
  "qubo_file": "qubo_Q_S4_affordability_N150.npz",
  "regulation_encoding": "surplus T>=0 with (sum_{i in R} x_i) - (sum_l 2^l t_l) = Rmin",
  "diagnostics": {
    "cfg_hash_sha256": "fac38bf17e6e303654eb098596d0ff723bd1bdeacd2e9e1f5d53e15d874137a8",
    "C_scale": 197906.12838173553,
    "scale_factor": 10.0,
    "A_base": 1979061.2838173553,
    "A_onehot": 989530.6419086776,
    "B_reg": 1979061.2838173553,
    "onehot_multiplier": 0.5,
    "reg_multiplier": 1.0,
    "objective_magnitude_bound": 199906.12838173553,
    "A_over_obj_bound": 4.949976521075411,
    "B_over_obj_bound": 9.899953042150822,
    "premium_max_abs": 2000.0,
    "sigma_abs_sum": 10330772270.828575,
    "R_size": 23,
    "Rmin": 14,
    "affordability_enabled": true,
    "disallow_penalty_multiplier": 100.0,
    "D_is_scaled_to_A_base_not_A": true,
    "Q_condition_number": 4397624.741808893,
    "Q_eigenvalue_min": -55413582.71651442,
    "Q_eigenvalue_max": 596685524.0258007,
    "Q_eigenvalue_range": [
      -55413582.71651442,
      596685524.0258007
    ],
    "Q_eigenvalue_percentiles": {
      "p0": -55413582.71651442,
      "p25": 293.1448103048375,
      "p50": 676.6063630750276,
      "p75": 2274.028675700735,
      "p100": 596685524.0258007
    },
    "Q_eigenvalue_count_negative": 28,
    "Q_eigenvalue_count_positive": 135,
    "Q_eigenvalue_count_near_zero": 0,
    "note": "Condition number measures numerical stability; bounded growth with N suggests stable QUBO structure.",
    "D_affordability": 197906128.38173553,
    "D_over_premium_max_abs": 98953.06419086776,
    "D_over_obj_bound": 989.9953042150821
  }
}