{
  "scenario": "S4_affordability",
  "scenario_file": "config_qubo_S4.yaml",
  "seed": 2005,
  "ordering": "v = [x_1..x_N, y_1..y_M, z_1..z_K, t_0..t_{L-1}]",
  "N": 100,
  "M": 4,
  "K": 5,
  "L_reg_slack": 4,
  "n_total": 113,
  "x_range": [
    0,
    99
  ],
  "y_range": [
    100,
    103
  ],
  "z_range": [
    104,
    108
  ],
  "t_range": [
    109,
    112
  ],
  "C_scale": 146014.1112320638,
  "scale_factor": 10.0,
  "onehot_multiplier": 0.5,
  "reg_multiplier": 1.0,
  "A_base": 1460141.1123206378,
  "A_onehot": 730070.5561603189,
  "B_reg": 1460141.1123206378,
  "lambda_risk": 0.0,
  "R_size": 15,
  "Rmin": 9,
  "R_indices_zero_based": [
    4,
    6,
    15,
    22,
    28,
    33,
    40,
    51,
    57,
    62,
    70,
    75,
    80,
    89,
    98
  ],
  "R_feature_ids_1based": [
    5,
    7,
    16,
    23,
    29,
    34,
    41,
    52,
    58,
    63,
    71,
    76,
    81,
    90,
    99,
    101,
    109,
    120,
    122,
    127,
    136,
    144,
    150,
    158,
    166,
    170,
    175,
    184,
    191,
    194,
    205,
    210,
    217,
    221,
    231,
    237,
    245,
    253,
    256,
    266,
    272,
    274,
    284,
    287,
    295
  ],
  "premium_bands": [
    1200.0,
    1400.0,
    1500.0,
    1800.0,
    2000.0
  ],
  "deductible_bands": [
    0.0,
    150.0,
    300.0,
    600.0
  ],
  "affordability_enabled": true,
  "disallow_premium_bands": [
    4,
    5
  ],
  "disallow_penalty_multiplier": 100.0,
  "D_affordability": 146014111.23206377,
  "use_tight_regulation": false,
  "qubo_file": "qubo_Q_S4_affordability_N100.npz",
  "regulation_encoding": "surplus T>=0 with (sum_{i in R} x_i) - (sum_l 2^l t_l) = Rmin",
  "diagnostics": {
    "cfg_hash_sha256": "0f1d066fc1d54443799afdffad0d9d1966f50a65cf8d4d552ec6802276c788fd",
    "C_scale": 146014.1112320638,
    "scale_factor": 10.0,
    "A_base": 1460141.1123206378,
    "A_onehot": 730070.5561603189,
    "B_reg": 1460141.1123206378,
    "onehot_multiplier": 0.5,
    "reg_multiplier": 1.0,
    "objective_magnitude_bound": 148014.1112320638,
    "A_over_obj_bound": 4.932438874126524,
    "B_over_obj_bound": 9.864877748253049,
    "premium_max_abs": 2000.0,
    "sigma_abs_sum": 6190273319.057789,
    "R_size": 15,
    "Rmin": 9,
    "affordability_enabled": true,
    "disallow_penalty_multiplier": 100.0,
    "D_is_scaled_to_A_base_not_A": true,
    "Q_condition_number": 2401952.371478215,
    "Q_eigenvalue_min": -26282360.09403351,
    "Q_eigenvalue_max": 326205488.9530889,
    "Q_eigenvalue_range": [
      -26282360.09403351,
      326205488.9530889
    ],
    "Q_eigenvalue_percentiles": {
      "p0": -26282360.09403351,
      "p25": 278.09291699176094,
      "p50": 724.9895679546449,
      "p75": 2433.8767694296034,
      "p100": 326205488.9530889
    },
    "Q_eigenvalue_count_negative": 20,
    "Q_eigenvalue_count_positive": 93,
    "Q_eigenvalue_count_near_zero": 0,
    "note": "Condition number measures numerical stability; bounded growth with N suggests stable QUBO structure.",
    "D_affordability": 146014111.23206377,
    "D_over_premium_max_abs": 73007.05561603188,
    "D_over_obj_bound": 986.4877748253049
  }
}