{
  "scenario": "S2_risk_adjusted",
  "scenario_file": "config_qubo_S2.yaml",
  "seed": 2005,
  "ordering": "v = [x_1..x_N, y_1..y_M, z_1..z_K, t_0..t_{L-1}]",
  "N": 100,
  "M": 4,
  "K": 5,
  "L_reg_slack": 4,
  "n_total": 113,
  "x_range": [
    0,
    99
  ],
  "y_range": [
    100,
    103
  ],
  "z_range": [
    104,
    108
  ],
  "t_range": [
    109,
    112
  ],
  "C_scale": 146014.1112320638,
  "scale_factor": 10.0,
  "onehot_multiplier": 0.5,
  "reg_multiplier": 1.0,
  "A_base": 1460141.1123206378,
  "A_onehot": 730070.5561603189,
  "B_reg": 1460141.1123206378,
  "lambda_risk": 0.1,
  "R_size": 15,
  "Rmin": 9,
  "R_indices_zero_based": [
    4,
    6,
    15,
    22,
    28,
    33,
    40,
    51,
    57,
    62,
    70,
    75,
    80,
    89,
    98
  ],
  "R_feature_ids_1based": [
    5,
    7,
    16,
    23,
    29,
    34,
    41,
    52,
    58,
    63,
    71,
    76,
    81,
    90,
    99,
    101,
    109,
    120,
    122,
    127,
    136,
    144,
    150,
    158,
    166,
    170,
    175,
    184,
    191,
    194,
    205,
    210,
    217,
    221,
    231,
    237,
    245,
    253,
    256,
    266,
    272,
    274,
    284,
    287,
    295
  ],
  "premium_bands": [
    1200.0,
    1400.0,
    1500.0,
    1800.0,
    2000.0
  ],
  "deductible_bands": [
    0.0,
    150.0,
    300.0,
    600.0
  ],
  "affordability_enabled": false,
  "disallow_premium_bands": [],
  "disallow_penalty_multiplier": 100.0,
  "D_affordability": null,
  "use_tight_regulation": false,
  "qubo_file": "qubo_Q_S2_risk_adjusted_N100.npz",
  "regulation_encoding": "surplus T>=0 with (sum_{i in R} x_i) - (sum_l 2^l t_l) = Rmin",
  "diagnostics": {
    "cfg_hash_sha256": "2a742a89695912315362ea73576779667006f7e647b0a017a6ec4d27b891372e",
    "C_scale": 146014.1112320638,
    "scale_factor": 10.0,
    "A_base": 1460141.1123206378,
    "A_onehot": 730070.5561603189,
    "B_reg": 1460141.1123206378,
    "onehot_multiplier": 0.5,
    "reg_multiplier": 1.0,
    "objective_magnitude_bound": 619175346.0170109,
    "A_over_obj_bound": 0.0011791014627062708,
    "B_over_obj_bound": 0.0023582029254125415,
    "premium_max_abs": 2000.0,
    "sigma_abs_sum": 6190273319.057789,
    "R_size": 15,
    "Rmin": 9,
    "affordability_enabled": false,
    "disallow_penalty_multiplier": 100.0,
    "D_is_scaled_to_A_base_not_A": true,
    "Q_condition_number": 1969158.8497160927,
    "Q_eigenvalue_min": -26318946.589496933,
    "Q_eigenvalue_max": 326232504.15321577,
    "Q_eigenvalue_range": [
      -26318946.589496933,
      326232504.15321577
    ],
    "Q_eigenvalue_percentiles": {
      "p0": -26318946.589496933,
      "p25": -96926.63734794437,
      "p50": 213096.22250948552,
      "p75": 1258560.4022121,
      "p100": 326232504.15321577
    },
    "Q_eigenvalue_count_negative": 31,
    "Q_eigenvalue_count_positive": 82,
    "Q_eigenvalue_count_near_zero": 0,
    "note": "Condition number measures numerical stability; bounded growth with N suggests stable QUBO structure."
  }
}