{
  "scenario": "S4_affordability",
  "scenario_file": "config_qubo_S4.yaml",
  "seed": 2005,
  "ordering": "v = [x_1..x_N, y_1..y_M, z_1..z_K, t_0..t_{L-1}]",
  "N": 60,
  "M": 4,
  "K": 5,
  "L_reg_slack": 3,
  "n_total": 72,
  "x_range": [
    0,
    59
  ],
  "y_range": [
    60,
    63
  ],
  "z_range": [
    64,
    68
  ],
  "t_range": [
    69,
    71
  ],
  "C_scale": 84471.82474711075,
  "scale_factor": 10.0,
  "onehot_multiplier": 0.5,
  "reg_multiplier": 1.0,
  "A_base": 844718.2474711074,
  "A_onehot": 422359.1237355537,
  "B_reg": 844718.2474711074,
  "lambda_risk": 0.0,
  "R_size": 9,
  "Rmin": 6,
  "R_indices_zero_based": [
    4,
    6,
    15,
    22,
    28,
    33,
    40,
    51,
    57
  ],
  "R_feature_ids_1based": [
    5,
    7,
    16,
    23,
    29,
    34,
    41,
    52,
    58,
    63,
    71,
    76,
    81,
    90,
    99,
    101,
    109,
    120,
    122,
    127,
    136,
    144,
    150,
    158,
    166,
    170,
    175,
    184,
    191,
    194,
    205,
    210,
    217,
    221,
    231,
    237,
    245,
    253,
    256,
    266,
    272,
    274,
    284,
    287,
    295
  ],
  "premium_bands": [
    1200.0,
    1400.0,
    1500.0,
    1800.0,
    2000.0
  ],
  "deductible_bands": [
    0.0,
    150.0,
    300.0,
    600.0
  ],
  "affordability_enabled": true,
  "disallow_premium_bands": [
    4,
    5
  ],
  "disallow_penalty_multiplier": 100.0,
  "D_affordability": 84471824.74711074,
  "use_tight_regulation": false,
  "qubo_file": "qubo_Q_S4_affordability_N60.npz",
  "regulation_encoding": "surplus T>=0 with (sum_{i in R} x_i) - (sum_l 2^l t_l) = Rmin",
  "diagnostics": {
    "cfg_hash_sha256": "b240d3d7ae0917fdfef6493dc9e3ac784f746bef8ab1010a502d7c47628fa18b",
    "C_scale": 84471.82474711075,
    "scale_factor": 10.0,
    "A_base": 844718.2474711074,
    "A_onehot": 422359.1237355537,
    "B_reg": 844718.2474711074,
    "onehot_multiplier": 0.5,
    "reg_multiplier": 1.0,
    "objective_magnitude_bound": 86471.82474711075,
    "A_over_obj_bound": 4.884355395190916,
    "B_over_obj_bound": 9.768710790381832,
    "premium_max_abs": 2000.0,
    "sigma_abs_sum": 2859383147.7068577,
    "R_size": 9,
    "Rmin": 6,
    "affordability_enabled": true,
    "disallow_penalty_multiplier": 100.0,
    "D_is_scaled_to_A_base_not_A": true,
    "Q_condition_number": 622072.0558904436,
    "Q_eigenvalue_min": -10136421.68999223,
    "Q_eigenvalue_max": 84482657.35665476,
    "Q_eigenvalue_range": [
      -10136421.68999223,
      84482657.35665476
    ],
    "Q_eigenvalue_percentiles": {
      "p0": -10136421.68999223,
      "p25": 248.4630981241364,
      "p50": 600.431441254946,
      "p75": 2390.0450060901876,
      "p100": 84482657.35665476
    },
    "Q_eigenvalue_count_negative": 14,
    "Q_eigenvalue_count_positive": 58,
    "Q_eigenvalue_count_near_zero": 0,
    "note": "Condition number measures numerical stability; bounded growth with N suggests stable QUBO structure.",
    "D_affordability": 84471824.74711074,
    "D_over_premium_max_abs": 42235.91237355537,
    "D_over_obj_bound": 976.8710790381831
  }
}