{
  "scenario": "S2_risk_adjusted",
  "scenario_file": "config_qubo_S2.yaml",
  "seed": 2005,
  "ordering": "v = [x_1..x_N, y_1..y_M, z_1..z_K, t_0..t_{L-1}]",
  "N": 300,
  "M": 4,
  "K": 5,
  "L_reg_slack": 5,
  "n_total": 314,
  "x_range": [
    0,
    299
  ],
  "y_range": [
    300,
    303
  ],
  "z_range": [
    304,
    308
  ],
  "t_range": [
    309,
    313
  ],
  "C_scale": 378744.92466530466,
  "scale_factor": 10.0,
  "onehot_multiplier": 0.5,
  "reg_multiplier": 1.0,
  "A_base": 3787449.2466530465,
  "A_onehot": 1893724.6233265232,
  "B_reg": 3787449.2466530465,
  "lambda_risk": 0.1,
  "R_size": 45,
  "Rmin": 27,
  "R_indices_zero_based": [
    4,
    6,
    15,
    22,
    28,
    33,
    40,
    51,
    57,
    62,
    70,
    75,
    80,
    89,
    98,
    100,
    108,
    119,
    121,
    126,
    135,
    143,
    149,
    157,
    165,
    169,
    174,
    183,
    190,
    193,
    204,
    209,
    216,
    220,
    230,
    236,
    244,
    252,
    255,
    265,
    271,
    273,
    283,
    286,
    294
  ],
  "R_feature_ids_1based": [
    5,
    7,
    16,
    23,
    29,
    34,
    41,
    52,
    58,
    63,
    71,
    76,
    81,
    90,
    99,
    101,
    109,
    120,
    122,
    127,
    136,
    144,
    150,
    158,
    166,
    170,
    175,
    184,
    191,
    194,
    205,
    210,
    217,
    221,
    231,
    237,
    245,
    253,
    256,
    266,
    272,
    274,
    284,
    287,
    295
  ],
  "premium_bands": [
    1200.0,
    1400.0,
    1500.0,
    1800.0,
    2000.0
  ],
  "deductible_bands": [
    0.0,
    150.0,
    300.0,
    600.0
  ],
  "affordability_enabled": false,
  "disallow_premium_bands": [],
  "disallow_penalty_multiplier": 100.0,
  "D_affordability": null,
  "use_tight_regulation": false,
  "qubo_file": "qubo_Q_S2_risk_adjusted_N300.npz",
  "regulation_encoding": "surplus T>=0 with (sum_{i in R} x_i) - (sum_l 2^l t_l) = Rmin",
  "diagnostics": {
    "cfg_hash_sha256": "5e7775739678da112686edbf554a6197e95e7a23fe76b801fb6a0d3c924c92b0",
    "C_scale": 378744.92466530466,
    "scale_factor": 10.0,
    "A_base": 3787449.2466530465,
    "A_onehot": 1893724.6233265232,
    "B_reg": 3787449.2466530465,
    "onehot_multiplier": 0.5,
    "reg_multiplier": 1.0,
    "objective_magnitude_bound": 3191683605.4844856,
    "A_over_obj_bound": 0.0005933309367107718,
    "B_over_obj_bound": 0.0011866618734215435,
    "premium_max_abs": 2000.0,
    "sigma_abs_sum": 31913028605.598198,
    "R_size": 45,
    "Rmin": 27,
    "affordability_enabled": false,
    "disallow_penalty_multiplier": 100.0,
    "D_is_scaled_to_A_base_not_A": true,
    "Q_condition_number": 27519389.171989296,
    "Q_eigenvalue_min": -207210925.7056734,
    "Q_eigenvalue_max": 4407703369.396103,
    "Q_eigenvalue_range": [
      -207210925.7056734,
      4407703369.396103
    ],
    "Q_eigenvalue_percentiles": {
      "p0": -207210925.7056734,
      "p25": -274564.1868254007,
      "p50": 191426.7673937214,
      "p75": 998795.001940297,
      "p100": 4407703369.396103
    },
    "Q_eigenvalue_count_negative": 93,
    "Q_eigenvalue_count_positive": 221,
    "Q_eigenvalue_count_near_zero": 0,
    "note": "Condition number measures numerical stability; bounded growth with N suggests stable QUBO structure."
  }
}