{
  "scenario": "S2_risk_adjusted",
  "scenario_file": "config_qubo_S2.yaml",
  "seed": 2005,
  "ordering": "v = [x_1..x_N, y_1..y_M, z_1..z_K, t_0..t_{L-1}]",
  "N": 200,
  "M": 4,
  "K": 5,
  "L_reg_slack": 5,
  "n_total": 214,
  "x_range": [
    0,
    199
  ],
  "y_range": [
    200,
    203
  ],
  "z_range": [
    204,
    208
  ],
  "t_range": [
    209,
    213
  ],
  "C_scale": 252349.01412242668,
  "scale_factor": 10.0,
  "onehot_multiplier": 0.5,
  "reg_multiplier": 1.0,
  "A_base": 2523490.141224267,
  "A_onehot": 1261745.0706121335,
  "B_reg": 2523490.141224267,
  "lambda_risk": 0.1,
  "R_size": 30,
  "Rmin": 18,
  "R_indices_zero_based": [
    4,
    6,
    15,
    22,
    28,
    33,
    40,
    51,
    57,
    62,
    70,
    75,
    80,
    89,
    98,
    100,
    108,
    119,
    121,
    126,
    135,
    143,
    149,
    157,
    165,
    169,
    174,
    183,
    190,
    193
  ],
  "R_feature_ids_1based": [
    5,
    7,
    16,
    23,
    29,
    34,
    41,
    52,
    58,
    63,
    71,
    76,
    81,
    90,
    99,
    101,
    109,
    120,
    122,
    127,
    136,
    144,
    150,
    158,
    166,
    170,
    175,
    184,
    191,
    194,
    205,
    210,
    217,
    221,
    231,
    237,
    245,
    253,
    256,
    266,
    272,
    274,
    284,
    287,
    295
  ],
  "premium_bands": [
    1200.0,
    1400.0,
    1500.0,
    1800.0,
    2000.0
  ],
  "deductible_bands": [
    0.0,
    150.0,
    300.0,
    600.0
  ],
  "affordability_enabled": false,
  "disallow_premium_bands": [],
  "disallow_penalty_multiplier": 100.0,
  "D_affordability": null,
  "use_tight_regulation": false,
  "qubo_file": "qubo_Q_S2_risk_adjusted_N200.npz",
  "regulation_encoding": "surplus T>=0 with (sum_{i in R} x_i) - (sum_l 2^l t_l) = Rmin",
  "diagnostics": {
    "cfg_hash_sha256": "a4eb15ad84ae0776abb2e93cfb2be4aa3700433d4d5ee96fe3a0340183d05d89",
    "C_scale": 252349.01412242668,
    "scale_factor": 10.0,
    "A_base": 2523490.141224267,
    "A_onehot": 1261745.0706121335,
    "B_reg": 2523490.141224267,
    "onehot_multiplier": 0.5,
    "reg_multiplier": 1.0,
    "objective_magnitude_bound": 1394456563.392996,
    "A_over_obj_bound": 0.0009048292386691855,
    "B_over_obj_bound": 0.001809658477338371,
    "premium_max_abs": 2000.0,
    "sigma_abs_sum": 13942022143.788734,
    "R_size": 30,
    "Rmin": 18,
    "affordability_enabled": false,
    "disallow_penalty_multiplier": 100.0,
    "D_is_scaled_to_A_base_not_A": true,
    "Q_condition_number": 13459387.44591114,
    "Q_eigenvalue_min": -91389988.26959372,
    "Q_eigenvalue_max": 2229829739.0825553,
    "Q_eigenvalue_range": [
      -91389988.26959372,
      2229829739.0825553
    ],
    "Q_eigenvalue_percentiles": {
      "p0": -91389988.26959372,
      "p25": -231328.43870352066,
      "p50": 194961.2824268762,
      "p75": 1032868.3894814301,
      "p100": 2229829739.0825553
    },
    "Q_eigenvalue_count_negative": 63,
    "Q_eigenvalue_count_positive": 151,
    "Q_eigenvalue_count_near_zero": 0,
    "note": "Condition number measures numerical stability; bounded growth with N suggests stable QUBO structure."
  }
}