{
  "scenario": "S1_cost_only",
  "scenario_file": "config_qubo_S1.yaml",
  "seed": 2005,
  "ordering": "v = [x_1..x_N, y_1..y_M, z_1..z_K, t_0..t_{L-1}]",
  "N": 300,
  "M": 4,
  "K": 5,
  "L_reg_slack": 5,
  "n_total": 314,
  "x_range": [
    0,
    299
  ],
  "y_range": [
    300,
    303
  ],
  "z_range": [
    304,
    308
  ],
  "t_range": [
    309,
    313
  ],
  "C_scale": 378744.92466530466,
  "scale_factor": 10.0,
  "onehot_multiplier": 0.5,
  "reg_multiplier": 1.0,
  "A_base": 3787449.2466530465,
  "A_onehot": 1893724.6233265232,
  "B_reg": 3787449.2466530465,
  "lambda_risk": 0.0,
  "R_size": 45,
  "Rmin": 27,
  "R_indices_zero_based": [
    4,
    6,
    15,
    22,
    28,
    33,
    40,
    51,
    57,
    62,
    70,
    75,
    80,
    89,
    98,
    100,
    108,
    119,
    121,
    126,
    135,
    143,
    149,
    157,
    165,
    169,
    174,
    183,
    190,
    193,
    204,
    209,
    216,
    220,
    230,
    236,
    244,
    252,
    255,
    265,
    271,
    273,
    283,
    286,
    294
  ],
  "R_feature_ids_1based": [
    5,
    7,
    16,
    23,
    29,
    34,
    41,
    52,
    58,
    63,
    71,
    76,
    81,
    90,
    99,
    101,
    109,
    120,
    122,
    127,
    136,
    144,
    150,
    158,
    166,
    170,
    175,
    184,
    191,
    194,
    205,
    210,
    217,
    221,
    231,
    237,
    245,
    253,
    256,
    266,
    272,
    274,
    284,
    287,
    295
  ],
  "premium_bands": [
    1200.0,
    1400.0,
    1500.0,
    1800.0,
    2000.0
  ],
  "deductible_bands": [
    0.0,
    150.0,
    300.0,
    600.0
  ],
  "affordability_enabled": false,
  "disallow_premium_bands": [],
  "disallow_penalty_multiplier": 100.0,
  "D_affordability": null,
  "use_tight_regulation": false,
  "qubo_file": "qubo_Q_S1_cost_only_N300.npz",
  "regulation_encoding": "surplus T>=0 with (sum_{i in R} x_i) - (sum_l 2^l t_l) = Rmin",
  "diagnostics": {
    "cfg_hash_sha256": "cee2304aa6322215e0daa2943c9e3474b44611845669212dc522ddc6baace3fb",
    "C_scale": 378744.92466530466,
    "scale_factor": 10.0,
    "A_base": 3787449.2466530465,
    "A_onehot": 1893724.6233265232,
    "B_reg": 3787449.2466530465,
    "onehot_multiplier": 0.5,
    "reg_multiplier": 1.0,
    "objective_magnitude_bound": 380744.92466530466,
    "A_over_obj_bound": 4.9737356971762905,
    "B_over_obj_bound": 9.947471394352581,
    "premium_max_abs": 2000.0,
    "sigma_abs_sum": 31913028605.598198,
    "R_size": 45,
    "Rmin": 27,
    "affordability_enabled": false,
    "disallow_penalty_multiplier": 100.0,
    "D_is_scaled_to_A_base_not_A": true,
    "Q_condition_number": 35652710.82230059,
    "Q_eigenvalue_min": -204522126.88530222,
    "Q_eigenvalue_max": 4407684150.507555,
    "Q_eigenvalue_range": [
      -204522126.88530222,
      4407684150.507555
    ],
    "Q_eigenvalue_percentiles": {
      "p0": -204522126.88530222,
      "p25": 277.92178606858363,
      "p50": 724.0807530663274,
      "p75": 2021.8499805776505,
      "p100": 4407684150.507555
    },
    "Q_eigenvalue_count_negative": 52,
    "Q_eigenvalue_count_positive": 262,
    "Q_eigenvalue_count_near_zero": 0,
    "note": "Condition number measures numerical stability; bounded growth with N suggests stable QUBO structure."
  }
}