{
  "scenario": "S2_risk_adjusted",
  "scenario_file": "config_qubo_S2.yaml",
  "seed": 2006,
  "ordering": "v = [x_1..x_N, y_1..y_M, z_1..z_K, t_0..t_{L-1}]",
  "N": 60,
  "M": 4,
  "K": 5,
  "L_reg_slack": 3,
  "n_total": 72,
  "x_range": [
    0,
    59
  ],
  "y_range": [
    60,
    63
  ],
  "z_range": [
    64,
    68
  ],
  "t_range": [
    69,
    71
  ],
  "C_scale": 83402.5357635001,
  "scale_factor": 10.0,
  "onehot_multiplier": 0.5,
  "reg_multiplier": 1.0,
  "A_base": 834025.357635001,
  "A_onehot": 417012.6788175005,
  "B_reg": 834025.357635001,
  "lambda_risk": 0.1,
  "R_size": 9,
  "Rmin": 6,
  "R_indices_zero_based": [
    5,
    7,
    18,
    23,
    26,
    39,
    45,
    49,
    55
  ],
  "R_feature_ids_1based": [
    6,
    8,
    19,
    24,
    27,
    40,
    46,
    50,
    56,
    63,
    68,
    78,
    83,
    92,
    99,
    101,
    112,
    115,
    125,
    133,
    134,
    145,
    153,
    156,
    161,
    171,
    180,
    183,
    192,
    195,
    202,
    212,
    217,
    221,
    231,
    239,
    243,
    247,
    258,
    263,
    273,
    279,
    284,
    290,
    296
  ],
  "premium_bands": [
    1200.0,
    1400.0,
    1500.0,
    1800.0,
    2000.0
  ],
  "deductible_bands": [
    0.0,
    150.0,
    300.0,
    600.0
  ],
  "affordability_enabled": false,
  "disallow_premium_bands": [],
  "disallow_penalty_multiplier": 100.0,
  "D_affordability": null,
  "use_tight_regulation": false,
  "qubo_file": "qubo_Q_S2_risk_adjusted_N60.npz",
  "regulation_encoding": "surplus T>=0 with (sum_{i in R} x_i) - (sum_l 2^l t_l) = Rmin",
  "diagnostics": {
    "cfg_hash_sha256": "447e6f229dc37e08c9a55f1f697098cb85463a48054ec5fa5b3bdd02c23ad2e5",
    "C_scale": 83402.5357635001,
    "scale_factor": 10.0,
    "A_base": 834025.357635001,
    "A_onehot": 417012.6788175005,
    "B_reg": 834025.357635001,
    "onehot_multiplier": 0.5,
    "reg_multiplier": 1.0,
    "objective_magnitude_bound": 105391733.27609712,
    "A_over_obj_bound": 0.003956787367041805,
    "B_over_obj_bound": 0.00791357473408361,
    "premium_max_abs": 2000.0,
    "sigma_abs_sum": 1053063307.403336,
    "R_size": 9,
    "Rmin": 6,
    "affordability_enabled": false,
    "disallow_penalty_multiplier": 100.0,
    "D_is_scaled_to_A_base_not_A": true,
    "Q_condition_number": 1151.012683434675,
    "Q_eigenvalue_min": -9952059.462922316,
    "Q_eigenvalue_max": 57162650.01693173,
    "Q_eigenvalue_range": [
      -9952059.462922316,
      57162650.01693173
    ],
    "Q_eigenvalue_percentiles": {
      "p0": -9952059.462922316,
      "p25": -512176.1851567908,
      "p50": 365328.0340561244,
      "p75": 966160.3860155802,
      "p100": 57162650.01693173
    },
    "Q_eigenvalue_count_negative": 19,
    "Q_eigenvalue_count_positive": 53,
    "Q_eigenvalue_count_near_zero": 0,
    "note": "Condition number measures numerical stability; bounded growth with N suggests stable QUBO structure."
  }
}