{
  "scenario": "S3_tight_regulation",
  "scenario_file": "config_qubo_S3.yaml",
  "seed": 2006,
  "ordering": "v = [x_1..x_N, y_1..y_M, z_1..z_K, t_0..t_{L-1}]",
  "N": 150,
  "M": 4,
  "K": 5,
  "L_reg_slack": 5,
  "n_total": 164,
  "x_range": [
    0,
    149
  ],
  "y_range": [
    150,
    153
  ],
  "z_range": [
    154,
    158
  ],
  "t_range": [
    159,
    163
  ],
  "C_scale": 202927.76696198882,
  "scale_factor": 10.0,
  "onehot_multiplier": 0.5,
  "reg_multiplier": 1.0,
  "A_base": 2029277.669619888,
  "A_onehot": 1014638.834809944,
  "B_reg": 2029277.669619888,
  "lambda_risk": 0.0,
  "R_size": 22,
  "Rmin": 19,
  "R_indices_zero_based": [
    5,
    7,
    18,
    23,
    26,
    39,
    45,
    49,
    55,
    62,
    67,
    77,
    82,
    91,
    98,
    100,
    111,
    114,
    124,
    132,
    133,
    144
  ],
  "R_feature_ids_1based": [
    6,
    8,
    19,
    24,
    27,
    40,
    46,
    50,
    56,
    63,
    68,
    78,
    83,
    92,
    99,
    101,
    112,
    115,
    125,
    133,
    134,
    145,
    153,
    156,
    161,
    171,
    180,
    183,
    192,
    195,
    202,
    212,
    217,
    221,
    231,
    239,
    243,
    247,
    258,
    263,
    273,
    279,
    284,
    290,
    296
  ],
  "premium_bands": [
    1200.0,
    1400.0,
    1500.0,
    1800.0,
    2000.0
  ],
  "deductible_bands": [
    0.0,
    150.0,
    300.0,
    600.0
  ],
  "affordability_enabled": false,
  "disallow_premium_bands": [],
  "disallow_penalty_multiplier": 100.0,
  "D_affordability": null,
  "use_tight_regulation": true,
  "qubo_file": "qubo_Q_S3_tight_regulation_N150.npz",
  "regulation_encoding": "surplus T>=0 with (sum_{i in R} x_i) - (sum_l 2^l t_l) = Rmin",
  "diagnostics": {
    "cfg_hash_sha256": "fda81fee40a5636f585faf5e0f746c201d22622dcbd060ad1d9bb43d5706a160",
    "C_scale": 202927.76696198882,
    "scale_factor": 10.0,
    "A_base": 2029277.669619888,
    "A_onehot": 1014638.834809944,
    "B_reg": 2029277.669619888,
    "onehot_multiplier": 0.5,
    "reg_multiplier": 1.0,
    "objective_magnitude_bound": 204927.76696198882,
    "A_over_obj_bound": 4.951202318025283,
    "B_over_obj_bound": 9.902404636050566,
    "premium_max_abs": 2000.0,
    "sigma_abs_sum": 10729624960.198978,
    "R_size": 22,
    "Rmin": 19,
    "affordability_enabled": false,
    "disallow_penalty_multiplier": 100.0,
    "D_is_scaled_to_A_base_not_A": true,
    "Q_condition_number": 13548311.012746377,
    "Q_eigenvalue_min": -77112400.55534749,
    "Q_eigenvalue_max": 1849021159.736515,
    "Q_eigenvalue_range": [
      -77112400.55534749,
      1849021159.736515
    ],
    "Q_eigenvalue_percentiles": {
      "p0": -77112400.55534749,
      "p25": 280.9682834673444,
      "p50": 826.4008638231215,
      "p75": 2076.099415849705,
      "p100": 1849021159.736515
    },
    "Q_eigenvalue_count_negative": 29,
    "Q_eigenvalue_count_positive": 135,
    "Q_eigenvalue_count_near_zero": 0,
    "note": "Condition number measures numerical stability; bounded growth with N suggests stable QUBO structure."
  }
}