{
  "scenario": "S1_cost_only",
  "scenario_file": "config_qubo_S1.yaml",
  "seed": 2006,
  "ordering": "v = [x_1..x_N, y_1..y_M, z_1..z_K, t_0..t_{L-1}]",
  "N": 60,
  "M": 4,
  "K": 5,
  "L_reg_slack": 3,
  "n_total": 72,
  "x_range": [
    0,
    59
  ],
  "y_range": [
    60,
    63
  ],
  "z_range": [
    64,
    68
  ],
  "t_range": [
    69,
    71
  ],
  "C_scale": 83402.5357635001,
  "scale_factor": 10.0,
  "onehot_multiplier": 0.5,
  "reg_multiplier": 1.0,
  "A_base": 834025.357635001,
  "A_onehot": 417012.6788175005,
  "B_reg": 834025.357635001,
  "lambda_risk": 0.0,
  "R_size": 9,
  "Rmin": 6,
  "R_indices_zero_based": [
    5,
    7,
    18,
    23,
    26,
    39,
    45,
    49,
    55
  ],
  "R_feature_ids_1based": [
    6,
    8,
    19,
    24,
    27,
    40,
    46,
    50,
    56,
    63,
    68,
    78,
    83,
    92,
    99,
    101,
    112,
    115,
    125,
    133,
    134,
    145,
    153,
    156,
    161,
    171,
    180,
    183,
    192,
    195,
    202,
    212,
    217,
    221,
    231,
    239,
    243,
    247,
    258,
    263,
    273,
    279,
    284,
    290,
    296
  ],
  "premium_bands": [
    1200.0,
    1400.0,
    1500.0,
    1800.0,
    2000.0
  ],
  "deductible_bands": [
    0.0,
    150.0,
    300.0,
    600.0
  ],
  "affordability_enabled": false,
  "disallow_premium_bands": [],
  "disallow_penalty_multiplier": 100.0,
  "D_affordability": null,
  "use_tight_regulation": false,
  "qubo_file": "qubo_Q_S1_cost_only_N60.npz",
  "regulation_encoding": "surplus T>=0 with (sum_{i in R} x_i) - (sum_l 2^l t_l) = Rmin",
  "diagnostics": {
    "cfg_hash_sha256": "1d70a15ceea299f647a974700493de82cb62c2104e83dc43f95207ccd03e4b23",
    "C_scale": 83402.5357635001,
    "scale_factor": 10.0,
    "A_base": 834025.357635001,
    "A_onehot": 417012.6788175005,
    "B_reg": 834025.357635001,
    "onehot_multiplier": 0.5,
    "reg_multiplier": 1.0,
    "objective_magnitude_bound": 85402.5357635001,
    "A_over_obj_bound": 4.882907458067844,
    "B_over_obj_bound": 9.765814916135689,
    "premium_max_abs": 2000.0,
    "sigma_abs_sum": 1053063307.403336,
    "R_size": 9,
    "Rmin": 6,
    "affordability_enabled": false,
    "disallow_penalty_multiplier": 100.0,
    "D_is_scaled_to_A_base_not_A": true,
    "Q_condition_number": 405778.5587789654,
    "Q_eigenvalue_min": -10008121.401730087,
    "Q_eigenvalue_max": 57128308.03102335,
    "Q_eigenvalue_range": [
      -10008121.401730087,
      57128308.03102335
    ],
    "Q_eigenvalue_percentiles": {
      "p0": -10008121.401730087,
      "p25": 176.01745729446935,
      "p50": 884.6126299796929,
      "p75": 2029.8345114284764,
      "p100": 57128308.03102335
    },
    "Q_eigenvalue_count_negative": 16,
    "Q_eigenvalue_count_positive": 56,
    "Q_eigenvalue_count_near_zero": 0,
    "note": "Condition number measures numerical stability; bounded growth with N suggests stable QUBO structure."
  }
}