{
  "scenario": "S2_risk_adjusted",
  "scenario_file": "config_qubo_S2.yaml",
  "seed": 2006,
  "ordering": "v = [x_1..x_N, y_1..y_M, z_1..z_K, t_0..t_{L-1}]",
  "N": 150,
  "M": 4,
  "K": 5,
  "L_reg_slack": 4,
  "n_total": 163,
  "x_range": [
    0,
    149
  ],
  "y_range": [
    150,
    153
  ],
  "z_range": [
    154,
    158
  ],
  "t_range": [
    159,
    162
  ],
  "C_scale": 202927.76696198882,
  "scale_factor": 10.0,
  "onehot_multiplier": 0.5,
  "reg_multiplier": 1.0,
  "A_base": 2029277.669619888,
  "A_onehot": 1014638.834809944,
  "B_reg": 2029277.669619888,
  "lambda_risk": 0.1,
  "R_size": 22,
  "Rmin": 14,
  "R_indices_zero_based": [
    5,
    7,
    18,
    23,
    26,
    39,
    45,
    49,
    55,
    62,
    67,
    77,
    82,
    91,
    98,
    100,
    111,
    114,
    124,
    132,
    133,
    144
  ],
  "R_feature_ids_1based": [
    6,
    8,
    19,
    24,
    27,
    40,
    46,
    50,
    56,
    63,
    68,
    78,
    83,
    92,
    99,
    101,
    112,
    115,
    125,
    133,
    134,
    145,
    153,
    156,
    161,
    171,
    180,
    183,
    192,
    195,
    202,
    212,
    217,
    221,
    231,
    239,
    243,
    247,
    258,
    263,
    273,
    279,
    284,
    290,
    296
  ],
  "premium_bands": [
    1200.0,
    1400.0,
    1500.0,
    1800.0,
    2000.0
  ],
  "deductible_bands": [
    0.0,
    150.0,
    300.0,
    600.0
  ],
  "affordability_enabled": false,
  "disallow_premium_bands": [],
  "disallow_penalty_multiplier": 100.0,
  "D_affordability": null,
  "use_tight_regulation": false,
  "qubo_file": "qubo_Q_S2_risk_adjusted_N150.npz",
  "regulation_encoding": "surplus T>=0 with (sum_{i in R} x_i) - (sum_l 2^l t_l) = Rmin",
  "diagnostics": {
    "cfg_hash_sha256": "7b89b8a55db1d9300f9dfb424a99761136981f49f7ccf2ebe3a4bcaa3f2989ff",
    "C_scale": 202927.76696198882,
    "scale_factor": 10.0,
    "A_base": 2029277.669619888,
    "A_onehot": 1014638.834809944,
    "B_reg": 2029277.669619888,
    "onehot_multiplier": 0.5,
    "reg_multiplier": 1.0,
    "objective_magnitude_bound": 1073167423.7868599,
    "A_over_obj_bound": 0.0009454618285277544,
    "B_over_obj_bound": 0.0018909236570555088,
    "premium_max_abs": 2000.0,
    "sigma_abs_sum": 10729624960.198978,
    "R_size": 22,
    "Rmin": 14,
    "affordability_enabled": false,
    "disallow_penalty_multiplier": 100.0,
    "D_is_scaled_to_A_base_not_A": true,
    "Q_condition_number": 893423.9634897327,
    "Q_eigenvalue_min": -60608751.938141614,
    "Q_eigenvalue_max": 611328697.7953486,
    "Q_eigenvalue_range": [
      -60608751.938141614,
      611328697.7953486
    ],
    "Q_eigenvalue_percentiles": {
      "p0": -60608751.938141614,
      "p25": -131384.7516353669,
      "p50": 264566.96794049523,
      "p75": 1008368.5662882604,
      "p100": 611328697.7953486
    },
    "Q_eigenvalue_count_negative": 44,
    "Q_eigenvalue_count_positive": 119,
    "Q_eigenvalue_count_near_zero": 0,
    "note": "Condition number measures numerical stability; bounded growth with N suggests stable QUBO structure."
  }
}