{
  "scenario": "S3_tight_regulation",
  "scenario_file": "config_qubo_S3.yaml",
  "seed": 2006,
  "ordering": "v = [x_1..x_N, y_1..y_M, z_1..z_K, t_0..t_{L-1}]",
  "N": 100,
  "M": 4,
  "K": 5,
  "L_reg_slack": 4,
  "n_total": 113,
  "x_range": [
    0,
    99
  ],
  "y_range": [
    100,
    103
  ],
  "z_range": [
    104,
    108
  ],
  "t_range": [
    109,
    112
  ],
  "C_scale": 141140.3602536183,
  "scale_factor": 10.0,
  "onehot_multiplier": 0.5,
  "reg_multiplier": 1.0,
  "A_base": 1411403.602536183,
  "A_onehot": 705701.8012680915,
  "B_reg": 1411403.602536183,
  "lambda_risk": 0.0,
  "R_size": 15,
  "Rmin": 13,
  "R_indices_zero_based": [
    5,
    7,
    18,
    23,
    26,
    39,
    45,
    49,
    55,
    62,
    67,
    77,
    82,
    91,
    98
  ],
  "R_feature_ids_1based": [
    6,
    8,
    19,
    24,
    27,
    40,
    46,
    50,
    56,
    63,
    68,
    78,
    83,
    92,
    99,
    101,
    112,
    115,
    125,
    133,
    134,
    145,
    153,
    156,
    161,
    171,
    180,
    183,
    192,
    195,
    202,
    212,
    217,
    221,
    231,
    239,
    243,
    247,
    258,
    263,
    273,
    279,
    284,
    290,
    296
  ],
  "premium_bands": [
    1200.0,
    1400.0,
    1500.0,
    1800.0,
    2000.0
  ],
  "deductible_bands": [
    0.0,
    150.0,
    300.0,
    600.0
  ],
  "affordability_enabled": false,
  "disallow_premium_bands": [],
  "disallow_penalty_multiplier": 100.0,
  "D_affordability": null,
  "use_tight_regulation": true,
  "qubo_file": "qubo_Q_S3_tight_regulation_N100.npz",
  "regulation_encoding": "surplus T>=0 with (sum_{i in R} x_i) - (sum_l 2^l t_l) = Rmin",
  "diagnostics": {
    "cfg_hash_sha256": "aadd5142e5a6767419cc56dadb4207299e5c891a27c11c54b14e72d24401bdca",
    "C_scale": 141140.3602536183,
    "scale_factor": 10.0,
    "A_base": 1411403.602536183,
    "A_onehot": 705701.8012680915,
    "B_reg": 1411403.602536183,
    "onehot_multiplier": 0.5,
    "reg_multiplier": 1.0,
    "objective_magnitude_bound": 143140.3602536183,
    "A_over_obj_bound": 4.930138501941159,
    "B_over_obj_bound": 9.860277003882318,
    "premium_max_abs": 2000.0,
    "sigma_abs_sum": 5244701555.363205,
    "R_size": 15,
    "Rmin": 13,
    "affordability_enabled": false,
    "disallow_penalty_multiplier": 100.0,
    "D_is_scaled_to_A_base_not_A": true,
    "Q_condition_number": 2847553.2277647103,
    "Q_eigenvalue_min": -36696339.3475951,
    "Q_eigenvalue_max": 400898210.14690316,
    "Q_eigenvalue_range": [
      -36696339.3475951,
      400898210.14690316
    ],
    "Q_eigenvalue_percentiles": {
      "p0": -36696339.3475951,
      "p25": 234.90085347253427,
      "p50": 823.1254018045048,
      "p75": 2176.36113513874,
      "p100": 400898210.14690316
    },
    "Q_eigenvalue_count_negative": 22,
    "Q_eigenvalue_count_positive": 91,
    "Q_eigenvalue_count_near_zero": 0,
    "note": "Condition number measures numerical stability; bounded growth with N suggests stable QUBO structure."
  }
}