{
  "scenario": "S3_tight_regulation",
  "scenario_file": "config_qubo_S3.yaml",
  "seed": 2006,
  "ordering": "v = [x_1..x_N, y_1..y_M, z_1..z_K, t_0..t_{L-1}]",
  "N": 200,
  "M": 4,
  "K": 5,
  "L_reg_slack": 5,
  "n_total": 214,
  "x_range": [
    0,
    199
  ],
  "y_range": [
    200,
    203
  ],
  "z_range": [
    204,
    208
  ],
  "t_range": [
    209,
    213
  ],
  "C_scale": 258734.44724672136,
  "scale_factor": 10.0,
  "onehot_multiplier": 0.5,
  "reg_multiplier": 1.0,
  "A_base": 2587344.472467214,
  "A_onehot": 1293672.236233607,
  "B_reg": 2587344.472467214,
  "lambda_risk": 0.0,
  "R_size": 30,
  "Rmin": 26,
  "R_indices_zero_based": [
    5,
    7,
    18,
    23,
    26,
    39,
    45,
    49,
    55,
    62,
    67,
    77,
    82,
    91,
    98,
    100,
    111,
    114,
    124,
    132,
    133,
    144,
    152,
    155,
    160,
    170,
    179,
    182,
    191,
    194
  ],
  "R_feature_ids_1based": [
    6,
    8,
    19,
    24,
    27,
    40,
    46,
    50,
    56,
    63,
    68,
    78,
    83,
    92,
    99,
    101,
    112,
    115,
    125,
    133,
    134,
    145,
    153,
    156,
    161,
    171,
    180,
    183,
    192,
    195,
    202,
    212,
    217,
    221,
    231,
    239,
    243,
    247,
    258,
    263,
    273,
    279,
    284,
    290,
    296
  ],
  "premium_bands": [
    1200.0,
    1400.0,
    1500.0,
    1800.0,
    2000.0
  ],
  "deductible_bands": [
    0.0,
    150.0,
    300.0,
    600.0
  ],
  "affordability_enabled": false,
  "disallow_premium_bands": [],
  "disallow_penalty_multiplier": 100.0,
  "D_affordability": null,
  "use_tight_regulation": true,
  "qubo_file": "qubo_Q_S3_tight_regulation_N200.npz",
  "regulation_encoding": "surplus T>=0 with (sum_{i in R} x_i) - (sum_l 2^l t_l) = Rmin",
  "diagnostics": {
    "cfg_hash_sha256": "86806538312043bf14eab33eddab28552c5ca5f9bed5c0a0f2718f474b8b84c6",
    "C_scale": 258734.44724672136,
    "scale_factor": 10.0,
    "A_base": 2587344.472467214,
    "A_onehot": 1293672.236233607,
    "B_reg": 2587344.472467214,
    "onehot_multiplier": 0.5,
    "reg_multiplier": 1.0,
    "objective_magnitude_bound": 260734.44724672136,
    "A_over_obj_bound": 4.961646801542347,
    "B_over_obj_bound": 9.923293603084694,
    "premium_max_abs": 2000.0,
    "sigma_abs_sum": 16339317698.42619,
    "R_size": 30,
    "Rmin": 26,
    "affordability_enabled": false,
    "disallow_penalty_multiplier": 100.0,
    "D_is_scaled_to_A_base_not_A": true,
    "Q_condition_number": 23366795.342779905,
    "Q_eigenvalue_min": -134541762.63307676,
    "Q_eigenvalue_max": 2920539820.233163,
    "Q_eigenvalue_range": [
      -134541762.63307676,
      2920539820.233163
    ],
    "Q_eigenvalue_percentiles": {
      "p0": -134541762.63307676,
      "p25": 280.06179512918413,
      "p50": 805.4395410530246,
      "p75": 1967.528060940596,
      "p100": 2920539820.233163
    },
    "Q_eigenvalue_count_negative": 37,
    "Q_eigenvalue_count_positive": 177,
    "Q_eigenvalue_count_near_zero": 0,
    "note": "Condition number measures numerical stability; bounded growth with N suggests stable QUBO structure."
  }
}