{
  "scenario": "S3_tight_regulation",
  "scenario_file": "config_qubo_S3.yaml",
  "seed": 2006,
  "ordering": "v = [x_1..x_N, y_1..y_M, z_1..z_K, t_0..t_{L-1}]",
  "N": 300,
  "M": 4,
  "K": 5,
  "L_reg_slack": 6,
  "n_total": 315,
  "x_range": [
    0,
    299
  ],
  "y_range": [
    300,
    303
  ],
  "z_range": [
    304,
    308
  ],
  "t_range": [
    309,
    314
  ],
  "C_scale": 395733.4056409461,
  "scale_factor": 10.0,
  "onehot_multiplier": 0.5,
  "reg_multiplier": 1.0,
  "A_base": 3957334.0564094614,
  "A_onehot": 1978667.0282047307,
  "B_reg": 3957334.0564094614,
  "lambda_risk": 0.0,
  "R_size": 45,
  "Rmin": 39,
  "R_indices_zero_based": [
    5,
    7,
    18,
    23,
    26,
    39,
    45,
    49,
    55,
    62,
    67,
    77,
    82,
    91,
    98,
    100,
    111,
    114,
    124,
    132,
    133,
    144,
    152,
    155,
    160,
    170,
    179,
    182,
    191,
    194,
    201,
    211,
    216,
    220,
    230,
    238,
    242,
    246,
    257,
    262,
    272,
    278,
    283,
    289,
    295
  ],
  "R_feature_ids_1based": [
    6,
    8,
    19,
    24,
    27,
    40,
    46,
    50,
    56,
    63,
    68,
    78,
    83,
    92,
    99,
    101,
    112,
    115,
    125,
    133,
    134,
    145,
    153,
    156,
    161,
    171,
    180,
    183,
    192,
    195,
    202,
    212,
    217,
    221,
    231,
    239,
    243,
    247,
    258,
    263,
    273,
    279,
    284,
    290,
    296
  ],
  "premium_bands": [
    1200.0,
    1400.0,
    1500.0,
    1800.0,
    2000.0
  ],
  "deductible_bands": [
    0.0,
    150.0,
    300.0,
    600.0
  ],
  "affordability_enabled": false,
  "disallow_premium_bands": [],
  "disallow_penalty_multiplier": 100.0,
  "D_affordability": null,
  "use_tight_regulation": true,
  "qubo_file": "qubo_Q_S3_tight_regulation_N300.npz",
  "regulation_encoding": "surplus T>=0 with (sum_{i in R} x_i) - (sum_l 2^l t_l) = Rmin",
  "diagnostics": {
    "cfg_hash_sha256": "55ed026c8bf5725696e3eff968b0b2a82445e3afc0faef89df1142eefcb48f97",
    "C_scale": 395733.4056409461,
    "scale_factor": 10.0,
    "A_base": 3957334.0564094614,
    "A_onehot": 1978667.0282047307,
    "B_reg": 3957334.0564094614,
    "onehot_multiplier": 0.5,
    "reg_multiplier": 1.0,
    "objective_magnitude_bound": 397733.4056409461,
    "A_over_obj_bound": 4.974857530551438,
    "B_over_obj_bound": 9.949715061102877,
    "premium_max_abs": 2000.0,
    "sigma_abs_sum": 35314501444.92287,
    "R_size": 45,
    "Rmin": 39,
    "affordability_enabled": false,
    "disallow_penalty_multiplier": 100.0,
    "D_is_scaled_to_A_base_not_A": true,
    "Q_condition_number": 117503170.10512494,
    "Q_eigenvalue_min": -308671907.693959,
    "Q_eigenvalue_max": 14609820496.698757,
    "Q_eigenvalue_range": [
      -308671907.693959,
      14609820496.698757
    ],
    "Q_eigenvalue_percentiles": {
      "p0": -308671907.693959,
      "p25": 281.8241437938505,
      "p50": 817.814369032018,
      "p75": 2019.0442104485037,
      "p100": 14609820496.698757
    },
    "Q_eigenvalue_count_negative": 52,
    "Q_eigenvalue_count_positive": 263,
    "Q_eigenvalue_count_near_zero": 0,
    "note": "Condition number measures numerical stability; bounded growth with N suggests stable QUBO structure."
  }
}