{
  "scenario": "S2_risk_adjusted",
  "scenario_file": "config_qubo_S2.yaml",
  "seed": 1009,
  "ordering": "v = [x_1..x_N, y_1..y_M, z_1..z_K, t_0..t_{L-1}]",
  "N": 30,
  "M": 4,
  "K": 5,
  "L_reg_slack": 2,
  "n_total": 41,
  "x_range": [
    0,
    29
  ],
  "y_range": [
    30,
    33
  ],
  "z_range": [
    34,
    38
  ],
  "t_range": [
    39,
    40
  ],
  "C_scale": 33522.38277182196,
  "scale_factor": 10.0,
  "onehot_multiplier": 0.5,
  "reg_multiplier": 1.0,
  "A_base": 335223.8277182196,
  "A_onehot": 167611.9138591098,
  "B_reg": 335223.8277182196,
  "lambda_risk": 0.1,
  "R_size": 4,
  "Rmin": 3,
  "R_indices_zero_based": [
    3,
    9,
    17,
    25
  ],
  "R_feature_ids_1based": [
    4,
    10,
    18,
    26,
    33,
    39,
    45,
    53,
    55,
    65,
    70,
    80,
    86,
    87,
    100,
    103,
    111,
    118,
    121,
    133,
    137,
    142,
    149,
    155,
    162,
    168,
    174,
    181,
    191,
    194,
    203,
    209,
    214,
    224,
    231,
    239,
    242,
    249,
    257,
    261,
    267,
    277,
    284,
    292,
    296
  ],
  "premium_bands": [
    1200.0,
    1400.0,
    1500.0,
    1800.0,
    2000.0
  ],
  "deductible_bands": [
    0.0,
    150.0,
    300.0,
    600.0
  ],
  "affordability_enabled": false,
  "disallow_premium_bands": [],
  "disallow_penalty_multiplier": 100.0,
  "D_affordability": null,
  "use_tight_regulation": false,
  "qubo_file": "qubo_Q_S2_risk_adjusted_N30.npz",
  "regulation_encoding": "surplus T>=0 with (sum_{i in R} x_i) - (sum_l 2^l t_l) = Rmin",
  "diagnostics": {
    "cfg_hash_sha256": "a1278bf8958234e909fd69898a847ba70256d16d914657220c2090c74bb3bfc7",
    "C_scale": 33522.38277182196,
    "scale_factor": 10.0,
    "A_base": 335223.8277182196,
    "A_onehot": 167611.9138591098,
    "B_reg": 335223.8277182196,
    "onehot_multiplier": 0.5,
    "reg_multiplier": 1.0,
    "objective_magnitude_bound": 23581431.927554272,
    "A_over_obj_bound": 0.0071077920278140435,
    "B_over_obj_bound": 0.014215584055628087,
    "premium_max_abs": 2000.0,
    "sigma_abs_sum": 235459095.44782448,
    "R_size": 4,
    "Rmin": 3,
    "affordability_enabled": false,
    "disallow_penalty_multiplier": 100.0,
    "D_is_scaled_to_A_base_not_A": true,
    "Q_condition_number": 156.25613611569395,
    "Q_eigenvalue_min": -1904131.7800210917,
    "Q_eigenvalue_max": 5850114.191018199,
    "Q_eigenvalue_range": [
      -1904131.7800210917,
      5850114.191018199
    ],
    "Q_eigenvalue_percentiles": {
      "p0": -1904131.7800210917,
      "p25": -335223.82771821914,
      "p50": 255736.80560920498,
      "p75": 478148.10838614544,
      "p100": 5850114.191018199
    },
    "Q_eigenvalue_count_negative": 12,
    "Q_eigenvalue_count_positive": 29,
    "Q_eigenvalue_count_near_zero": 0,
    "note": "Condition number measures numerical stability; bounded growth with N suggests stable QUBO structure."
  }
}