{
  "scenario": "S3_tight_regulation",
  "scenario_file": "config_qubo_S3.yaml",
  "seed": 1009,
  "ordering": "v = [x_1..x_N, y_1..y_M, z_1..z_K, t_0..t_{L-1}]",
  "N": 50,
  "M": 4,
  "K": 5,
  "L_reg_slack": 3,
  "n_total": 62,
  "x_range": [
    0,
    49
  ],
  "y_range": [
    50,
    53
  ],
  "z_range": [
    54,
    58
  ],
  "t_range": [
    59,
    61
  ],
  "C_scale": 62215.84139243898,
  "scale_factor": 10.0,
  "onehot_multiplier": 0.5,
  "reg_multiplier": 1.0,
  "A_base": 622158.4139243899,
  "A_onehot": 311079.20696219493,
  "B_reg": 622158.4139243899,
  "lambda_risk": 0.0,
  "R_size": 7,
  "Rmin": 6,
  "R_indices_zero_based": [
    3,
    9,
    17,
    25,
    32,
    38,
    44
  ],
  "R_feature_ids_1based": [
    4,
    10,
    18,
    26,
    33,
    39,
    45,
    53,
    55,
    65,
    70,
    80,
    86,
    87,
    100,
    103,
    111,
    118,
    121,
    133,
    137,
    142,
    149,
    155,
    162,
    168,
    174,
    181,
    191,
    194,
    203,
    209,
    214,
    224,
    231,
    239,
    242,
    249,
    257,
    261,
    267,
    277,
    284,
    292,
    296
  ],
  "premium_bands": [
    1200.0,
    1400.0,
    1500.0,
    1800.0,
    2000.0
  ],
  "deductible_bands": [
    0.0,
    150.0,
    300.0,
    600.0
  ],
  "affordability_enabled": false,
  "disallow_premium_bands": [],
  "disallow_penalty_multiplier": 100.0,
  "D_affordability": null,
  "use_tight_regulation": true,
  "qubo_file": "qubo_Q_S3_tight_regulation_N50.npz",
  "regulation_encoding": "surplus T>=0 with (sum_{i in R} x_i) - (sum_l 2^l t_l) = Rmin",
  "diagnostics": {
    "cfg_hash_sha256": "4d7653150da2584c23bab634f6053e057f3deda445f16458df5bda24eef16dd0",
    "C_scale": 62215.84139243898,
    "scale_factor": 10.0,
    "A_base": 622158.4139243899,
    "A_onehot": 311079.20696219493,
    "B_reg": 622158.4139243899,
    "onehot_multiplier": 0.5,
    "reg_multiplier": 1.0,
    "objective_magnitude_bound": 64215.84139243898,
    "A_over_obj_bound": 4.844275185325572,
    "B_over_obj_bound": 9.688550370651145,
    "premium_max_abs": 2000.0,
    "sigma_abs_sum": 703683341.0531104,
    "R_size": 7,
    "Rmin": 6,
    "affordability_enabled": false,
    "disallow_penalty_multiplier": 100.0,
    "D_is_scaled_to_A_base_not_A": true,
    "Q_condition_number": 191414.01674180318,
    "Q_eigenvalue_min": -7465716.2070839675,
    "Q_eigenvalue_max": 42253576.3156682,
    "Q_eigenvalue_range": [
      -7465716.2070839675,
      42253576.3156682
    ],
    "Q_eigenvalue_percentiles": {
      "p0": -7465716.2070839675,
      "p25": 280.21790619084953,
      "p50": 802.142518994722,
      "p75": 2178.3612991369623,
      "p100": 42253576.3156682
    },
    "Q_eigenvalue_count_negative": 14,
    "Q_eigenvalue_count_positive": 48,
    "Q_eigenvalue_count_near_zero": 0,
    "note": "Condition number measures numerical stability; bounded growth with N suggests stable QUBO structure."
  }
}