{
  "scenario": "S4_affordability",
  "scenario_file": "config_qubo_S4.yaml",
  "seed": 1009,
  "ordering": "v = [x_1..x_N, y_1..y_M, z_1..z_K, t_0..t_{L-1}]",
  "N": 40,
  "M": 4,
  "K": 5,
  "L_reg_slack": 3,
  "n_total": 52,
  "x_range": [
    0,
    39
  ],
  "y_range": [
    40,
    43
  ],
  "z_range": [
    44,
    48
  ],
  "t_range": [
    49,
    51
  ],
  "C_scale": 47124.919678559134,
  "scale_factor": 10.0,
  "onehot_multiplier": 0.5,
  "reg_multiplier": 1.0,
  "A_base": 471249.1967855913,
  "A_onehot": 235624.59839279565,
  "B_reg": 471249.1967855913,
  "lambda_risk": 0.0,
  "R_size": 6,
  "Rmin": 4,
  "R_indices_zero_based": [
    3,
    9,
    17,
    25,
    32,
    38
  ],
  "R_feature_ids_1based": [
    4,
    10,
    18,
    26,
    33,
    39,
    45,
    53,
    55,
    65,
    70,
    80,
    86,
    87,
    100,
    103,
    111,
    118,
    121,
    133,
    137,
    142,
    149,
    155,
    162,
    168,
    174,
    181,
    191,
    194,
    203,
    209,
    214,
    224,
    231,
    239,
    242,
    249,
    257,
    261,
    267,
    277,
    284,
    292,
    296
  ],
  "premium_bands": [
    1200.0,
    1400.0,
    1500.0,
    1800.0,
    2000.0
  ],
  "deductible_bands": [
    0.0,
    150.0,
    300.0,
    600.0
  ],
  "affordability_enabled": true,
  "disallow_premium_bands": [
    4,
    5
  ],
  "disallow_penalty_multiplier": 100.0,
  "D_affordability": 47124919.67855913,
  "use_tight_regulation": false,
  "qubo_file": "qubo_Q_S4_affordability_N40.npz",
  "regulation_encoding": "surplus T>=0 with (sum_{i in R} x_i) - (sum_l 2^l t_l) = Rmin",
  "diagnostics": {
    "cfg_hash_sha256": "613b6f8232ade5401b901f6372e593394c8cbb75ddd9d521031055cce065de96",
    "C_scale": 47124.919678559134,
    "scale_factor": 10.0,
    "A_base": 471249.1967855913,
    "A_onehot": 235624.59839279565,
    "B_reg": 471249.1967855913,
    "onehot_multiplier": 0.5,
    "reg_multiplier": 1.0,
    "objective_magnitude_bound": 49124.919678559134,
    "A_over_obj_bound": 4.7964373261995465,
    "B_over_obj_bound": 9.592874652399093,
    "premium_max_abs": 2000.0,
    "sigma_abs_sum": 543505807.6090949,
    "R_size": 6,
    "Rmin": 4,
    "affordability_enabled": true,
    "disallow_penalty_multiplier": 100.0,
    "D_is_scaled_to_A_base_not_A": true,
    "Q_condition_number": 213505.38658051472,
    "Q_eigenvalue_min": -3769742.737996245,
    "Q_eigenvalue_max": 47130122.963429675,
    "Q_eigenvalue_range": [
      -3769742.737996245,
      47130122.963429675
    ],
    "Q_eigenvalue_percentiles": {
      "p0": -3769742.737996245,
      "p25": 288.8445187920071,
      "p50": 712.3245823234481,
      "p75": 2526.949852836686,
      "p100": 47130122.963429675
    },
    "Q_eigenvalue_count_negative": 11,
    "Q_eigenvalue_count_positive": 41,
    "Q_eigenvalue_count_near_zero": 0,
    "note": "Condition number measures numerical stability; bounded growth with N suggests stable QUBO structure.",
    "D_affordability": 47124919.67855913,
    "D_over_premium_max_abs": 23562.459839279567,
    "D_over_obj_bound": 959.2874652399094
  }
}