{
  "scenario": "S1_cost_only",
  "scenario_file": "config_qubo_S1.yaml",
  "seed": 1009,
  "ordering": "v = [x_1..x_N, y_1..y_M, z_1..z_K, t_0..t_{L-1}]",
  "N": 20,
  "M": 4,
  "K": 5,
  "L_reg_slack": 2,
  "n_total": 31,
  "x_range": [
    0,
    19
  ],
  "y_range": [
    20,
    23
  ],
  "z_range": [
    24,
    28
  ],
  "t_range": [
    29,
    30
  ],
  "C_scale": 23749.203317187716,
  "scale_factor": 10.0,
  "onehot_multiplier": 0.5,
  "reg_multiplier": 1.0,
  "A_base": 237492.03317187715,
  "A_onehot": 118746.01658593857,
  "B_reg": 237492.03317187715,
  "lambda_risk": 0.0,
  "R_size": 3,
  "Rmin": 2,
  "R_indices_zero_based": [
    3,
    9,
    17
  ],
  "R_feature_ids_1based": [
    4,
    10,
    18,
    26,
    33,
    39,
    45,
    53,
    55,
    65,
    70,
    80,
    86,
    87,
    100,
    103,
    111,
    118,
    121,
    133,
    137,
    142,
    149,
    155,
    162,
    168,
    174,
    181,
    191,
    194,
    203,
    209,
    214,
    224,
    231,
    239,
    242,
    249,
    257,
    261,
    267,
    277,
    284,
    292,
    296
  ],
  "premium_bands": [
    1200.0,
    1400.0,
    1500.0,
    1800.0,
    2000.0
  ],
  "deductible_bands": [
    0.0,
    150.0,
    300.0,
    600.0
  ],
  "affordability_enabled": false,
  "disallow_premium_bands": [],
  "disallow_penalty_multiplier": 100.0,
  "D_affordability": null,
  "use_tight_regulation": false,
  "qubo_file": "qubo_Q_S1_cost_only_N20.npz",
  "regulation_encoding": "surplus T>=0 with (sum_{i in R} x_i) - (sum_l 2^l t_l) = Rmin",
  "diagnostics": {
    "cfg_hash_sha256": "b87a11eab228cb832b15194dab7acd44f2404289703179bf9eadd37ff1f947a4",
    "C_scale": 23749.203317187716,
    "scale_factor": 10.0,
    "A_base": 237492.03317187715,
    "A_onehot": 118746.01658593857,
    "B_reg": 237492.03317187715,
    "onehot_multiplier": 0.5,
    "reg_multiplier": 1.0,
    "objective_magnitude_bound": 25749.203317187716,
    "A_over_obj_bound": 4.6116384698657855,
    "B_over_obj_bound": 9.223276939731571,
    "premium_max_abs": 2000.0,
    "sigma_abs_sum": 163987131.0638462,
    "R_size": 3,
    "Rmin": 2,
    "affordability_enabled": false,
    "disallow_penalty_multiplier": 100.0,
    "D_is_scaled_to_A_base_not_A": true,
    "Q_condition_number": 10957.791963680835,
    "Q_eigenvalue_min": -949717.1839982616,
    "Q_eigenvalue_max": 3212362.4599085553,
    "Q_eigenvalue_range": [
      -949717.1839982616,
      3212362.4599085553
    ],
    "Q_eigenvalue_percentiles": {
      "p0": -949717.1839982616,
      "p25": -237492.03317187715,
      "p50": 665.0961439310375,
      "p75": 2389.2575616690856,
      "p100": 3212362.4599085553
    },
    "Q_eigenvalue_count_negative": 10,
    "Q_eigenvalue_count_positive": 21,
    "Q_eigenvalue_count_near_zero": 0,
    "note": "Condition number measures numerical stability; bounded growth with N suggests stable QUBO structure."
  }
}