{
  "scenario": "S2_risk_adjusted",
  "scenario_file": "config_qubo_S2.yaml",
  "seed": 1009,
  "ordering": "v = [x_1..x_N, y_1..y_M, z_1..z_K, t_0..t_{L-1}]",
  "N": 40,
  "M": 4,
  "K": 5,
  "L_reg_slack": 3,
  "n_total": 52,
  "x_range": [
    0,
    39
  ],
  "y_range": [
    40,
    43
  ],
  "z_range": [
    44,
    48
  ],
  "t_range": [
    49,
    51
  ],
  "C_scale": 47124.919678559134,
  "scale_factor": 10.0,
  "onehot_multiplier": 0.5,
  "reg_multiplier": 1.0,
  "A_base": 471249.1967855913,
  "A_onehot": 235624.59839279565,
  "B_reg": 471249.1967855913,
  "lambda_risk": 0.1,
  "R_size": 6,
  "Rmin": 4,
  "R_indices_zero_based": [
    3,
    9,
    17,
    25,
    32,
    38
  ],
  "R_feature_ids_1based": [
    4,
    10,
    18,
    26,
    33,
    39,
    45,
    53,
    55,
    65,
    70,
    80,
    86,
    87,
    100,
    103,
    111,
    118,
    121,
    133,
    137,
    142,
    149,
    155,
    162,
    168,
    174,
    181,
    191,
    194,
    203,
    209,
    214,
    224,
    231,
    239,
    242,
    249,
    257,
    261,
    267,
    277,
    284,
    292,
    296
  ],
  "premium_bands": [
    1200.0,
    1400.0,
    1500.0,
    1800.0,
    2000.0
  ],
  "deductible_bands": [
    0.0,
    150.0,
    300.0,
    600.0
  ],
  "affordability_enabled": false,
  "disallow_premium_bands": [],
  "disallow_penalty_multiplier": 100.0,
  "D_affordability": null,
  "use_tight_regulation": false,
  "qubo_file": "qubo_Q_S2_risk_adjusted_N40.npz",
  "regulation_encoding": "surplus T>=0 with (sum_{i in R} x_i) - (sum_l 2^l t_l) = Rmin",
  "diagnostics": {
    "cfg_hash_sha256": "cfd37ff80b150011362bb583993687f721ca24a731747615192ba1fa495e1a03",
    "C_scale": 47124.919678559134,
    "scale_factor": 10.0,
    "A_base": 471249.1967855913,
    "A_onehot": 235624.59839279565,
    "B_reg": 471249.1967855913,
    "onehot_multiplier": 0.5,
    "reg_multiplier": 1.0,
    "objective_magnitude_bound": 54399705.68058805,
    "A_over_obj_bound": 0.00433135796315302,
    "B_over_obj_bound": 0.00866271592630604,
    "premium_max_abs": 2000.0,
    "sigma_abs_sum": 543505807.6090949,
    "R_size": 6,
    "Rmin": 4,
    "affordability_enabled": false,
    "disallow_penalty_multiplier": 100.0,
    "D_is_scaled_to_A_base_not_A": true,
    "Q_condition_number": 37962.05285813567,
    "Q_eigenvalue_min": -3661818.1478134724,
    "Q_eigenvalue_max": 24883627.49908386,
    "Q_eigenvalue_range": [
      -3661818.1478134724,
      24883627.49908386
    ],
    "Q_eigenvalue_percentiles": {
      "p0": -3661818.1478134724,
      "p25": -471249.1967855911,
      "p50": 234845.10313170118,
      "p75": 809866.4907677631,
      "p100": 24883627.49908386
    },
    "Q_eigenvalue_count_negative": 16,
    "Q_eigenvalue_count_positive": 36,
    "Q_eigenvalue_count_near_zero": 0,
    "note": "Condition number measures numerical stability; bounded growth with N suggests stable QUBO structure."
  }
}