{
  "scenario": "S4_affordability",
  "scenario_file": "config_qubo_S4.yaml",
  "seed": 1009,
  "ordering": "v = [x_1..x_N, y_1..y_M, z_1..z_K, t_0..t_{L-1}]",
  "N": 30,
  "M": 4,
  "K": 5,
  "L_reg_slack": 2,
  "n_total": 41,
  "x_range": [
    0,
    29
  ],
  "y_range": [
    30,
    33
  ],
  "z_range": [
    34,
    38
  ],
  "t_range": [
    39,
    40
  ],
  "C_scale": 33522.38277182196,
  "scale_factor": 10.0,
  "onehot_multiplier": 0.5,
  "reg_multiplier": 1.0,
  "A_base": 335223.8277182196,
  "A_onehot": 167611.9138591098,
  "B_reg": 335223.8277182196,
  "lambda_risk": 0.0,
  "R_size": 4,
  "Rmin": 3,
  "R_indices_zero_based": [
    3,
    9,
    17,
    25
  ],
  "R_feature_ids_1based": [
    4,
    10,
    18,
    26,
    33,
    39,
    45,
    53,
    55,
    65,
    70,
    80,
    86,
    87,
    100,
    103,
    111,
    118,
    121,
    133,
    137,
    142,
    149,
    155,
    162,
    168,
    174,
    181,
    191,
    194,
    203,
    209,
    214,
    224,
    231,
    239,
    242,
    249,
    257,
    261,
    267,
    277,
    284,
    292,
    296
  ],
  "premium_bands": [
    1200.0,
    1400.0,
    1500.0,
    1800.0,
    2000.0
  ],
  "deductible_bands": [
    0.0,
    150.0,
    300.0,
    600.0
  ],
  "affordability_enabled": true,
  "disallow_premium_bands": [
    4,
    5
  ],
  "disallow_penalty_multiplier": 100.0,
  "D_affordability": 33522382.77182196,
  "use_tight_regulation": false,
  "qubo_file": "qubo_Q_S4_affordability_N30.npz",
  "regulation_encoding": "surplus T>=0 with (sum_{i in R} x_i) - (sum_l 2^l t_l) = Rmin",
  "diagnostics": {
    "cfg_hash_sha256": "8ed38bf43e55c04e2908c2a17cdb30fff5f40695cf6ed2d0ac075bb375c2d9e1",
    "C_scale": 33522.38277182196,
    "scale_factor": 10.0,
    "A_base": 335223.8277182196,
    "A_onehot": 167611.9138591098,
    "B_reg": 335223.8277182196,
    "onehot_multiplier": 0.5,
    "reg_multiplier": 1.0,
    "objective_magnitude_bound": 35522.38277182196,
    "A_over_obj_bound": 4.718487353051877,
    "B_over_obj_bound": 9.436974706103754,
    "premium_max_abs": 2000.0,
    "sigma_abs_sum": 235459095.44782448,
    "R_size": 4,
    "Rmin": 3,
    "affordability_enabled": true,
    "disallow_penalty_multiplier": 100.0,
    "D_is_scaled_to_A_base_not_A": true,
    "Q_condition_number": 151874.89484438385,
    "Q_eigenvalue_min": -2011092.0518991603,
    "Q_eigenvalue_max": 33525535.74206996,
    "Q_eigenvalue_range": [
      -2011092.0518991603,
      33525535.74206996
    ],
    "Q_eigenvalue_percentiles": {
      "p0": -2011092.0518991603,
      "p25": 293.1578250936514,
      "p50": 709.3404851363158,
      "p75": 2421.7169133727452,
      "p100": 33525535.74206996
    },
    "Q_eigenvalue_count_negative": 9,
    "Q_eigenvalue_count_positive": 32,
    "Q_eigenvalue_count_near_zero": 0,
    "note": "Condition number measures numerical stability; bounded growth with N suggests stable QUBO structure.",
    "D_affordability": 33522382.77182196,
    "D_over_premium_max_abs": 16761.19138591098,
    "D_over_obj_bound": 943.6974706103754
  }
}