{
  "scenario": "S4_affordability",
  "scenario_file": "config_qubo_S4.yaml",
  "seed": 2004,
  "ordering": "v = [x_1..x_N, y_1..y_M, z_1..z_K, t_0..t_{L-1}]",
  "N": 300,
  "M": 4,
  "K": 5,
  "L_reg_slack": 5,
  "n_total": 314,
  "x_range": [
    0,
    299
  ],
  "y_range": [
    300,
    303
  ],
  "z_range": [
    304,
    308
  ],
  "t_range": [
    309,
    313
  ],
  "C_scale": 395359.9077168483,
  "scale_factor": 10.0,
  "onehot_multiplier": 0.5,
  "reg_multiplier": 1.0,
  "A_base": 3953599.0771684833,
  "A_onehot": 1976799.5385842416,
  "B_reg": 3953599.0771684833,
  "lambda_risk": 0.0,
  "R_size": 45,
  "Rmin": 27,
  "R_indices_zero_based": [
    0,
    11,
    19,
    25,
    28,
    39,
    43,
    51,
    54,
    60,
    68,
    77,
    84,
    89,
    99,
    103,
    108,
    115,
    120,
    132,
    139,
    143,
    148,
    154,
    163,
    169,
    178,
    184,
    190,
    197,
    202,
    206,
    215,
    220,
    228,
    233,
    244,
    246,
    254,
    265,
    266,
    278,
    285,
    286,
    293
  ],
  "R_feature_ids_1based": [
    1,
    12,
    20,
    26,
    29,
    40,
    44,
    52,
    55,
    61,
    69,
    78,
    85,
    90,
    100,
    104,
    109,
    116,
    121,
    133,
    140,
    144,
    149,
    155,
    164,
    170,
    179,
    185,
    191,
    198,
    203,
    207,
    216,
    221,
    229,
    234,
    245,
    247,
    255,
    266,
    267,
    279,
    286,
    287,
    294
  ],
  "premium_bands": [
    1200.0,
    1400.0,
    1500.0,
    1800.0,
    2000.0
  ],
  "deductible_bands": [
    0.0,
    150.0,
    300.0,
    600.0
  ],
  "affordability_enabled": true,
  "disallow_premium_bands": [
    4,
    5
  ],
  "disallow_penalty_multiplier": 100.0,
  "D_affordability": 395359907.7168483,
  "use_tight_regulation": false,
  "qubo_file": "qubo_Q_S4_affordability_N300.npz",
  "regulation_encoding": "surplus T>=0 with (sum_{i in R} x_i) - (sum_l 2^l t_l) = Rmin",
  "diagnostics": {
    "cfg_hash_sha256": "2bb412a280fadf0ac921659daea095c98038ff9f27986ee55a6cb33a6e794890",
    "C_scale": 395359.9077168483,
    "scale_factor": 10.0,
    "A_base": 3953599.0771684833,
    "A_onehot": 1976799.5385842416,
    "B_reg": 3953599.0771684833,
    "onehot_multiplier": 0.5,
    "reg_multiplier": 1.0,
    "objective_magnitude_bound": 397359.9077168483,
    "A_over_obj_bound": 4.974833897920256,
    "B_over_obj_bound": 9.949667795840512,
    "premium_max_abs": 2000.0,
    "sigma_abs_sum": 34630667873.84151,
    "R_size": 45,
    "Rmin": 27,
    "affordability_enabled": true,
    "disallow_penalty_multiplier": 100.0,
    "D_is_scaled_to_A_base_not_A": true,
    "Q_condition_number": 38872996.75623921,
    "Q_eigenvalue_min": -213494183.44160712,
    "Q_eigenvalue_max": 4601042773.632704,
    "Q_eigenvalue_range": [
      -213494183.44160712,
      4601042773.632704
    ],
    "Q_eigenvalue_percentiles": {
      "p0": -213494183.44160712,
      "p25": 286.13700074360503,
      "p50": 806.1918582477562,
      "p75": 1938.0729972121874,
      "p100": 4601042773.632704
    },
    "Q_eigenvalue_count_negative": 50,
    "Q_eigenvalue_count_positive": 264,
    "Q_eigenvalue_count_near_zero": 0,
    "note": "Condition number measures numerical stability; bounded growth with N suggests stable QUBO structure.",
    "D_affordability": 395359907.7168483,
    "D_over_premium_max_abs": 197679.95385842415,
    "D_over_obj_bound": 994.9667795840511
  }
}