{
  "scenario": "S4_affordability",
  "scenario_file": "config_qubo_S4.yaml",
  "seed": 2004,
  "ordering": "v = [x_1..x_N, y_1..y_M, z_1..z_K, t_0..t_{L-1}]",
  "N": 60,
  "M": 4,
  "K": 5,
  "L_reg_slack": 3,
  "n_total": 72,
  "x_range": [
    0,
    59
  ],
  "y_range": [
    60,
    63
  ],
  "z_range": [
    64,
    68
  ],
  "t_range": [
    69,
    71
  ],
  "C_scale": 75860.02598158745,
  "scale_factor": 10.0,
  "onehot_multiplier": 0.5,
  "reg_multiplier": 1.0,
  "A_base": 758600.2598158745,
  "A_onehot": 379300.12990793725,
  "B_reg": 758600.2598158745,
  "lambda_risk": 0.0,
  "R_size": 9,
  "Rmin": 6,
  "R_indices_zero_based": [
    0,
    11,
    19,
    25,
    28,
    39,
    43,
    51,
    54
  ],
  "R_feature_ids_1based": [
    1,
    12,
    20,
    26,
    29,
    40,
    44,
    52,
    55,
    61,
    69,
    78,
    85,
    90,
    100,
    104,
    109,
    116,
    121,
    133,
    140,
    144,
    149,
    155,
    164,
    170,
    179,
    185,
    191,
    198,
    203,
    207,
    216,
    221,
    229,
    234,
    245,
    247,
    255,
    266,
    267,
    279,
    286,
    287,
    294
  ],
  "premium_bands": [
    1200.0,
    1400.0,
    1500.0,
    1800.0,
    2000.0
  ],
  "deductible_bands": [
    0.0,
    150.0,
    300.0,
    600.0
  ],
  "affordability_enabled": true,
  "disallow_premium_bands": [
    4,
    5
  ],
  "disallow_penalty_multiplier": 100.0,
  "D_affordability": 75860025.98158745,
  "use_tight_regulation": false,
  "qubo_file": "qubo_Q_S4_affordability_N60.npz",
  "regulation_encoding": "surplus T>=0 with (sum_{i in R} x_i) - (sum_l 2^l t_l) = Rmin",
  "diagnostics": {
    "cfg_hash_sha256": "fef963f28080bb5ed74cab05bbc456efdb2a4de74aba527d1ecdfd4b71711975",
    "C_scale": 75860.02598158745,
    "scale_factor": 10.0,
    "A_base": 758600.2598158745,
    "A_onehot": 379300.12990793725,
    "B_reg": 758600.2598158745,
    "onehot_multiplier": 0.5,
    "reg_multiplier": 1.0,
    "objective_magnitude_bound": 77860.02598158745,
    "A_over_obj_bound": 4.8715643891210005,
    "B_over_obj_bound": 9.743128778242001,
    "premium_max_abs": 2000.0,
    "sigma_abs_sum": 1379131157.1369958,
    "R_size": 9,
    "Rmin": 6,
    "affordability_enabled": true,
    "disallow_penalty_multiplier": 100.0,
    "D_is_scaled_to_A_base_not_A": true,
    "Q_condition_number": 495858.9169405687,
    "Q_eigenvalue_min": -9102929.58943948,
    "Q_eigenvalue_max": 75869560.52797653,
    "Q_eigenvalue_range": [
      -9102929.58943948,
      75869560.52797653
    ],
    "Q_eigenvalue_percentiles": {
      "p0": -9102929.58943948,
      "p25": 275.42015064674536,
      "p50": 768.8795601489619,
      "p75": 2416.690733384912,
      "p100": 75869560.52797653
    },
    "Q_eigenvalue_count_negative": 14,
    "Q_eigenvalue_count_positive": 58,
    "Q_eigenvalue_count_near_zero": 0,
    "note": "Condition number measures numerical stability; bounded growth with N suggests stable QUBO structure.",
    "D_affordability": 75860025.98158745,
    "D_over_premium_max_abs": 37930.01299079373,
    "D_over_obj_bound": 974.3128778242001
  }
}