{
  "scenario": "S4_affordability",
  "scenario_file": "config_qubo_S4.yaml",
  "seed": 2004,
  "ordering": "v = [x_1..x_N, y_1..y_M, z_1..z_K, t_0..t_{L-1}]",
  "N": 200,
  "M": 4,
  "K": 5,
  "L_reg_slack": 5,
  "n_total": 214,
  "x_range": [
    0,
    199
  ],
  "y_range": [
    200,
    203
  ],
  "z_range": [
    204,
    208
  ],
  "t_range": [
    209,
    213
  ],
  "C_scale": 279033.3546622668,
  "scale_factor": 10.0,
  "onehot_multiplier": 0.5,
  "reg_multiplier": 1.0,
  "A_base": 2790333.546622668,
  "A_onehot": 1395166.773311334,
  "B_reg": 2790333.546622668,
  "lambda_risk": 0.0,
  "R_size": 30,
  "Rmin": 18,
  "R_indices_zero_based": [
    0,
    11,
    19,
    25,
    28,
    39,
    43,
    51,
    54,
    60,
    68,
    77,
    84,
    89,
    99,
    103,
    108,
    115,
    120,
    132,
    139,
    143,
    148,
    154,
    163,
    169,
    178,
    184,
    190,
    197
  ],
  "R_feature_ids_1based": [
    1,
    12,
    20,
    26,
    29,
    40,
    44,
    52,
    55,
    61,
    69,
    78,
    85,
    90,
    100,
    104,
    109,
    116,
    121,
    133,
    140,
    144,
    149,
    155,
    164,
    170,
    179,
    185,
    191,
    198,
    203,
    207,
    216,
    221,
    229,
    234,
    245,
    247,
    255,
    266,
    267,
    279,
    286,
    287,
    294
  ],
  "premium_bands": [
    1200.0,
    1400.0,
    1500.0,
    1800.0,
    2000.0
  ],
  "deductible_bands": [
    0.0,
    150.0,
    300.0,
    600.0
  ],
  "affordability_enabled": true,
  "disallow_premium_bands": [
    4,
    5
  ],
  "disallow_penalty_multiplier": 100.0,
  "D_affordability": 279033354.6622668,
  "use_tight_regulation": false,
  "qubo_file": "qubo_Q_S4_affordability_N200.npz",
  "regulation_encoding": "surplus T>=0 with (sum_{i in R} x_i) - (sum_l 2^l t_l) = Rmin",
  "diagnostics": {
    "cfg_hash_sha256": "a0ad1190d0e02e8ce00291e356933fd29cef35ab898049c6690e99c934fc0339",
    "C_scale": 279033.3546622668,
    "scale_factor": 10.0,
    "A_base": 2790333.546622668,
    "A_onehot": 1395166.773311334,
    "B_reg": 2790333.546622668,
    "onehot_multiplier": 0.5,
    "reg_multiplier": 1.0,
    "objective_magnitude_bound": 281033.3546622668,
    "A_over_obj_bound": 4.964417035081058,
    "B_over_obj_bound": 9.928834070162116,
    "premium_max_abs": 2000.0,
    "sigma_abs_sum": 19482293630.023705,
    "R_size": 30,
    "Rmin": 18,
    "affordability_enabled": true,
    "disallow_penalty_multiplier": 100.0,
    "D_is_scaled_to_A_base_not_A": true,
    "Q_condition_number": 19710142.520176258,
    "Q_eigenvalue_min": -100451840.19390671,
    "Q_eigenvalue_max": 2465603706.589883,
    "Q_eigenvalue_range": [
      -100451840.19390671,
      2465603706.589883
    ],
    "Q_eigenvalue_percentiles": {
      "p0": -100451840.19390671,
      "p25": 329.2394710683092,
      "p50": 820.3936511280818,
      "p75": 2242.299946284099,
      "p100": 2465603706.589883
    },
    "Q_eigenvalue_count_negative": 35,
    "Q_eigenvalue_count_positive": 179,
    "Q_eigenvalue_count_near_zero": 0,
    "note": "Condition number measures numerical stability; bounded growth with N suggests stable QUBO structure.",
    "D_affordability": 279033354.6622668,
    "D_over_premium_max_abs": 139516.6773311334,
    "D_over_obj_bound": 992.8834070162117
  }
}