{
  "scenario": "S4_affordability",
  "scenario_file": "config_qubo_S4.yaml",
  "seed": 2004,
  "ordering": "v = [x_1..x_N, y_1..y_M, z_1..z_K, t_0..t_{L-1}]",
  "N": 100,
  "M": 4,
  "K": 5,
  "L_reg_slack": 4,
  "n_total": 113,
  "x_range": [
    0,
    99
  ],
  "y_range": [
    100,
    103
  ],
  "z_range": [
    104,
    108
  ],
  "t_range": [
    109,
    112
  ],
  "C_scale": 135640.6389355081,
  "scale_factor": 10.0,
  "onehot_multiplier": 0.5,
  "reg_multiplier": 1.0,
  "A_base": 1356406.389355081,
  "A_onehot": 678203.1946775405,
  "B_reg": 1356406.389355081,
  "lambda_risk": 0.0,
  "R_size": 15,
  "Rmin": 9,
  "R_indices_zero_based": [
    0,
    11,
    19,
    25,
    28,
    39,
    43,
    51,
    54,
    60,
    68,
    77,
    84,
    89,
    99
  ],
  "R_feature_ids_1based": [
    1,
    12,
    20,
    26,
    29,
    40,
    44,
    52,
    55,
    61,
    69,
    78,
    85,
    90,
    100,
    104,
    109,
    116,
    121,
    133,
    140,
    144,
    149,
    155,
    164,
    170,
    179,
    185,
    191,
    198,
    203,
    207,
    216,
    221,
    229,
    234,
    245,
    247,
    255,
    266,
    267,
    279,
    286,
    287,
    294
  ],
  "premium_bands": [
    1200.0,
    1400.0,
    1500.0,
    1800.0,
    2000.0
  ],
  "deductible_bands": [
    0.0,
    150.0,
    300.0,
    600.0
  ],
  "affordability_enabled": true,
  "disallow_premium_bands": [
    4,
    5
  ],
  "disallow_penalty_multiplier": 100.0,
  "D_affordability": 135640638.9355081,
  "use_tight_regulation": false,
  "qubo_file": "qubo_Q_S4_affordability_N100.npz",
  "regulation_encoding": "surplus T>=0 with (sum_{i in R} x_i) - (sum_l 2^l t_l) = Rmin",
  "diagnostics": {
    "cfg_hash_sha256": "8734488f32da3f7867c35dbd996ae564b561b9875d7f9b10a741d1c5e9e8d4ca",
    "C_scale": 135640.6389355081,
    "scale_factor": 10.0,
    "A_base": 1356406.389355081,
    "A_onehot": 678203.1946775405,
    "B_reg": 1356406.389355081,
    "onehot_multiplier": 0.5,
    "reg_multiplier": 1.0,
    "objective_magnitude_bound": 137640.6389355081,
    "A_over_obj_bound": 4.927347038800906,
    "B_over_obj_bound": 9.854694077601811,
    "premium_max_abs": 2000.0,
    "sigma_abs_sum": 4675283859.3867655,
    "R_size": 15,
    "Rmin": 9,
    "affordability_enabled": true,
    "disallow_penalty_multiplier": 100.0,
    "D_is_scaled_to_A_base_not_A": true,
    "Q_condition_number": 2305674.940527509,
    "Q_eigenvalue_min": -24415134.59164646,
    "Q_eigenvalue_max": 303030433.72089016,
    "Q_eigenvalue_range": [
      -24415134.59164646,
      303030433.72089016
    ],
    "Q_eigenvalue_percentiles": {
      "p0": -24415134.59164646,
      "p25": 275.4693946718342,
      "p50": 804.8750080402641,
      "p75": 2325.332492340507,
      "p100": 303030433.72089016
    },
    "Q_eigenvalue_count_negative": 20,
    "Q_eigenvalue_count_positive": 93,
    "Q_eigenvalue_count_near_zero": 0,
    "note": "Condition number measures numerical stability; bounded growth with N suggests stable QUBO structure.",
    "D_affordability": 135640638.9355081,
    "D_over_premium_max_abs": 67820.31946775405,
    "D_over_obj_bound": 985.4694077601813
  }
}