{
  "scenario": "S3_tight_regulation",
  "scenario_file": "config_qubo_S3.yaml",
  "seed": 2004,
  "ordering": "v = [x_1..x_N, y_1..y_M, z_1..z_K, t_0..t_{L-1}]",
  "N": 100,
  "M": 4,
  "K": 5,
  "L_reg_slack": 4,
  "n_total": 113,
  "x_range": [
    0,
    99
  ],
  "y_range": [
    100,
    103
  ],
  "z_range": [
    104,
    108
  ],
  "t_range": [
    109,
    112
  ],
  "C_scale": 135640.6389355081,
  "scale_factor": 10.0,
  "onehot_multiplier": 0.5,
  "reg_multiplier": 1.1,
  "A_base": 1356406.389355081,
  "A_onehot": 678203.1946775405,
  "B_reg": 1492047.028290589,
  "lambda_risk": 0.0,
  "R_size": 15,
  "Rmin": 13,
  "R_indices_zero_based": [
    0,
    11,
    19,
    25,
    28,
    39,
    43,
    51,
    54,
    60,
    68,
    77,
    84,
    89,
    99
  ],
  "R_feature_ids_1based": [
    1,
    12,
    20,
    26,
    29,
    40,
    44,
    52,
    55,
    61,
    69,
    78,
    85,
    90,
    100,
    104,
    109,
    116,
    121,
    133,
    140,
    144,
    149,
    155,
    164,
    170,
    179,
    185,
    191,
    198,
    203,
    207,
    216,
    221,
    229,
    234,
    245,
    247,
    255,
    266,
    267,
    279,
    286,
    287,
    294
  ],
  "premium_bands": [
    1200.0,
    1400.0,
    1500.0,
    1800.0,
    2000.0
  ],
  "deductible_bands": [
    0.0,
    150.0,
    300.0,
    600.0
  ],
  "affordability_enabled": false,
  "disallow_premium_bands": [],
  "disallow_penalty_multiplier": 100.0,
  "D_affordability": null,
  "use_tight_regulation": true,
  "qubo_file": "qubo_Q_S3_tight_regulation_N100.npz",
  "regulation_encoding": "surplus T>=0 with (sum_{i in R} x_i) - (sum_l 2^l t_l) = Rmin",
  "diagnostics": {
    "cfg_hash_sha256": "7539802bcbaaf9b8e11ee475c50c915a5a3a99b84da9d443a9b8c23495bc2a80",
    "C_scale": 135640.6389355081,
    "scale_factor": 10.0,
    "A_base": 1356406.389355081,
    "A_onehot": 678203.1946775405,
    "B_reg": 1492047.028290589,
    "onehot_multiplier": 0.5,
    "reg_multiplier": 1.1,
    "objective_magnitude_bound": 137640.6389355081,
    "A_over_obj_bound": 4.927347038800906,
    "B_over_obj_bound": 10.840163485361993,
    "premium_max_abs": 2000.0,
    "sigma_abs_sum": 4675283859.386765,
    "R_size": 15,
    "Rmin": 13,
    "affordability_enabled": false,
    "disallow_penalty_multiplier": 100.0,
    "D_is_scaled_to_A_base_not_A": true,
    "Q_condition_number": 3224610.288828791,
    "Q_eigenvalue_min": -38793042.318728894,
    "Q_eigenvalue_max": 423804343.4782151,
    "Q_eigenvalue_range": [
      -38793042.318728894,
      423804343.4782151
    ],
    "Q_eigenvalue_percentiles": {
      "p0": -38793042.318728894,
      "p25": 271.49297496969973,
      "p50": 795.0335118083873,
      "p75": 2232.0666508885306,
      "p100": 423804343.4782151
    },
    "Q_eigenvalue_count_negative": 22,
    "Q_eigenvalue_count_positive": 91,
    "Q_eigenvalue_count_near_zero": 0,
    "note": "Condition number measures numerical stability; bounded growth with N suggests stable QUBO structure."
  }
}