{
  "scenario": "S2_risk_adjusted",
  "scenario_file": "config_qubo_S2.yaml",
  "seed": 2004,
  "ordering": "v = [x_1..x_N, y_1..y_M, z_1..z_K, t_0..t_{L-1}]",
  "N": 150,
  "M": 4,
  "K": 5,
  "L_reg_slack": 4,
  "n_total": 163,
  "x_range": [
    0,
    149
  ],
  "y_range": [
    150,
    153
  ],
  "z_range": [
    154,
    158
  ],
  "t_range": [
    159,
    162
  ],
  "C_scale": 199215.78548922716,
  "scale_factor": 10.0,
  "onehot_multiplier": 0.5,
  "reg_multiplier": 1.0,
  "A_base": 1992157.8548922716,
  "A_onehot": 996078.9274461358,
  "B_reg": 1992157.8548922716,
  "lambda_risk": 0.1,
  "R_size": 23,
  "Rmin": 14,
  "R_indices_zero_based": [
    0,
    11,
    19,
    25,
    28,
    39,
    43,
    51,
    54,
    60,
    68,
    77,
    84,
    89,
    99,
    103,
    108,
    115,
    120,
    132,
    139,
    143,
    148
  ],
  "R_feature_ids_1based": [
    1,
    12,
    20,
    26,
    29,
    40,
    44,
    52,
    55,
    61,
    69,
    78,
    85,
    90,
    100,
    104,
    109,
    116,
    121,
    133,
    140,
    144,
    149,
    155,
    164,
    170,
    179,
    185,
    191,
    198,
    203,
    207,
    216,
    221,
    229,
    234,
    245,
    247,
    255,
    266,
    267,
    279,
    286,
    287,
    294
  ],
  "premium_bands": [
    1200.0,
    1400.0,
    1500.0,
    1800.0,
    2000.0
  ],
  "deductible_bands": [
    0.0,
    150.0,
    300.0,
    600.0
  ],
  "affordability_enabled": false,
  "disallow_premium_bands": [],
  "disallow_penalty_multiplier": 100.0,
  "D_affordability": null,
  "use_tight_regulation": false,
  "qubo_file": "qubo_Q_S2_risk_adjusted_N150.npz",
  "regulation_encoding": "surplus T>=0 with (sum_{i in R} x_i) - (sum_l 2^l t_l) = Rmin",
  "diagnostics": {
    "cfg_hash_sha256": "01b6fdf1f1eaf3b61f6dd4dd1140c3afdd20124146bf3b594dab1f81c7dd1d61",
    "C_scale": 199215.78548922716,
    "scale_factor": 10.0,
    "A_base": 1992157.8548922716,
    "A_onehot": 996078.9274461358,
    "B_reg": 1992157.8548922716,
    "onehot_multiplier": 0.5,
    "reg_multiplier": 1.0,
    "objective_magnitude_bound": 831097688.8848482,
    "A_over_obj_bound": 0.0011985100437262152,
    "B_over_obj_bound": 0.0023970200874524304,
    "premium_max_abs": 2000.0,
    "sigma_abs_sum": 8308964730.993589,
    "R_size": 23,
    "Rmin": 14,
    "affordability_enabled": false,
    "disallow_penalty_multiplier": 100.0,
    "D_is_scaled_to_A_base_not_A": true,
    "Q_condition_number": 1663496.0833041926,
    "Q_eigenvalue_min": -55779441.78516068,
    "Q_eigenvalue_max": 600646978.8835247,
    "Q_eigenvalue_range": [
      -55779441.78516068,
      600646978.8835247
    ],
    "Q_eigenvalue_percentiles": {
      "p0": -55779441.78516068,
      "p25": -46497.177529365865,
      "p50": 269103.8362753989,
      "p75": 1176497.6626005275,
      "p100": 600646978.8835247
    },
    "Q_eigenvalue_count_negative": 42,
    "Q_eigenvalue_count_positive": 121,
    "Q_eigenvalue_count_near_zero": 0,
    "note": "Condition number measures numerical stability; bounded growth with N suggests stable QUBO structure."
  }
}