{
  "scenario": "S1_cost_only",
  "scenario_file": "config_qubo_S1.yaml",
  "seed": 1000,
  "ordering": "v = [x_1..x_N, y_1..y_M, z_1..z_K, t_0..t_{L-1}]",
  "N": 50,
  "M": 4,
  "K": 5,
  "L_reg_slack": 3,
  "n_total": 62,
  "x_range": [
    0,
    49
  ],
  "y_range": [
    50,
    53
  ],
  "z_range": [
    54,
    58
  ],
  "t_range": [
    59,
    61
  ],
  "C_scale": 71127.06975224399,
  "scale_factor": 10.0,
  "onehot_multiplier": 0.5,
  "reg_multiplier": 1.1,
  "A_base": 711270.6975224399,
  "A_onehot": 355635.34876121994,
  "B_reg": 782397.7672746839,
  "lambda_risk": 0.0,
  "R_size": 8,
  "Rmin": 5,
  "R_indices_zero_based": [
    2,
    7,
    15,
    25,
    30,
    34,
    41,
    47
  ],
  "R_feature_ids_1based": [
    3,
    8,
    16,
    26,
    31,
    35,
    42,
    48,
    54,
    66,
    72,
    79,
    84,
    91,
    97,
    106,
    112,
    116,
    124,
    131,
    136,
    145,
    147,
    159,
    165,
    173,
    174,
    182,
    187,
    194,
    201,
    212,
    219,
    222,
    227,
    235,
    244,
    253,
    260,
    262,
    267,
    279,
    284,
    292,
    295
  ],
  "premium_bands": [
    1200.0,
    1400.0,
    1500.0,
    1800.0,
    2000.0
  ],
  "deductible_bands": [
    0.0,
    150.0,
    300.0,
    600.0
  ],
  "affordability_enabled": false,
  "disallow_premium_bands": [],
  "disallow_penalty_multiplier": 100.0,
  "D_affordability": null,
  "use_tight_regulation": false,
  "qubo_file": "qubo_Q_S1_cost_only_N50.npz",
  "regulation_encoding": "surplus T>=0 with (sum_{i in R} x_i) - (sum_l 2^l t_l) = Rmin",
  "diagnostics": {
    "cfg_hash_sha256": "5c5e93d1b7cb37fd6e37c837462cf577f09d7919037fc98ac7744e9df49dafa4",
    "C_scale": 71127.06975224399,
    "scale_factor": 10.0,
    "A_base": 711270.6975224399,
    "A_onehot": 355635.34876121994,
    "B_reg": 782397.7672746839,
    "onehot_multiplier": 0.5,
    "reg_multiplier": 1.1,
    "objective_magnitude_bound": 73127.06975224399,
    "A_over_obj_bound": 4.863251733812387,
    "B_over_obj_bound": 10.699153814387252,
    "premium_max_abs": 2000.0,
    "sigma_abs_sum": 1480234439.7453403,
    "R_size": 8,
    "Rmin": 5,
    "affordability_enabled": false,
    "disallow_penalty_multiplier": 100.0,
    "D_is_scaled_to_A_base_not_A": true,
    "Q_condition_number": 318482.2486516732,
    "Q_eigenvalue_min": -7823486.050769379,
    "Q_eigenvalue_max": 47568891.846661106,
    "Q_eigenvalue_range": [
      -7823486.050769379,
      47568891.846661106
    ],
    "Q_eigenvalue_percentiles": {
      "p0": -7823486.050769379,
      "p25": 201.9078035325738,
      "p50": 765.2711344008003,
      "p75": 2164.0687480936986,
      "p100": 47568891.846661106
    },
    "Q_eigenvalue_count_negative": 15,
    "Q_eigenvalue_count_positive": 47,
    "Q_eigenvalue_count_near_zero": 0,
    "note": "Condition number measures numerical stability; bounded growth with N suggests stable QUBO structure."
  }
}