{
  "scenario": "S3_tight_regulation",
  "scenario_file": "config_qubo_S3.yaml",
  "seed": 1000,
  "ordering": "v = [x_1..x_N, y_1..y_M, z_1..z_K, t_0..t_{L-1}]",
  "N": 20,
  "M": 4,
  "K": 5,
  "L_reg_slack": 2,
  "n_total": 31,
  "x_range": [
    0,
    19
  ],
  "y_range": [
    20,
    23
  ],
  "z_range": [
    24,
    28
  ],
  "t_range": [
    29,
    30
  ],
  "C_scale": 27135.05524908977,
  "scale_factor": 10.0,
  "onehot_multiplier": 0.5,
  "reg_multiplier": 1.0,
  "A_base": 271350.5524908977,
  "A_onehot": 135675.27624544885,
  "B_reg": 271350.5524908977,
  "lambda_risk": 0.0,
  "R_size": 3,
  "Rmin": 3,
  "R_indices_zero_based": [
    2,
    7,
    15
  ],
  "R_feature_ids_1based": [
    3,
    8,
    16,
    26,
    31,
    35,
    42,
    48,
    54,
    66,
    72,
    79,
    84,
    91,
    97,
    106,
    112,
    116,
    124,
    131,
    136,
    145,
    147,
    159,
    165,
    173,
    174,
    182,
    187,
    194,
    201,
    212,
    219,
    222,
    227,
    235,
    244,
    253,
    260,
    262,
    267,
    279,
    284,
    292,
    295
  ],
  "premium_bands": [
    1200.0,
    1400.0,
    1500.0,
    1800.0,
    2000.0
  ],
  "deductible_bands": [
    0.0,
    150.0,
    300.0,
    600.0
  ],
  "affordability_enabled": false,
  "disallow_premium_bands": [],
  "disallow_penalty_multiplier": 100.0,
  "D_affordability": null,
  "use_tight_regulation": true,
  "qubo_file": "qubo_Q_S3_tight_regulation_N20.npz",
  "regulation_encoding": "surplus T>=0 with (sum_{i in R} x_i) - (sum_l 2^l t_l) = Rmin",
  "diagnostics": {
    "cfg_hash_sha256": "cd6234a5e958916d6862fb553cb7252328ff3d6de6f7c4186df23e59c2b6226b",
    "C_scale": 27135.05524908977,
    "scale_factor": 10.0,
    "A_base": 271350.5524908977,
    "A_onehot": 135675.27624544885,
    "B_reg": 271350.5524908977,
    "onehot_multiplier": 0.5,
    "reg_multiplier": 1.0,
    "objective_magnitude_bound": 29135.05524908977,
    "A_over_obj_bound": 4.656770858524031,
    "B_over_obj_bound": 9.313541717048063,
    "premium_max_abs": 2000.0,
    "sigma_abs_sum": 278930819.54613745,
    "R_size": 3,
    "Rmin": 3,
    "affordability_enabled": false,
    "disallow_penalty_multiplier": 100.0,
    "D_is_scaled_to_A_base_not_A": true,
    "Q_condition_number": 31113.169318881384,
    "Q_eigenvalue_min": -1627123.0633134139,
    "Q_eigenvalue_max": 4647100.403739169,
    "Q_eigenvalue_range": [
      -1627123.0633134139,
      4647100.403739169
    ],
    "Q_eigenvalue_percentiles": {
      "p0": -1627123.0633134139,
      "p25": -271350.5524908978,
      "p50": 834.7240149934051,
      "p75": 2092.9766057122624,
      "p100": 4647100.403739169
    },
    "Q_eigenvalue_count_negative": 10,
    "Q_eigenvalue_count_positive": 21,
    "Q_eigenvalue_count_near_zero": 0,
    "note": "Condition number measures numerical stability; bounded growth with N suggests stable QUBO structure."
  }
}