{
  "scenario": "S3_tight_regulation",
  "scenario_file": "config_qubo_S3.yaml",
  "seed": 1000,
  "ordering": "v = [x_1..x_N, y_1..y_M, z_1..z_K, t_0..t_{L-1}]",
  "N": 30,
  "M": 4,
  "K": 5,
  "L_reg_slack": 3,
  "n_total": 42,
  "x_range": [
    0,
    29
  ],
  "y_range": [
    30,
    33
  ],
  "z_range": [
    34,
    38
  ],
  "t_range": [
    39,
    41
  ],
  "C_scale": 44320.56288141456,
  "scale_factor": 10.0,
  "onehot_multiplier": 0.5,
  "reg_multiplier": 1.0,
  "A_base": 443205.6288141456,
  "A_onehot": 221602.8144070728,
  "B_reg": 443205.6288141456,
  "lambda_risk": 0.0,
  "R_size": 4,
  "Rmin": 4,
  "R_indices_zero_based": [
    2,
    7,
    15,
    25
  ],
  "R_feature_ids_1based": [
    3,
    8,
    16,
    26,
    31,
    35,
    42,
    48,
    54,
    66,
    72,
    79,
    84,
    91,
    97,
    106,
    112,
    116,
    124,
    131,
    136,
    145,
    147,
    159,
    165,
    173,
    174,
    182,
    187,
    194,
    201,
    212,
    219,
    222,
    227,
    235,
    244,
    253,
    260,
    262,
    267,
    279,
    284,
    292,
    295
  ],
  "premium_bands": [
    1200.0,
    1400.0,
    1500.0,
    1800.0,
    2000.0
  ],
  "deductible_bands": [
    0.0,
    150.0,
    300.0,
    600.0
  ],
  "affordability_enabled": false,
  "disallow_premium_bands": [],
  "disallow_penalty_multiplier": 100.0,
  "D_affordability": null,
  "use_tight_regulation": true,
  "qubo_file": "qubo_Q_S3_tight_regulation_N30.npz",
  "regulation_encoding": "surplus T>=0 with (sum_{i in R} x_i) - (sum_l 2^l t_l) = Rmin",
  "diagnostics": {
    "cfg_hash_sha256": "716b63ee52c15f81919d97e84fc0a8db2a1af2b184800a42c92d1c2f44d42db3",
    "C_scale": 44320.56288141456,
    "scale_factor": 10.0,
    "A_base": 443205.6288141456,
    "A_onehot": 221602.8144070728,
    "B_reg": 443205.6288141456,
    "onehot_multiplier": 0.5,
    "reg_multiplier": 1.0,
    "objective_magnitude_bound": 46320.56288141456,
    "A_over_obj_bound": 4.784113158866376,
    "B_over_obj_bound": 9.568226317732751,
    "premium_max_abs": 2000.0,
    "sigma_abs_sum": 899621523.5796962,
    "R_size": 4,
    "Rmin": 4,
    "affordability_enabled": false,
    "disallow_penalty_multiplier": 100.0,
    "D_is_scaled_to_A_base_not_A": true,
    "Q_condition_number": 154335.5444755877,
    "Q_eigenvalue_min": -3544667.535053637,
    "Q_eigenvalue_max": 23051742.613729104,
    "Q_eigenvalue_range": [
      -3544667.535053637,
      23051742.613729104
    ],
    "Q_eigenvalue_percentiles": {
      "p0": -3544667.535053637,
      "p25": -332366.8813098166,
      "p50": 777.1975364962024,
      "p75": 2546.23829424196,
      "p100": 23051742.613729104
    },
    "Q_eigenvalue_count_negative": 11,
    "Q_eigenvalue_count_positive": 31,
    "Q_eigenvalue_count_near_zero": 0,
    "note": "Condition number measures numerical stability; bounded growth with N suggests stable QUBO structure."
  }
}