{
  "scenario": "S4_affordability",
  "scenario_file": "config_qubo_S4.yaml",
  "seed": 1000,
  "ordering": "v = [x_1..x_N, y_1..y_M, z_1..z_K, t_0..t_{L-1}]",
  "N": 20,
  "M": 4,
  "K": 5,
  "L_reg_slack": 2,
  "n_total": 31,
  "x_range": [
    0,
    19
  ],
  "y_range": [
    20,
    23
  ],
  "z_range": [
    24,
    28
  ],
  "t_range": [
    29,
    30
  ],
  "C_scale": 27135.05524908977,
  "scale_factor": 10.0,
  "onehot_multiplier": 0.5,
  "reg_multiplier": 1.0,
  "A_base": 271350.5524908977,
  "A_onehot": 135675.27624544885,
  "B_reg": 271350.5524908977,
  "lambda_risk": 0.0,
  "R_size": 3,
  "Rmin": 2,
  "R_indices_zero_based": [
    2,
    7,
    15
  ],
  "R_feature_ids_1based": [
    3,
    8,
    16,
    26,
    31,
    35,
    42,
    48,
    54,
    66,
    72,
    79,
    84,
    91,
    97,
    106,
    112,
    116,
    124,
    131,
    136,
    145,
    147,
    159,
    165,
    173,
    174,
    182,
    187,
    194,
    201,
    212,
    219,
    222,
    227,
    235,
    244,
    253,
    260,
    262,
    267,
    279,
    284,
    292,
    295
  ],
  "premium_bands": [
    1200.0,
    1400.0,
    1500.0,
    1800.0,
    2000.0
  ],
  "deductible_bands": [
    0.0,
    150.0,
    300.0,
    600.0
  ],
  "affordability_enabled": true,
  "disallow_premium_bands": [
    4,
    5
  ],
  "disallow_penalty_multiplier": 100.0,
  "D_affordability": 27135055.24908977,
  "use_tight_regulation": false,
  "qubo_file": "qubo_Q_S4_affordability_N20.npz",
  "regulation_encoding": "surplus T>=0 with (sum_{i in R} x_i) - (sum_l 2^l t_l) = Rmin",
  "diagnostics": {
    "cfg_hash_sha256": "059429dbae8a960aa1b15d67443a890dc9d22244fea29638a049e489de1aaa18",
    "C_scale": 27135.05524908977,
    "scale_factor": 10.0,
    "A_base": 271350.5524908977,
    "A_onehot": 135675.27624544885,
    "B_reg": 271350.5524908977,
    "onehot_multiplier": 0.5,
    "reg_multiplier": 1.0,
    "objective_magnitude_bound": 29135.05524908977,
    "A_over_obj_bound": 4.656770858524031,
    "B_over_obj_bound": 9.313541717048063,
    "premium_max_abs": 2000.0,
    "sigma_abs_sum": 278930819.54613745,
    "R_size": 3,
    "Rmin": 2,
    "affordability_enabled": true,
    "disallow_penalty_multiplier": 100.0,
    "D_is_scaled_to_A_base_not_A": true,
    "Q_condition_number": 181688.71757483608,
    "Q_eigenvalue_min": -1084421.960188995,
    "Q_eigenvalue_max": 27137245.458405882,
    "Q_eigenvalue_range": [
      -1084421.960188995,
      27137245.458405882
    ],
    "Q_eigenvalue_percentiles": {
      "p0": -1084421.960188995,
      "p25": -135600.59564386657,
      "p50": 943.5492487391872,
      "p75": 2679.309113747929,
      "p100": 27137245.458405882
    },
    "Q_eigenvalue_count_negative": 8,
    "Q_eigenvalue_count_positive": 23,
    "Q_eigenvalue_count_near_zero": 0,
    "note": "Condition number measures numerical stability; bounded growth with N suggests stable QUBO structure.",
    "D_affordability": 27135055.24908977,
    "D_over_premium_max_abs": 13567.527624544886,
    "D_over_obj_bound": 931.3541717048062
  }
}