{
  "scenario": "S4_affordability",
  "scenario_file": "config_qubo_S4.yaml",
  "seed": 1000,
  "ordering": "v = [x_1..x_N, y_1..y_M, z_1..z_K, t_0..t_{L-1}]",
  "N": 40,
  "M": 4,
  "K": 5,
  "L_reg_slack": 3,
  "n_total": 52,
  "x_range": [
    0,
    39
  ],
  "y_range": [
    40,
    43
  ],
  "z_range": [
    44,
    48
  ],
  "t_range": [
    49,
    51
  ],
  "C_scale": 60226.94448555793,
  "scale_factor": 10.0,
  "onehot_multiplier": 0.5,
  "reg_multiplier": 1.0,
  "A_base": 602269.4448555793,
  "A_onehot": 301134.72242778965,
  "B_reg": 602269.4448555793,
  "lambda_risk": 0.0,
  "R_size": 6,
  "Rmin": 4,
  "R_indices_zero_based": [
    2,
    7,
    15,
    25,
    30,
    34
  ],
  "R_feature_ids_1based": [
    3,
    8,
    16,
    26,
    31,
    35,
    42,
    48,
    54,
    66,
    72,
    79,
    84,
    91,
    97,
    106,
    112,
    116,
    124,
    131,
    136,
    145,
    147,
    159,
    165,
    173,
    174,
    182,
    187,
    194,
    201,
    212,
    219,
    222,
    227,
    235,
    244,
    253,
    260,
    262,
    267,
    279,
    284,
    292,
    295
  ],
  "premium_bands": [
    1200.0,
    1400.0,
    1500.0,
    1800.0,
    2000.0
  ],
  "deductible_bands": [
    0.0,
    150.0,
    300.0,
    600.0
  ],
  "affordability_enabled": true,
  "disallow_premium_bands": [
    4,
    5
  ],
  "disallow_penalty_multiplier": 100.0,
  "D_affordability": 60226944.48555793,
  "use_tight_regulation": false,
  "qubo_file": "qubo_Q_S4_affordability_N40.npz",
  "regulation_encoding": "surplus T>=0 with (sum_{i in R} x_i) - (sum_l 2^l t_l) = Rmin",
  "diagnostics": {
    "cfg_hash_sha256": "43a6c4495b6decd2bd72cd02a05902cda7b4f6afdf396313c88335576d37c0f5",
    "C_scale": 60226.94448555793,
    "scale_factor": 10.0,
    "A_base": 602269.4448555793,
    "A_onehot": 301134.72242778965,
    "B_reg": 602269.4448555793,
    "onehot_multiplier": 0.5,
    "reg_multiplier": 1.0,
    "objective_magnitude_bound": 62226.94448555793,
    "A_over_obj_bound": 4.8392979105326175,
    "B_over_obj_bound": 9.678595821065235,
    "premium_max_abs": 2000.0,
    "sigma_abs_sum": 1214927252.173942,
    "R_size": 6,
    "Rmin": 4,
    "affordability_enabled": true,
    "disallow_penalty_multiplier": 100.0,
    "D_is_scaled_to_A_base_not_A": true,
    "Q_condition_number": 403278.2367149333,
    "Q_eigenvalue_min": -4817191.5726975165,
    "Q_eigenvalue_max": 60234122.6463289,
    "Q_eigenvalue_range": [
      -4817191.5726975165,
      60234122.6463289
    ],
    "Q_eigenvalue_percentiles": {
      "p0": -4817191.5726975165,
      "p25": 485.9423042431896,
      "p50": 905.0083257842205,
      "p75": 2624.805003933876,
      "p100": 60234122.6463289
    },
    "Q_eigenvalue_count_negative": 11,
    "Q_eigenvalue_count_positive": 41,
    "Q_eigenvalue_count_near_zero": 0,
    "note": "Condition number measures numerical stability; bounded growth with N suggests stable QUBO structure.",
    "D_affordability": 60226944.48555793,
    "D_over_premium_max_abs": 30113.472242778964,
    "D_over_obj_bound": 967.8595821065235
  }
}