{
  "scenario": "S1_cost_only",
  "scenario_file": "config_qubo_S1.yaml",
  "seed": 1011,
  "ordering": "v = [x_1..x_N, y_1..y_M, z_1..z_K, t_0..t_{L-1}]",
  "N": 50,
  "M": 4,
  "K": 5,
  "L_reg_slack": 3,
  "n_total": 62,
  "x_range": [
    0,
    49
  ],
  "y_range": [
    50,
    53
  ],
  "z_range": [
    54,
    58
  ],
  "t_range": [
    59,
    61
  ],
  "C_scale": 69447.85760111884,
  "scale_factor": 10.0,
  "onehot_multiplier": 0.5,
  "reg_multiplier": 1.0,
  "A_base": 694478.5760111884,
  "A_onehot": 347239.2880055942,
  "B_reg": 694478.5760111884,
  "lambda_risk": 0.0,
  "R_size": 8,
  "Rmin": 5,
  "R_indices_zero_based": [
    3,
    10,
    19,
    22,
    27,
    33,
    40,
    48
  ],
  "R_feature_ids_1based": [
    4,
    11,
    20,
    23,
    28,
    34,
    41,
    49,
    58,
    64,
    69,
    76,
    81,
    87,
    94,
    103,
    108,
    117,
    124,
    129,
    136,
    145,
    152,
    160,
    161,
    171,
    177,
    181,
    190,
    194,
    203,
    212,
    215,
    226,
    233,
    236,
    243,
    249,
    257,
    264,
    272,
    279,
    286,
    293,
    299
  ],
  "premium_bands": [
    1200.0,
    1400.0,
    1500.0,
    1800.0,
    2000.0
  ],
  "deductible_bands": [
    0.0,
    150.0,
    300.0,
    600.0
  ],
  "affordability_enabled": false,
  "disallow_premium_bands": [],
  "disallow_penalty_multiplier": 100.0,
  "D_affordability": null,
  "use_tight_regulation": false,
  "qubo_file": "qubo_Q_S1_cost_only_N50.npz",
  "regulation_encoding": "surplus T>=0 with (sum_{i in R} x_i) - (sum_l 2^l t_l) = Rmin",
  "diagnostics": {
    "cfg_hash_sha256": "f06126c11c98a8125ea7dfd48d508041c4399bdd92a56b9b99db9099f61221a7",
    "C_scale": 69447.85760111884,
    "scale_factor": 10.0,
    "A_base": 694478.5760111884,
    "A_onehot": 347239.2880055942,
    "B_reg": 694478.5760111884,
    "onehot_multiplier": 0.5,
    "reg_multiplier": 1.0,
    "objective_magnitude_bound": 71447.85760111884,
    "A_over_obj_bound": 4.860037790694463,
    "B_over_obj_bound": 9.720075581388926,
    "premium_max_abs": 2000.0,
    "sigma_abs_sum": 1161112638.474069,
    "R_size": 8,
    "Rmin": 5,
    "affordability_enabled": false,
    "disallow_penalty_multiplier": 100.0,
    "D_is_scaled_to_A_base_not_A": true,
    "Q_condition_number": 276970.7598813819,
    "Q_eigenvalue_min": -6944481.716702273,
    "Q_eigenvalue_max": 42223475.02352908,
    "Q_eigenvalue_range": [
      -6944481.716702273,
      42223475.02352908
    ],
    "Q_eigenvalue_percentiles": {
      "p0": -6944481.716702273,
      "p25": 157.43177584702187,
      "p50": 778.493310545954,
      "p75": 2520.32999857603,
      "p100": 42223475.02352908
    },
    "Q_eigenvalue_count_negative": 15,
    "Q_eigenvalue_count_positive": 47,
    "Q_eigenvalue_count_near_zero": 0,
    "note": "Condition number measures numerical stability; bounded growth with N suggests stable QUBO structure."
  }
}