{
  "scenario": "S2_risk_adjusted",
  "scenario_file": "config_qubo_S2.yaml",
  "seed": 1011,
  "ordering": "v = [x_1..x_N, y_1..y_M, z_1..z_K, t_0..t_{L-1}]",
  "N": 20,
  "M": 4,
  "K": 5,
  "L_reg_slack": 2,
  "n_total": 31,
  "x_range": [
    0,
    19
  ],
  "y_range": [
    20,
    23
  ],
  "z_range": [
    24,
    28
  ],
  "t_range": [
    29,
    30
  ],
  "C_scale": 26906.39927050128,
  "scale_factor": 10.0,
  "onehot_multiplier": 0.5,
  "reg_multiplier": 1.0,
  "A_base": 269063.9927050128,
  "A_onehot": 134531.9963525064,
  "B_reg": 269063.9927050128,
  "lambda_risk": 0.1,
  "R_size": 3,
  "Rmin": 2,
  "R_indices_zero_based": [
    3,
    10,
    19
  ],
  "R_feature_ids_1based": [
    4,
    11,
    20,
    23,
    28,
    34,
    41,
    49,
    58,
    64,
    69,
    76,
    81,
    87,
    94,
    103,
    108,
    117,
    124,
    129,
    136,
    145,
    152,
    160,
    161,
    171,
    177,
    181,
    190,
    194,
    203,
    212,
    215,
    226,
    233,
    236,
    243,
    249,
    257,
    264,
    272,
    279,
    286,
    293,
    299
  ],
  "premium_bands": [
    1200.0,
    1400.0,
    1500.0,
    1800.0,
    2000.0
  ],
  "deductible_bands": [
    0.0,
    150.0,
    300.0,
    600.0
  ],
  "affordability_enabled": false,
  "disallow_premium_bands": [],
  "disallow_penalty_multiplier": 100.0,
  "D_affordability": null,
  "use_tight_regulation": false,
  "qubo_file": "qubo_Q_S2_risk_adjusted_N20.npz",
  "regulation_encoding": "surplus T>=0 with (sum_{i in R} x_i) - (sum_l 2^l t_l) = Rmin",
  "diagnostics": {
    "cfg_hash_sha256": "64f5d0cf916571a95e6df0136b846adf0135800d41abe194b2c1db70c8c81e6e",
    "C_scale": 26906.39927050128,
    "scale_factor": 10.0,
    "A_base": 269063.9927050128,
    "A_onehot": 134531.9963525064,
    "B_reg": 269063.9927050128,
    "onehot_multiplier": 0.5,
    "reg_multiplier": 1.0,
    "objective_magnitude_bound": 37932042.70256575,
    "A_over_obj_bound": 0.0035466583597251553,
    "B_over_obj_bound": 0.007093316719450311,
    "premium_max_abs": 2000.0,
    "sigma_abs_sum": 379031363.0329524,
    "R_size": 3,
    "Rmin": 2,
    "affordability_enabled": false,
    "disallow_penalty_multiplier": 100.0,
    "D_is_scaled_to_A_base_not_A": true,
    "Q_condition_number": 117.76625144401126,
    "Q_eigenvalue_min": -1415210.432187667,
    "Q_eigenvalue_max": 6919107.923794854,
    "Q_eigenvalue_range": [
      -1415210.432187667,
      6919107.923794854
    ],
    "Q_eigenvalue_percentiles": {
      "p0": -1415210.432187667,
      "p25": -269063.9927050128,
      "p50": 196985.1352415987,
      "p75": 439507.0478455821,
      "p100": 6919107.923794854
    },
    "Q_eigenvalue_count_negative": 12,
    "Q_eigenvalue_count_positive": 19,
    "Q_eigenvalue_count_near_zero": 0,
    "note": "Condition number measures numerical stability; bounded growth with N suggests stable QUBO structure."
  }
}