{
  "scenario": "S4_affordability",
  "scenario_file": "config_qubo_S4.yaml",
  "seed": 1011,
  "ordering": "v = [x_1..x_N, y_1..y_M, z_1..z_K, t_0..t_{L-1}]",
  "N": 20,
  "M": 4,
  "K": 5,
  "L_reg_slack": 2,
  "n_total": 31,
  "x_range": [
    0,
    19
  ],
  "y_range": [
    20,
    23
  ],
  "z_range": [
    24,
    28
  ],
  "t_range": [
    29,
    30
  ],
  "C_scale": 26906.39927050128,
  "scale_factor": 10.0,
  "onehot_multiplier": 0.5,
  "reg_multiplier": 1.0,
  "A_base": 269063.9927050128,
  "A_onehot": 134531.9963525064,
  "B_reg": 269063.9927050128,
  "lambda_risk": 0.0,
  "R_size": 3,
  "Rmin": 2,
  "R_indices_zero_based": [
    3,
    10,
    19
  ],
  "R_feature_ids_1based": [
    4,
    11,
    20,
    23,
    28,
    34,
    41,
    49,
    58,
    64,
    69,
    76,
    81,
    87,
    94,
    103,
    108,
    117,
    124,
    129,
    136,
    145,
    152,
    160,
    161,
    171,
    177,
    181,
    190,
    194,
    203,
    212,
    215,
    226,
    233,
    236,
    243,
    249,
    257,
    264,
    272,
    279,
    286,
    293,
    299
  ],
  "premium_bands": [
    1200.0,
    1400.0,
    1500.0,
    1800.0,
    2000.0
  ],
  "deductible_bands": [
    0.0,
    150.0,
    300.0,
    600.0
  ],
  "affordability_enabled": true,
  "disallow_premium_bands": [
    4,
    5
  ],
  "disallow_penalty_multiplier": 100.0,
  "D_affordability": 26906399.27050128,
  "use_tight_regulation": false,
  "qubo_file": "qubo_Q_S4_affordability_N20.npz",
  "regulation_encoding": "surplus T>=0 with (sum_{i in R} x_i) - (sum_l 2^l t_l) = Rmin",
  "diagnostics": {
    "cfg_hash_sha256": "84012ff15b1fff085c3ac41fd30a3e1609cc78082a3040edaa8574548d8a11ae",
    "C_scale": 26906.39927050128,
    "scale_factor": 10.0,
    "A_base": 269063.9927050128,
    "A_onehot": 134531.9963525064,
    "B_reg": 269063.9927050128,
    "onehot_multiplier": 0.5,
    "reg_multiplier": 1.0,
    "objective_magnitude_bound": 28906.39927050128,
    "A_over_obj_bound": 4.654055840493253,
    "B_over_obj_bound": 9.308111680986507,
    "premium_max_abs": 2000.0,
    "sigma_abs_sum": 379031363.0329524,
    "R_size": 3,
    "Rmin": 2,
    "affordability_enabled": true,
    "disallow_penalty_multiplier": 100.0,
    "D_is_scaled_to_A_base_not_A": true,
    "Q_condition_number": 156095.8020424219,
    "Q_eigenvalue_min": -1075767.0106704703,
    "Q_eigenvalue_max": 26908555.014596477,
    "Q_eigenvalue_range": [
      -1075767.0106704703,
      26908555.014596477
    ],
    "Q_eigenvalue_percentiles": {
      "p0": -1075767.0106704703,
      "p25": -134445.80391599456,
      "p50": 674.4246325309514,
      "p75": 3039.863331553438,
      "p100": 26908555.014596477
    },
    "Q_eigenvalue_count_negative": 8,
    "Q_eigenvalue_count_positive": 23,
    "Q_eigenvalue_count_near_zero": 0,
    "note": "Condition number measures numerical stability; bounded growth with N suggests stable QUBO structure.",
    "D_affordability": 26906399.27050128,
    "D_over_premium_max_abs": 13453.19963525064,
    "D_over_obj_bound": 930.8111680986507
  }
}