{
  "scenario": "S2_risk_adjusted",
  "scenario_file": "config_qubo_S2.yaml",
  "seed": 1011,
  "ordering": "v = [x_1..x_N, y_1..y_M, z_1..z_K, t_0..t_{L-1}]",
  "N": 30,
  "M": 4,
  "K": 5,
  "L_reg_slack": 2,
  "n_total": 41,
  "x_range": [
    0,
    29
  ],
  "y_range": [
    30,
    33
  ],
  "z_range": [
    34,
    38
  ],
  "t_range": [
    39,
    40
  ],
  "C_scale": 40397.29112161722,
  "scale_factor": 10.0,
  "onehot_multiplier": 0.5,
  "reg_multiplier": 1.0,
  "A_base": 403972.9112161722,
  "A_onehot": 201986.4556080861,
  "B_reg": 403972.9112161722,
  "lambda_risk": 0.1,
  "R_size": 5,
  "Rmin": 3,
  "R_indices_zero_based": [
    3,
    10,
    19,
    22,
    27
  ],
  "R_feature_ids_1based": [
    4,
    11,
    20,
    23,
    28,
    34,
    41,
    49,
    58,
    64,
    69,
    76,
    81,
    87,
    94,
    103,
    108,
    117,
    124,
    129,
    136,
    145,
    152,
    160,
    161,
    171,
    177,
    181,
    190,
    194,
    203,
    212,
    215,
    226,
    233,
    236,
    243,
    249,
    257,
    264,
    272,
    279,
    286,
    293,
    299
  ],
  "premium_bands": [
    1200.0,
    1400.0,
    1500.0,
    1800.0,
    2000.0
  ],
  "deductible_bands": [
    0.0,
    150.0,
    300.0,
    600.0
  ],
  "affordability_enabled": false,
  "disallow_premium_bands": [],
  "disallow_penalty_multiplier": 100.0,
  "D_affordability": null,
  "use_tight_regulation": false,
  "qubo_file": "qubo_Q_S2_risk_adjusted_N30.npz",
  "regulation_encoding": "surplus T>=0 with (sum_{i in R} x_i) - (sum_l 2^l t_l) = Rmin",
  "diagnostics": {
    "cfg_hash_sha256": "1aa2c095700e98e96fd166f84509ed19b23f19e9eb9d06ccd53d0a1035817e01",
    "C_scale": 40397.29112161722,
    "scale_factor": 10.0,
    "A_base": 403972.9112161722,
    "A_onehot": 201986.4556080861,
    "B_reg": 403972.9112161722,
    "onehot_multiplier": 0.5,
    "reg_multiplier": 1.0,
    "objective_magnitude_bound": 70083944.9458417,
    "A_over_obj_bound": 0.0028820645836100385,
    "B_over_obj_bound": 0.005764129167220077,
    "premium_max_abs": 2000.0,
    "sigma_abs_sum": 700415476.5472008,
    "R_size": 5,
    "Rmin": 3,
    "affordability_enabled": false,
    "disallow_penalty_multiplier": 100.0,
    "D_is_scaled_to_A_base_not_A": true,
    "Q_condition_number": 102.65694040018138,
    "Q_eigenvalue_min": -2616989.9972667447,
    "Q_eigenvalue_max": 8525462.099751867,
    "Q_eigenvalue_range": [
      -2616989.9972667447,
      8525462.099751867
    ],
    "Q_eigenvalue_percentiles": {
      "p0": -2616989.9972667447,
      "p25": -405239.5143133047,
      "p50": 242909.132000971,
      "p75": 884631.2914736428,
      "p100": 8525462.099751867
    },
    "Q_eigenvalue_count_negative": 14,
    "Q_eigenvalue_count_positive": 27,
    "Q_eigenvalue_count_near_zero": 0,
    "note": "Condition number measures numerical stability; bounded growth with N suggests stable QUBO structure."
  }
}