{
  "scenario": "S4_affordability",
  "scenario_file": "config_qubo_S4.yaml",
  "seed": 1011,
  "ordering": "v = [x_1..x_N, y_1..y_M, z_1..z_K, t_0..t_{L-1}]",
  "N": 30,
  "M": 4,
  "K": 5,
  "L_reg_slack": 2,
  "n_total": 41,
  "x_range": [
    0,
    29
  ],
  "y_range": [
    30,
    33
  ],
  "z_range": [
    34,
    38
  ],
  "t_range": [
    39,
    40
  ],
  "C_scale": 40397.29112161722,
  "scale_factor": 10.0,
  "onehot_multiplier": 0.5,
  "reg_multiplier": 1.0,
  "A_base": 403972.9112161722,
  "A_onehot": 201986.4556080861,
  "B_reg": 403972.9112161722,
  "lambda_risk": 0.0,
  "R_size": 5,
  "Rmin": 3,
  "R_indices_zero_based": [
    3,
    10,
    19,
    22,
    27
  ],
  "R_feature_ids_1based": [
    4,
    11,
    20,
    23,
    28,
    34,
    41,
    49,
    58,
    64,
    69,
    76,
    81,
    87,
    94,
    103,
    108,
    117,
    124,
    129,
    136,
    145,
    152,
    160,
    161,
    171,
    177,
    181,
    190,
    194,
    203,
    212,
    215,
    226,
    233,
    236,
    243,
    249,
    257,
    264,
    272,
    279,
    286,
    293,
    299
  ],
  "premium_bands": [
    1200.0,
    1400.0,
    1500.0,
    1800.0,
    2000.0
  ],
  "deductible_bands": [
    0.0,
    150.0,
    300.0,
    600.0
  ],
  "affordability_enabled": true,
  "disallow_premium_bands": [
    4,
    5
  ],
  "disallow_penalty_multiplier": 100.0,
  "D_affordability": 40397291.12161722,
  "use_tight_regulation": false,
  "qubo_file": "qubo_Q_S4_affordability_N30.npz",
  "regulation_encoding": "surplus T>=0 with (sum_{i in R} x_i) - (sum_l 2^l t_l) = Rmin",
  "diagnostics": {
    "cfg_hash_sha256": "00b1e8b192a44aa8859a19a539d48f33d7d6996adfa3754c363218936747a8b5",
    "C_scale": 40397.29112161722,
    "scale_factor": 10.0,
    "A_base": 403972.9112161722,
    "A_onehot": 201986.4556080861,
    "B_reg": 403972.9112161722,
    "onehot_multiplier": 0.5,
    "reg_multiplier": 1.0,
    "objective_magnitude_bound": 42397.29112161722,
    "A_over_obj_bound": 4.764135874357754,
    "B_over_obj_bound": 9.528271748715508,
    "premium_max_abs": 2000.0,
    "sigma_abs_sum": 700415476.5472008,
    "R_size": 5,
    "Rmin": 3,
    "affordability_enabled": true,
    "disallow_penalty_multiplier": 100.0,
    "D_is_scaled_to_A_base_not_A": true,
    "Q_condition_number": 234367.89806301944,
    "Q_eigenvalue_min": -2423515.9053855534,
    "Q_eigenvalue_max": 40401480.34822708,
    "Q_eigenvalue_range": [
      -2423515.9053855534,
      40401480.34822708
    ],
    "Q_eigenvalue_percentiles": {
      "p0": -2423515.9053855534,
      "p25": 172.38487302285523,
      "p50": 781.1499659348596,
      "p75": 2649.052315852456,
      "p100": 40401480.34822708
    },
    "Q_eigenvalue_count_negative": 10,
    "Q_eigenvalue_count_positive": 31,
    "Q_eigenvalue_count_near_zero": 0,
    "note": "Condition number measures numerical stability; bounded growth with N suggests stable QUBO structure.",
    "D_affordability": 40397291.12161722,
    "D_over_premium_max_abs": 20198.64556080861,
    "D_over_obj_bound": 952.8271748715508
  }
}