{
  "scenario": "S2_risk_adjusted",
  "scenario_file": "config_qubo_S2.yaml",
  "seed": 1011,
  "ordering": "v = [x_1..x_N, y_1..y_M, z_1..z_K, t_0..t_{L-1}]",
  "N": 40,
  "M": 4,
  "K": 5,
  "L_reg_slack": 3,
  "n_total": 52,
  "x_range": [
    0,
    39
  ],
  "y_range": [
    40,
    43
  ],
  "z_range": [
    44,
    48
  ],
  "t_range": [
    49,
    51
  ],
  "C_scale": 55984.74753177884,
  "scale_factor": 10.0,
  "onehot_multiplier": 0.5,
  "reg_multiplier": 1.0,
  "A_base": 559847.4753177884,
  "A_onehot": 279923.7376588942,
  "B_reg": 559847.4753177884,
  "lambda_risk": 0.1,
  "R_size": 6,
  "Rmin": 4,
  "R_indices_zero_based": [
    3,
    10,
    19,
    22,
    27,
    33
  ],
  "R_feature_ids_1based": [
    4,
    11,
    20,
    23,
    28,
    34,
    41,
    49,
    58,
    64,
    69,
    76,
    81,
    87,
    94,
    103,
    108,
    117,
    124,
    129,
    136,
    145,
    152,
    160,
    161,
    171,
    177,
    181,
    190,
    194,
    203,
    212,
    215,
    226,
    233,
    236,
    243,
    249,
    257,
    264,
    272,
    279,
    286,
    293,
    299
  ],
  "premium_bands": [
    1200.0,
    1400.0,
    1500.0,
    1800.0,
    2000.0
  ],
  "deductible_bands": [
    0.0,
    150.0,
    300.0,
    600.0
  ],
  "affordability_enabled": false,
  "disallow_premium_bands": [],
  "disallow_penalty_multiplier": 100.0,
  "D_affordability": null,
  "use_tight_regulation": false,
  "qubo_file": "qubo_Q_S2_risk_adjusted_N40.npz",
  "regulation_encoding": "surplus T>=0 with (sum_{i in R} x_i) - (sum_l 2^l t_l) = Rmin",
  "diagnostics": {
    "cfg_hash_sha256": "d90a078e6fd8889425662fb5fcf706959aea29441ebecc663f9e08e7b0301a67",
    "C_scale": 55984.74753177884,
    "scale_factor": 10.0,
    "A_base": 559847.4753177884,
    "A_onehot": 279923.7376588942,
    "B_reg": 559847.4753177884,
    "onehot_multiplier": 0.5,
    "reg_multiplier": 1.0,
    "objective_magnitude_bound": 90512863.14109439,
    "A_over_obj_bound": 0.0030926404042985584,
    "B_over_obj_bound": 0.006185280808597117,
    "premium_max_abs": 2000.0,
    "sigma_abs_sum": 904548783.9356261,
    "R_size": 6,
    "Rmin": 4,
    "affordability_enabled": false,
    "disallow_penalty_multiplier": 100.0,
    "D_is_scaled_to_A_base_not_A": true,
    "Q_condition_number": 377.5418975452092,
    "Q_eigenvalue_min": -4364848.418219947,
    "Q_eigenvalue_max": 29556767.281254023,
    "Q_eigenvalue_range": [
      -4364848.418219947,
      29556767.281254023
    ],
    "Q_eigenvalue_percentiles": {
      "p0": -4364848.418219947,
      "p25": -559847.4753177885,
      "p50": 267400.9530661739,
      "p75": 1292783.0787801754,
      "p100": 29556767.281254023
    },
    "Q_eigenvalue_count_negative": 15,
    "Q_eigenvalue_count_positive": 37,
    "Q_eigenvalue_count_near_zero": 0,
    "note": "Condition number measures numerical stability; bounded growth with N suggests stable QUBO structure."
  }
}