{
  "scenario": "S4_affordability",
  "scenario_file": "config_qubo_S4.yaml",
  "seed": 1011,
  "ordering": "v = [x_1..x_N, y_1..y_M, z_1..z_K, t_0..t_{L-1}]",
  "N": 50,
  "M": 4,
  "K": 5,
  "L_reg_slack": 3,
  "n_total": 62,
  "x_range": [
    0,
    49
  ],
  "y_range": [
    50,
    53
  ],
  "z_range": [
    54,
    58
  ],
  "t_range": [
    59,
    61
  ],
  "C_scale": 69447.85760111884,
  "scale_factor": 10.0,
  "onehot_multiplier": 0.5,
  "reg_multiplier": 1.0,
  "A_base": 694478.5760111884,
  "A_onehot": 347239.2880055942,
  "B_reg": 694478.5760111884,
  "lambda_risk": 0.0,
  "R_size": 8,
  "Rmin": 5,
  "R_indices_zero_based": [
    3,
    10,
    19,
    22,
    27,
    33,
    40,
    48
  ],
  "R_feature_ids_1based": [
    4,
    11,
    20,
    23,
    28,
    34,
    41,
    49,
    58,
    64,
    69,
    76,
    81,
    87,
    94,
    103,
    108,
    117,
    124,
    129,
    136,
    145,
    152,
    160,
    161,
    171,
    177,
    181,
    190,
    194,
    203,
    212,
    215,
    226,
    233,
    236,
    243,
    249,
    257,
    264,
    272,
    279,
    286,
    293,
    299
  ],
  "premium_bands": [
    1200.0,
    1400.0,
    1500.0,
    1800.0,
    2000.0
  ],
  "deductible_bands": [
    0.0,
    150.0,
    300.0,
    600.0
  ],
  "affordability_enabled": true,
  "disallow_premium_bands": [
    4,
    5
  ],
  "disallow_penalty_multiplier": 100.0,
  "D_affordability": 69447857.60111885,
  "use_tight_regulation": false,
  "qubo_file": "qubo_Q_S4_affordability_N50.npz",
  "regulation_encoding": "surplus T>=0 with (sum_{i in R} x_i) - (sum_l 2^l t_l) = Rmin",
  "diagnostics": {
    "cfg_hash_sha256": "0b1e10f4b0def0bc495300220f843f010669894e3365329bc873684d0cbb35f7",
    "C_scale": 69447.85760111884,
    "scale_factor": 10.0,
    "A_base": 694478.5760111884,
    "A_onehot": 347239.2880055942,
    "B_reg": 694478.5760111884,
    "onehot_multiplier": 0.5,
    "reg_multiplier": 1.0,
    "objective_magnitude_bound": 71447.85760111884,
    "A_over_obj_bound": 4.860037790694463,
    "B_over_obj_bound": 9.720075581388926,
    "premium_max_abs": 2000.0,
    "sigma_abs_sum": 1161112638.474069,
    "R_size": 8,
    "Rmin": 5,
    "affordability_enabled": true,
    "disallow_penalty_multiplier": 100.0,
    "D_is_scaled_to_A_base_not_A": true,
    "Q_condition_number": 455609.08893664664,
    "Q_eigenvalue_min": -6944481.716702273,
    "Q_eigenvalue_max": 69456425.63657236,
    "Q_eigenvalue_range": [
      -6944481.716702273,
      69456425.63657236
    ],
    "Q_eigenvalue_percentiles": {
      "p0": -6944481.716702273,
      "p25": 284.7724696309611,
      "p50": 803.121064710127,
      "p75": 2658.8386730668417,
      "p100": 69456425.63657236
    },
    "Q_eigenvalue_count_negative": 13,
    "Q_eigenvalue_count_positive": 49,
    "Q_eigenvalue_count_near_zero": 0,
    "note": "Condition number measures numerical stability; bounded growth with N suggests stable QUBO structure.",
    "D_affordability": 69447857.60111885,
    "D_over_premium_max_abs": 34723.92880055942,
    "D_over_obj_bound": 972.0075581388927
  }
}