{
  "scenario": "S3_tight_regulation",
  "scenario_file": "config_qubo_S3.yaml",
  "seed": 1011,
  "ordering": "v = [x_1..x_N, y_1..y_M, z_1..z_K, t_0..t_{L-1}]",
  "N": 30,
  "M": 4,
  "K": 5,
  "L_reg_slack": 3,
  "n_total": 42,
  "x_range": [
    0,
    29
  ],
  "y_range": [
    30,
    33
  ],
  "z_range": [
    34,
    38
  ],
  "t_range": [
    39,
    41
  ],
  "C_scale": 40397.29112161722,
  "scale_factor": 10.0,
  "onehot_multiplier": 0.5,
  "reg_multiplier": 1.0,
  "A_base": 403972.9112161722,
  "A_onehot": 201986.4556080861,
  "B_reg": 403972.9112161722,
  "lambda_risk": 0.0,
  "R_size": 5,
  "Rmin": 5,
  "R_indices_zero_based": [
    3,
    10,
    19,
    22,
    27
  ],
  "R_feature_ids_1based": [
    4,
    11,
    20,
    23,
    28,
    34,
    41,
    49,
    58,
    64,
    69,
    76,
    81,
    87,
    94,
    103,
    108,
    117,
    124,
    129,
    136,
    145,
    152,
    160,
    161,
    171,
    177,
    181,
    190,
    194,
    203,
    212,
    215,
    226,
    233,
    236,
    243,
    249,
    257,
    264,
    272,
    279,
    286,
    293,
    299
  ],
  "premium_bands": [
    1200.0,
    1400.0,
    1500.0,
    1800.0,
    2000.0
  ],
  "deductible_bands": [
    0.0,
    150.0,
    300.0,
    600.0
  ],
  "affordability_enabled": false,
  "disallow_premium_bands": [],
  "disallow_penalty_multiplier": 100.0,
  "D_affordability": null,
  "use_tight_regulation": true,
  "qubo_file": "qubo_Q_S3_tight_regulation_N30.npz",
  "regulation_encoding": "surplus T>=0 with (sum_{i in R} x_i) - (sum_l 2^l t_l) = Rmin",
  "diagnostics": {
    "cfg_hash_sha256": "fb7ad0c2ab033c704f3d7062b053f7c74312cf5d7523713f68e3df510fd32754",
    "C_scale": 40397.29112161722,
    "scale_factor": 10.0,
    "A_base": 403972.9112161722,
    "A_onehot": 201986.4556080861,
    "B_reg": 403972.9112161722,
    "onehot_multiplier": 0.5,
    "reg_multiplier": 1.0,
    "objective_magnitude_bound": 42397.29112161722,
    "A_over_obj_bound": 4.764135874357754,
    "B_over_obj_bound": 9.528271748715508,
    "premium_max_abs": 2000.0,
    "sigma_abs_sum": 700415476.5472008,
    "R_size": 5,
    "Rmin": 5,
    "affordability_enabled": false,
    "disallow_penalty_multiplier": 100.0,
    "D_is_scaled_to_A_base_not_A": true,
    "Q_condition_number": 140153.0957965659,
    "Q_eigenvalue_min": -4039407.550868503,
    "Q_eigenvalue_max": 24160273.623020917,
    "Q_eigenvalue_range": [
      -4039407.550868503,
      24160273.623020917
    ],
    "Q_eigenvalue_percentiles": {
      "p0": -4039407.550868503,
      "p25": -403972.9112161705,
      "p50": 719.5935170918353,
      "p75": 2497.1534362880616,
      "p100": 24160273.623020917
    },
    "Q_eigenvalue_count_negative": 12,
    "Q_eigenvalue_count_positive": 30,
    "Q_eigenvalue_count_near_zero": 0,
    "note": "Condition number measures numerical stability; bounded growth with N suggests stable QUBO structure."
  }
}